metric,source_index,architecture,seed,run_label,error,run_mean,run_sample_std,std_above_run_mean,is_ge_outlier_sigma
force_rmse,3937730,L3N4,0,L3N4 s0,17.074787475427613,0.7487737191471382,1.062059810771518,15.372028571932006,True
force_rmse,3937730,L3N4,1,L3N4 s1,1.812162146963246,0.7759377503699537,2.727832319847768,0.3798710019870726,False
force_rmse,3937730,L3N4,7,L3N4 s7,414.7748789531857,0.7593240561979255,1.803635935018513,229.5449690587021,True
force_rmse,3937730,L3N4,42,L3N4 s42,179865.61295243155,3.06855626350397,635.9190477885116,282.83874342443846,True
force_rmse,3937730,L3N4,101,L3N4 s101,201.27902566320157,0.7459622809873312,1.2523542465365345,160.12487196558098,True
force_rmse,3937730,L3N4,202,L3N4 s202,2.415634162547052,0.8431210359313008,7.652568671926223,0.20548827381119536,False
force_rmse,3937730,L3N5,0,L3N5 s0,69.34739177548875,0.9302972736635371,1.2755249187294415,53.63838330181421,True
force_rmse,3937730,L3N5,1,L3N5 s1,4.913210681702175,0.77667101360709,1.0342250207399561,3.999651512139513,True
force_rmse,3937730,L3N5,2,L3N5 s2,411.6749673806163,0.8995919849183872,2.005835693119988,204.79014148798754,True
force_rmse,3937730,L3N5,3,L3N5 s3,42601.954277033605,1.3426306001985093,150.97216563344338,282.1752703068897,True
force_rmse,3937730,L3N5,4,L3N5 s4,62.69439745341913,0.767989277423989,1.1236320753312905,55.11270952080718,True
force_rmse,3937730,L3N5,7,L3N5 s7,702.0980929625365,0.8156407186690648,2.715445565417085,258.2568625845948,True
force_rmse,3937730,L3N5,42,L3N5 s42,18.42025202992303,0.7763728265238862,1.0743564989113195,16.422741633041046,True
force_rmse,3937730,L3N5,1776,L3N5 s1776,0.9615745039957364,0.8445330250675972,11.79982220048153,0.009918918856536918,False
force_rmse,3937730,L4N3,7,L4N3 s7,1.0785057032057066,0.7753723255357129,1.0564935853803457,0.28692401152711533,False
force_rmse,3937730,L4N3,42,L4N3 s42,0.3167829758527685,0.809886800124928,2.047969306208862,-0.2407769602685004,False
force_rmse,3937730,L4N3,101,L4N3 s101,103.36672337172006,0.8257259389713092,1.1601534754277159,88.3857175835678,True
force_rmse,3937730,L4N3,202,L4N3 s202,1.2398710376476412,0.7987275902263791,1.2491149539856543,0.35316481162415775,False
force_rmse,3937730,L4N3,303,L4N3 s303,2.0032185365785824,0.8081150269731313,1.0942569696426558,1.0921598333485856,False
force_rmse,3937730,L4N3,1776,L4N3 s1776,1.070042615029598,0.7893848742178087,1.2645035356073908,0.22195093402959798,False
force_rmse,3937730,L4N4,0,L4N4 s0,9.539528598408548,0.6998088506690505,1.0027711299909015,8.81529142928128,True
force_rmse,3937730,L4N4,7,L4N4 s7,0.5552769279890759,0.7121068102430937,1.0548637193503148,-0.14867312182336556,False
force_rmse,3937730,L4N4,42,L4N4 s42,223.1200374064969,0.7284919982471453,1.294255059768757,171.8297670383334,True
force_rmse,3937730,L4N4,1776,L4N4 s1776,609.9010931971195,0.7028454213925167,2.376875554184212,256.30212179316857,True
force_rmse,4707565,L3N4,0,L3N4 s0,11.042687632848878,0.7487737191471382,1.062059810771518,9.692405088018418,True
force_rmse,4707565,L3N4,1,L3N4 s1,7.150146845594826,0.7759377503699537,2.727832319847768,2.336730541993357,True
force_rmse,4707565,L3N4,7,L3N4 s7,9.017726914431098,0.7593240561979255,1.803635935018513,4.578752672805006,True
force_rmse,4707565,L3N4,42,L3N4 s42,7.495279232153151,3.06855626350397,635.9190477885116,0.00696114227753307,False
force_rmse,4707565,L3N4,101,L3N4 s101,16.20674780371612,0.7459622809873312,1.2523542465365345,12.345377169029112,True
force_rmse,4707565,L3N4,202,L3N4 s202,2142.209005199933,0.8431210359313008,7.652568671926223,279.8231516718948,True
force_rmse,4707565,L3N5,0,L3N5 s0,10.320524046037429,0.9302972736635371,1.2755249187294415,7.361852861116627,True
force_rmse,4707565,L3N5,1,L3N5 s1,9.123443976903635,0.77667101360709,1.0342250207399561,8.070557950072303,True
force_rmse,4707565,L3N5,2,L3N5 s2,9.363080022675735,0.8995919849183872,2.005835693119988,4.219432362674118,True
force_rmse,4707565,L3N5,3,L3N5 s3,9.975778658009562,1.3426306001985093,150.97216563344338,0.057183706821641006,False
force_rmse,4707565,L3N5,4,L3N5 s4,9.698247491658387,0.767989277423989,1.1236320753312905,7.947671137459661,True
force_rmse,4707565,L3N5,7,L3N5 s7,6.52659680879023,0.8156407186690648,2.715445565417085,2.103137754942982,True
force_rmse,4707565,L3N5,42,L3N5 s42,13.44659937268288,0.7763728265238862,1.0743564989113195,11.793316798472524,True
force_rmse,4707565,L3N5,1776,L3N5 s1776,5.15297136909397,0.8445330250675972,11.79982220048153,0.36512739521198484,False
force_rmse,4707565,L4N3,7,L4N3 s7,3.6173003905476553,0.7753723255357129,1.0564935853803457,2.689962442118214,True
force_rmse,4707565,L4N3,42,L4N3 s42,10.54812784619377,0.809886800124928,2.047969306208862,4.755071776000381,True
force_rmse,4707565,L4N3,101,L4N3 s101,9.601966214898477,0.8257259389713092,1.1601534754277159,7.564723514439859,True
force_rmse,4707565,L4N3,202,L4N3 s202,6.789170487715142,0.7987275902263791,1.2491149539856543,4.795749885448543,True
force_rmse,4707565,L4N3,303,L4N3 s303,8.992119055672276,0.8081150269731313,1.0942569696426558,7.479051315863896,True
force_rmse,4707565,L4N3,1776,L4N3 s1776,3.860128968235455,0.7893848742178087,1.2645035356073908,2.428418748977754,True
force_rmse,4707565,L4N4,0,L4N4 s0,9.281673232257964,0.6998088506690505,1.0027711299909015,8.558148639228156,True
force_rmse,4707565,L4N4,7,L4N4 s7,8.482745942573713,0.7121068102430937,1.0548637193503148,7.366486295610315,True
force_rmse,4707565,L4N4,42,L4N4 s42,13.833187914366109,0.7284919982471453,1.294255059768757,10.125280807061603,True
force_rmse,4707565,L4N4,1776,L4N4 s1776,5.751905990868367,0.7028454213925167,2.376875554184212,2.1242427103882524,True
force_rmse,5550185,L3N4,0,L3N4 s0,3.7046843398436815,0.7487737191471382,1.062059810771518,2.7831865877207655,True
force_rmse,5550185,L3N4,1,L3N4 s1,3.602807812761029,0.7759377503699537,2.727832319847768,1.036306389444361,False
force_rmse,5550185,L3N4,7,L3N4 s7,1.848542637727088,0.7593240561979255,1.803635935018513,0.6039015748031115,False
force_rmse,5550185,L3N4,42,L3N4 s42,3.1081812259129435,3.06855626350397,635.9190477885116,6.231133120917594e-05,False
force_rmse,5550185,L3N4,101,L3N4 s101,2.9477609669359754,0.7459622809873312,1.2523542465365345,1.7581276959277767,False
force_rmse,5550185,L3N4,202,L3N4 s202,3.1417039236401223,0.8431210359313008,7.652568671926223,0.30036749570654253,False
force_rmse,5550185,L3N5,0,L3N5 s0,4.318784792130024,0.9302972736635371,1.2755249187294415,2.6565435678369815,True
force_rmse,5550185,L3N5,1,L3N5 s1,3.656764546874948,0.77667101360709,1.0342250207399561,2.7847842350664074,True
force_rmse,5550185,L3N5,2,L3N5 s2,3.184922543186911,0.8995919849183872,2.005835693119988,1.139340857333032,False
force_rmse,5550185,L3N5,3,L3N5 s3,3.678649715137648,1.3426306001985093,150.97216563344338,0.015473177490286084,False
force_rmse,5550185,L3N5,4,L3N5 s4,4.715152641053313,0.767989277423989,1.1236320753312905,3.5128610603836194,True
force_rmse,5550185,L3N5,7,L3N5 s7,3.062015489856522,0.8156407186690648,2.715445565417085,0.8272582591219869,False
force_rmse,5550185,L3N5,42,L3N5 s42,3.391952049230716,0.7763728265238862,1.0743564989113195,2.4345542893418353,True
force_rmse,5550185,L3N5,1776,L3N5 s1776,3185.393615054313,0.8445330250675972,11.79982220048153,269.88110735255736,True
force_rmse,5550185,L4N3,7,L4N3 s7,2.92984889149254,0.7753723255357129,1.0564935853803457,2.03927084439533,True
force_rmse,5550185,L4N3,42,L4N3 s42,4.184967789371044,0.809886800124928,2.047969306208862,1.6480134633921655,False
force_rmse,5550185,L4N3,101,L4N3 s101,1.6778960623684842,0.8257259389713092,1.1601534754277159,0.7345322334038641,False
force_rmse,5550185,L4N3,202,L4N3 s202,2.5166860683317585,0.7987275902263791,1.2491149539856543,1.3753405742391822,False
force_rmse,5550185,L4N3,303,L4N3 s303,5.1378166728131065,0.8081150269731313,1.0942569696426558,3.956750348370088,True
force_rmse,5550185,L4N3,1776,L4N3 s1776,3.635942170233296,0.7893848742178087,1.2645035356073908,2.2511264032553093,True
force_rmse,5550185,L4N4,0,L4N4 s0,4.094262303301253,0.6998088506690505,1.0027711299909015,3.3850729753887125,True
force_rmse,5550185,L4N4,7,L4N4 s7,3.404919440472697,0.7121068102430937,1.0548637193503148,2.552758788488899,True
force_rmse,5550185,L4N4,42,L4N4 s42,2.62461309482133,0.7284919982471453,1.294255059768757,1.465028923211598,False
force_rmse,5550185,L4N4,1776,L4N4 s1776,2.393432953209399,0.7028454213925167,2.376875554184212,0.7112646385044435,False
force_rmse,7140304,L3N4,0,L3N4 s0,0.4938918018076262,0.7487737191471382,1.062059810771518,-0.23998828950542503,False
force_rmse,7140304,L3N4,1,L3N4 s1,687.9956930235953,0.7759377503699537,2.727832319847768,251.92888517120326,True
force_rmse,7140304,L3N4,7,L3N4 s7,0.5576900389484541,0.7593240561979255,1.803635935018513,-0.11179308048517106,False
force_rmse,7140304,L3N4,42,L3N4 s42,1.967293457242346,3.06855626350397,635.9190477885116,-0.0017317657178085853,False
force_rmse,7140304,L3N4,101,L3N4 s101,0.2978541062479996,0.7459622809873312,1.2523542465365345,-0.3578126364633676,False
force_rmse,7140304,L3N4,202,L3N4 s202,0.5265221166661715,0.8431210359313008,7.652568671926223,-0.04137158813439807,False
force_rmse,7140304,L3N5,0,L3N5 s0,0.507968890326877,0.9302972736635371,1.2755249187294415,-0.3311016328535111,False
force_rmse,7140304,L3N5,1,L3N5 s1,0.4153257240829306,0.77667101360709,1.0342250207399561,-0.3493874952528493,False
force_rmse,7140304,L3N5,2,L3N5 s2,0.2132845258143201,0.8995919849183872,2.005835693119988,-0.34215537267489066,False
force_rmse,7140304,L3N5,3,L3N5 s3,0.2897403007800589,1.3426306001985093,150.97216563344338,-0.006974068994776438,False
force_rmse,7140304,L3N5,4,L3N5 s4,0.551630015602554,0.767989277423989,1.1236320753312905,-0.1925534759744589,False
force_rmse,7140304,L3N5,7,L3N5 s7,0.5518669778780465,0.8156407186690648,2.715445565417085,-0.09713829072854326,False
force_rmse,7140304,L3N5,42,L3N5 s42,0.4551956277642173,0.7763728265238862,1.0743564989113195,-0.29894843944736055,False
force_rmse,7140304,L3N5,1776,L3N5 s1776,0.4196918982599611,0.8445330250675972,11.79982220048153,-0.03600402782258016,False
force_rmse,7140304,L4N3,7,L4N3 s7,0.3458955595095886,0.7753723255357129,1.0564935853803457,-0.4065114752888059,False
force_rmse,7140304,L4N3,42,L4N3 s42,0.4606069717213119,0.809886800124928,2.047969306208862,-0.17054934727034177,False
force_rmse,7140304,L4N3,101,L4N3 s101,0.6514949065409326,0.8257259389713092,1.1601534754277159,-0.15017929620573914,False
force_rmse,7140304,L4N3,202,L4N3 s202,0.4988841811249112,0.7987275902263791,1.2491149539856543,-0.2400446877565053,False
force_rmse,7140304,L4N3,303,L4N3 s303,0.4166157214537788,0.8081150269731313,1.0942569696426558,-0.35777638743046053,False
force_rmse,7140304,L4N3,1776,L4N3 s1776,0.3333590935782105,0.7893848742178087,1.2645035356073908,-0.36063622425583103,False
force_rmse,7140304,L4N4,0,L4N4 s0,0.472149048068759,0.6998088506690505,1.0027711299909015,-0.22703067109875527,False
force_rmse,7140304,L4N4,7,L4N4 s7,0.7376685640318593,0.7121068102430937,1.0548637193503148,0.02423228073907872,False
force_rmse,7140304,L4N4,42,L4N4 s42,0.4023054445856437,0.7284919982471453,1.294255059768757,-0.2520264851966512,False
force_rmse,7140304,L4N4,1776,L4N4 s1776,0.4740703487190518,0.7028454213925167,2.376875554184212,-0.09625033682168724,False
force_rmse,7508701,L3N4,0,L3N4 s0,5.468399438296936,0.7487737191471382,1.062059810771518,4.443841741569426,True
force_rmse,7508701,L3N4,1,L3N4 s1,3.0890753263636586,0.7759377503699537,2.727832319847768,0.847976453377748,False
force_rmse,7508701,L3N4,7,L3N4 s7,5.545652473123289,0.7593240561979255,1.803635935018513,2.653710942433754,True
force_rmse,7508701,L3N4,42,L3N4 s42,6.011688586915839,3.06855626350397,635.9190477885116,0.004628155633404883,False
force_rmse,7508701,L3N4,101,L3N4 s101,3.886398359893486,0.7459622809873312,1.2523542465365345,2.5076260072509284,True
force_rmse,7508701,L3N4,202,L3N4 s202,4.404288206632171,0.8431210359313008,7.652568671926223,0.46535579403098537,False
force_rmse,7508701,L3N5,0,L3N5 s0,10.029261208838898,0.9302972736635371,1.2755249187294415,7.133505431033756,True
force_rmse,7508701,L3N5,1,L3N5 s1,14.754375732697737,0.77667101360709,1.0342250207399561,13.51514848199092,True
force_rmse,7508701,L3N5,2,L3N5 s2,5.681600895223708,0.8995919849183872,2.005835693119988,2.3840481684056183,True
force_rmse,7508701,L3N5,3,L3N5 s3,64.6442823210496,1.3426306001985093,150.97216563344338,0.4192935264275529,False
force_rmse,7508701,L3N5,4,L3N5 s4,4.290955428599073,0.767989277423989,1.1236320753312905,3.135337828564903,True
force_rmse,7508701,L3N5,7,L3N5 s7,5.911937903253555,0.8156407186690648,2.715445565417085,1.8767811991847874,False
force_rmse,7508701,L3N5,42,L3N5 s42,6.380882187327985,0.7763728265238862,1.0743564989113195,5.21661977796321,True
force_rmse,7508701,L3N5,1776,L3N5 s1776,9.626691092343664,0.8445330250675972,11.79982220048153,0.7442618980239958,False
force_rmse,7508701,L4N3,7,L4N3 s7,4.469918917614732,0.7753723255357129,1.0564935853803457,3.49698913765667,True
force_rmse,7508701,L4N3,42,L4N3 s42,486.9633026656726,0.809886800124928,2.047969306208862,237.38315530006648,True
force_rmse,7508701,L4N3,101,L4N3 s101,3.5597495115031976,0.8257259389713092,1.1601534754277159,2.3566050789305533,True
force_rmse,7508701,L4N3,202,L4N3 s202,6.146992620842677,0.7987275902263791,1.2491149539856543,4.281643585765383,True
force_rmse,7508701,L4N3,303,L4N3 s303,7.127115449701551,0.8081150269731313,1.0942569696426558,5.774695156652257,True
force_rmse,7508701,L4N3,1776,L4N3 s1776,171.816428340269,0.7893848742178087,1.2645035356073908,135.25232524075165,True
force_rmse,7508701,L4N4,0,L4N4 s0,3.4870783236560694,0.6998088506690505,1.0027711299909015,2.7795669317008644,True
force_rmse,7508701,L4N4,7,L4N4 s7,6.170346865896748,0.7121068102430937,1.0548637193503148,5.174355658961669,True
force_rmse,7508701,L4N4,42,L4N4 s42,3.341408247553795,0.7284919982471453,1.294255059768757,2.0188572797803057,True
force_rmse,7508701,L4N4,1776,L4N4 s1776,2.702956260973113,0.7028454213925167,2.376875554184212,0.8414874039407045,False
force_rmse,3628756,L3N4,0,L3N4 s0,0.5510934127775658,0.7487737191471382,1.062059810771518,-0.18612916557493156,False
force_rmse,3628756,L3N4,1,L3N4 s1,0.6297922700301845,0.7759377503699537,2.727832319847768,-0.05357568325457966,False
force_rmse,3628756,L3N4,7,L3N4 s7,0.8832915663395791,0.7593240561979255,1.803635935018513,0.0687320028032049,False
force_rmse,3628756,L3N4,42,L3N4 s42,0.866419212356613,3.06855626350397,635.9190477885116,-0.0034629204122844964,False
force_rmse,3628756,L3N4,101,L3N4 s101,0.6957267292223425,0.7459622809873312,1.2523542465365345,-0.040112892900645604,False
force_rmse,3628756,L3N4,202,L3N4 s202,0.6273284169523816,0.8431210359313008,7.652568671926223,-0.028198717088363245,False
force_rmse,3628756,L3N5,0,L3N5 s0,1.238049660949663,0.9302972736635371,1.2755249187294415,0.24127508821441135,False
force_rmse,3628756,L3N5,1,L3N5 s1,0.4202663291560787,0.77667101360709,1.0342250207399561,-0.3446103868150615,False
force_rmse,3628756,L3N5,2,L3N5 s2,0.5491360965085785,0.8995919849183872,2.005835693119988,-0.17471814347100892,False
force_rmse,3628756,L3N5,3,L3N5 s3,0.5629741887788193,1.3426306001985093,150.97216563344338,-0.005164239435451142,False
force_rmse,3628756,L3N5,4,L3N5 s4,0.4204559927318906,0.767989277423989,1.1236320753312905,-0.30929455675215756,False
force_rmse,3628756,L3N5,7,L3N5 s7,0.6006665837626869,0.8156407186690648,2.715445565417085,-0.07916716786527021,False
force_rmse,3628756,L3N5,42,L3N5 s42,0.9868042572854676,0.7763728265238862,1.0743564989113195,0.19586741549459466,False
force_rmse,3628756,L3N5,1776,L3N5 s1776,0.6217693045522166,0.8445330250675972,11.79982220048153,-0.018878565857228764,False
force_rmse,3628756,L4N3,7,L4N3 s7,44.28264256791189,0.7753723255357129,1.0564935853803457,41.180818174786396,True
force_rmse,3628756,L4N3,42,L4N3 s42,63.73166246551684,0.809886800124928,2.047969306208862,30.723983740689345,True
force_rmse,3628756,L4N3,101,L4N3 s101,0.8950297186965296,0.8257259389713092,1.1601534754277159,0.059736734141722106,False
force_rmse,3628756,L4N3,202,L4N3 s202,175.72073603355872,0.7987275902263791,1.2491149539856543,140.03675793424316,True
force_rmse,3628756,L4N3,303,L4N3 s303,1.4061693127210952,0.8081150269731313,1.0942569696426558,0.5465391606719823,False
force_rmse,3628756,L4N3,1776,L4N3 s1776,8.9024072875153,0.7893848742178087,1.2645035356073908,6.415974479186005,True
force_rmse,3628756,L4N4,0,L4N4 s0,0.384481997718803,0.6998088506690505,1.0027711299909015,-0.3144554560053086,False
force_rmse,3628756,L4N4,7,L4N4 s7,0.3757448553579591,0.7121068102430937,1.0548637193503148,-0.318867687564701,False
force_rmse,3628756,L4N4,42,L4N4 s42,0.7756624514614237,0.7284919982471453,1.294255059768757,0.03644602573368055,False
force_rmse,3628756,L4N4,1776,L4N4 s1776,0.2249650271727029,0.7028454213925167,2.376875554184212,-0.20105402379125872,False
force_rmse,6164907,L3N4,0,L3N4 s0,0.5727147100324239,0.7487737191471382,1.062059810771518,-0.16577127514769507,False
force_rmse,6164907,L3N4,1,L3N4 s1,0.4514232107191584,0.7759377503699537,2.727832319847768,-0.11896425498357079,False
force_rmse,6164907,L3N4,7,L3N4 s7,0.6933387327843011,0.7593240561979255,1.803635935018513,-0.03658461340921726,False
force_rmse,6164907,L3N4,42,L3N4 s42,0.6301618679413419,3.06855626350397,635.9190477885116,-0.003834441512708969,False
force_rmse,6164907,L3N4,101,L3N4 s101,0.6058674186875841,0.7459622809873312,1.2523542465365345,-0.11186520322599486,False
force_rmse,6164907,L3N4,202,L3N4 s202,0.4680376502890972,0.8431210359313008,7.652568671926223,-0.049014050278073706,False
force_rmse,6164907,L3N5,0,L3N5 s0,1.1189078429206305,0.9302972736635371,1.2755249187294415,0.14786898043902552,False
force_rmse,6164907,L3N5,1,L3N5 s1,0.6960130936009618,0.77667101360709,1.0342250207399561,-0.07798875330672236,False
force_rmse,6164907,L3N5,2,L3N5 s2,186.15398259478212,0.8995919849183872,2.005835693119988,92.35770967945476,True
force_rmse,6164907,L3N5,3,L3N5 s3,0.5478670680025611,1.3426306001985093,150.97216563344338,-0.005264305038357959,False
force_rmse,6164907,L3N5,4,L3N5 s4,0.4571377528220526,0.767989277423989,1.1236320753312905,-0.27664885279310425,False
force_rmse,6164907,L3N5,7,L3N5 s7,0.4967209193006304,0.8156407186690648,2.715445565417085,-0.11744658166971918,False
force_rmse,6164907,L3N5,42,L3N5 s42,1.0476301548220308,0.7763728265238862,1.0743564989113195,0.25248353649186145,False
force_rmse,6164907,L3N5,1776,L3N5 s1776,0.829928153373669,0.8445330250675972,11.79982220048153,-0.001237719640668163,False
force_rmse,6164907,L4N3,7,L4N3 s7,0.9233162272048654,0.7753723255357129,1.0564935853803457,0.14003293888044913,False
force_rmse,6164907,L4N3,42,L4N3 s42,0.6952904355576146,0.809886800124928,2.047969306208862,-0.05595609476171821,False
force_rmse,6164907,L4N3,101,L4N3 s101,0.8626547265591752,0.8257259389713092,1.1601534754277159,0.03183095027513613,False
force_rmse,6164907,L4N3,202,L4N3 s202,0.9079515130307584,0.7987275902263791,1.2491149539856543,0.08744104972554329,False
force_rmse,6164907,L4N3,303,L4N3 s303,0.9535801296571642,0.8081150269731313,1.0942569696426558,0.132935047908844,False
force_rmse,6164907,L4N3,1776,L4N3 s1776,0.572394546967861,0.7893848742178087,1.2645035356073908,-0.1716012024796109,False
force_rmse,6164907,L4N4,0,L4N4 s0,0.4379572284725582,0.6998088506690505,1.0027711299909015,-0.261128002557142,False
force_rmse,6164907,L4N4,7,L4N4 s7,0.4790043553856222,0.7121068102430937,1.0548637193503148,-0.220978739320979,False
force_rmse,6164907,L4N4,42,L4N4 s42,0.4311782671893383,0.7284919982471453,1.294255059768757,-0.22971803649809772,False
force_rmse,6164907,L4N4,1776,L4N4 s1776,0.5706691960736902,0.7028454213925167,2.376875554184212,-0.05560923250110665,False
force_rmse,6266598,L3N4,0,L3N4 s0,66.2939031846871,0.7487737191471382,1.062059810771518,61.71510191871929,True
force_rmse,6266598,L3N4,1,L3N4 s1,74.74633965267925,0.7759377503699537,2.727832319847768,27.11691674158233,True
force_rmse,6266598,L3N4,7,L3N4 s7,64.25418736423326,0.7593240561979255,1.803635935018513,35.20381362737908,True
force_rmse,6266598,L3N4,42,L3N4 s42,64.70408779533552,3.06855626350397,635.9190477885116,0.09692354985461885,False
force_rmse,6266598,L3N4,101,L3N4 s101,67.74308295708546,0.7459622809873312,1.2523542465365345,53.49694055127209,True
force_rmse,6266598,L3N4,202,L3N4 s202,54.844629287291504,0.8431210359313008,7.652568671926223,7.056651245674809,True
force_rmse,6266598,L3N5,0,L3N5 s0,73.93620790429011,0.9302972736635371,1.2755249187294415,57.23597364397101,True
force_rmse,6266598,L3N5,1,L3N5 s1,57.83772347096794,0.77667101360709,1.0342250207399561,55.17276348287863,True
force_rmse,6266598,L3N5,2,L3N5 s2,57.93491153789866,0.8995919849183872,2.005835693119988,28.434691709102243,True
force_rmse,6266598,L3N5,3,L3N5 s3,67.70451028577111,1.3426306001985093,150.97216563344338,0.4395636732581394,False
force_rmse,6266598,L3N5,4,L3N5 s4,57.85561841458693,0.767989277423989,1.1236320753312905,50.8063363359677,True
force_rmse,6266598,L3N5,7,L3N5 s7,68.12261778533446,0.8156407186690648,2.715445565417085,24.7867156402847,True
force_rmse,6266598,L3N5,42,L3N5 s42,61.81655370222627,0.7763728265238862,1.0743564989113195,56.81557372953614,True
force_rmse,6266598,L3N5,1776,L3N5 s1776,78.8408100906646,0.8445330250675972,11.79982220048153,6.609953585776412,True
force_rmse,6266598,L4N3,7,L4N3 s7,50.09047381752151,0.7753723255357129,1.0564935853803457,46.67808889178631,True
force_rmse,6266598,L4N3,42,L4N3 s42,56.91017728035471,0.809886800124928,2.047969306208862,27.393130507449314,True
force_rmse,6266598,L4N3,101,L4N3 s101,55.521187442945816,0.8257259389713092,1.1601534754277159,47.14502232888613,True
force_rmse,6266598,L4N3,202,L4N3 s202,63.68074636635388,0.7987275902263791,1.2491149539856543,50.34125848504547,True
force_rmse,6266598,L4N3,303,L4N3 s303,58.85059608692058,0.8081150269731313,1.0942569696426558,53.042825104328095,True
force_rmse,6266598,L4N3,1776,L4N3 s1776,61.48372383256194,0.7893848742178087,1.2645035356073908,47.99855219795036,True
force_rmse,6266598,L4N4,0,L4N4 s0,62.54296158067261,0.6998088506690505,1.0027711299909015,61.67225090591179,True
force_rmse,6266598,L4N4,7,L4N4 s7,96.1626373967728,0.7121068102430937,1.0548637193503148,90.48612520801947,True
force_rmse,6266598,L4N4,42,L4N4 s42,68.80919357223506,0.7284919982471453,1.294255059768757,52.60222941384661,True
force_rmse,6266598,L4N4,1776,L4N4 s1776,66.798281959797,0.7028454213925167,2.376875554184212,27.80769755574758,True
force_rmse,3673855,L3N4,0,L3N4 s0,0.5675772528719014,0.7487737191471382,1.062059810771518,-0.17060853300117743,False
force_rmse,3673855,L3N4,1,L3N4 s1,1.1029476598076131,0.7759377503699537,2.727832319847768,0.11987903620700147,False
force_rmse,3673855,L3N4,7,L3N4 s7,0.3100477704029313,0.7593240561979255,1.803635935018513,-0.24909477410161646,False
force_rmse,3673855,L3N4,42,L3N4 s42,0.388972486766578,3.06855626350397,635.9190477885116,-0.004213718375091894,False
force_rmse,3673855,L3N4,101,L3N4 s101,0.5615332649959957,0.7459622809873312,1.2523542465365345,-0.14726585269414444,False
force_rmse,3673855,L3N4,202,L3N4 s202,0.3325755729259579,0.8431210359313008,7.652568671926223,-0.0667155676600853,False
force_rmse,3673855,L3N5,0,L3N5 s0,0.6271435606944626,0.9302972736635371,1.2755249187294415,-0.23766976914182736,False
force_rmse,3673855,L3N5,1,L3N5 s1,0.3126504857310291,0.77667101360709,1.0342250207399561,-0.4486649603043528,False
force_rmse,3673855,L3N5,2,L3N5 s2,0.6198599042794734,0.8995919849183872,2.005835693119988,-0.13945912000588798,False
force_rmse,3673855,L3N5,3,L3N5 s3,0.7397276454972251,1.3426306001985093,150.97216563344338,-0.003993470930033006,False
force_rmse,3673855,L3N5,4,L3N5 s4,0.4654772348417179,0.767989277423989,1.1236320753312905,-0.26922695535643093,False
force_rmse,3673855,L3N5,7,L3N5 s7,0.5918016343452698,0.8156407186690648,2.715445565417085,-0.08243180683661172,False
force_rmse,3673855,L3N5,42,L3N5 s42,0.9804386206703252,0.7763728265238862,1.0743564989113195,0.18994234628191436,False
force_rmse,3673855,L3N5,1776,L3N5 s1776,951.106266021759,0.8445330250675972,11.79982220048153,80.53186877323566,True
force_rmse,3673855,L4N3,7,L4N3 s7,0.5464547397831824,0.7753723255357129,1.0564935853803457,-0.21667673984988603,False
force_rmse,3673855,L4N3,42,L4N3 s42,0.646658827836844,0.809886800124928,2.047969306208862,-0.07970235285910929,False
force_rmse,3673855,L4N3,101,L4N3 s101,0.873268206178812,0.8257259389713092,1.1601534754277159,0.04097929128728014,False
force_rmse,3673855,L4N3,202,L4N3 s202,0.6991258718702257,0.7987275902263791,1.2491149539856543,-0.07973783200524977,False
force_rmse,3673855,L4N3,303,L4N3 s303,0.4158733121729503,0.8081150269731313,1.0942569696426558,-0.35845484715374737,False
force_rmse,3673855,L4N3,1776,L4N3 s1776,0.6621012088751653,0.7893848742178087,1.2645035356073908,-0.100659003125289,False
force_rmse,3673855,L4N4,0,L4N4 s0,0.6850207669618411,0.6998088506690505,1.0027711299909015,-0.014747217251202264,False
force_rmse,3673855,L4N4,7,L4N4 s7,0.7709734091261633,0.7121068102430937,1.0548637193503148,0.05580493271616659,False
force_rmse,3673855,L4N4,42,L4N4 s42,0.6105273364448639,0.7284919982471453,1.294255059768757,-0.091144833401971,False
force_rmse,3673855,L4N4,1776,L4N4 s1776,0.5974109087843494,0.7028454213925167,2.376875554184212,-0.04435844881426885,False
force_rmse,7306805,L3N4,0,L3N4 s0,12.63609278426653,0.7487737191471382,1.062059810771518,11.192702091310677,True
force_rmse,7306805,L3N4,1,L3N4 s1,12.133625572811091,0.7759377503699537,2.727832319847768,4.163631224618299,True
force_rmse,7306805,L3N4,7,L3N4 s7,13.89964829553528,0.7593240561979255,1.803635935018513,7.285463759182909,True
force_rmse,7306805,L3N4,42,L3N4 s42,17.890793584535754,3.06855626350397,635.9190477885116,0.023308371360439627,False
force_rmse,7306805,L3N4,101,L3N4 s101,15.682735104772608,0.7459622809873312,1.2523542465365345,11.926955064905854,True
force_rmse,7306805,L3N4,202,L3N4 s202,12.972548851368368,0.8431210359313008,7.652568671926223,1.5850139130321554,False
force_rmse,7306805,L3N5,0,L3N5 s0,95.44022227315418,0.9302972736635371,1.2755249187294415,74.09492641949525,True
force_rmse,7306805,L3N5,1,L3N5 s1,9.341450394190696,0.77667101360709,1.0342250207399561,8.281350004910701,True
force_rmse,7306805,L3N5,2,L3N5 s2,15.660831299681496,0.8995919849183872,2.005835693119988,7.359146796217719,True
force_rmse,7306805,L3N5,3,L3N5 s3,22.82152097713457,1.3426306001985093,150.97216563344338,0.1422705323647954,False
force_rmse,7306805,L3N5,4,L3N5 s4,77.08779415843115,0.767989277423989,1.1236320753312905,67.92241567018733,True
force_rmse,7306805,L3N5,7,L3N5 s7,19.757636168773484,0.8156407186690648,2.715445565417085,6.975649113111563,True
force_rmse,7306805,L3N5,42,L3N5 s42,13.03972914936456,0.7763728265238862,1.0743564989113195,11.414606171478027,True
force_rmse,7306805,L3N5,1776,L3N5 s1776,33.348349807320204,0.8445330250675972,11.79982220048153,2.7546022499327303,True
force_rmse,7306805,L4N3,7,L4N3 s7,10.104516979567013,0.7753723255357129,1.0564935853803457,8.83028991668959,True
force_rmse,7306805,L4N3,42,L4N3 s42,12.943288271789124,0.809886800124928,2.047969306208862,5.9246012305356155,True
force_rmse,7306805,L4N3,101,L4N3 s101,9.115746360023104,0.8257259389713092,1.1601534754277159,7.145623916693865,True
force_rmse,7306805,L4N3,202,L4N3 s202,8.550467490421244,0.7987275902263791,1.2491149539856543,6.205785844978276,True
force_rmse,7306805,L4N3,303,L4N3 s303,20.014833130813837,0.8081150269731313,1.0942569696426558,17.552292228134416,True
force_rmse,7306805,L4N3,1776,L4N3 s1776,13.88777276334934,0.7893848742178087,1.2645035356073908,10.358522155368952,True
force_rmse,7306805,L4N4,0,L4N4 s0,19.92144733488417,0.6998088506690505,1.0027711299909015,19.168520023496814,True
force_rmse,7306805,L4N4,7,L4N4 s7,34.58586863090425,0.7121068102430937,1.0548637193503148,32.11197920573459,True
force_rmse,7306805,L4N4,42,L4N4 s42,18.6546544383178,0.7284919982471453,1.294255059768757,13.850563924605016,True
force_rmse,7306805,L4N4,1776,L4N4 s1776,5.107329215449618,0.7028454213925167,2.376875554184212,1.8530561207983827,False
force_rmse,3587886,L3N4,0,L3N4 s0,5.939818528624187,0.7487737191471382,1.062059810771518,4.887714191638689,True
force_rmse,3587886,L3N4,1,L3N4 s1,5.260483990336975,0.7759377503699537,2.727832319847768,1.6439962996762536,False
force_rmse,3587886,L3N4,7,L3N4 s7,5.31121476823604,0.7593240561979255,1.803635935018513,2.523730329198277,True
force_rmse,3587886,L3N4,42,L3N4 s42,4.098107174170096,3.06855626350397,635.9190477885116,0.001618996811381132,False
force_rmse,3587886,L3N4,101,L3N4 s101,5.361028506822646,0.7459622809873312,1.2523542465365345,3.6851124500903603,True
force_rmse,3587886,L3N4,202,L3N4 s202,7.064905053591856,0.8431210359313008,7.652568671926223,0.8130321052178777,False
force_rmse,3587886,L3N5,0,L3N5 s0,5.325886123542254,0.9302972736635371,1.2755249187294415,3.446101903095073,True
force_rmse,3587886,L3N5,1,L3N5 s1,6.178312559501793,0.77667101360709,1.0342250207399561,5.222888092602899,True
force_rmse,3587886,L3N5,2,L3N5 s2,4.283524662504723,0.8995919849183872,2.005835693119988,1.6870438038335929,False
force_rmse,3587886,L3N5,3,L3N5 s3,5.165449420448115,1.3426306001985093,150.97216563344338,0.02532134850295063,False
force_rmse,3587886,L3N5,4,L3N5 s4,5.929789740286003,0.767989277423989,1.1236320753312905,4.593852895610971,True
force_rmse,3587886,L3N5,7,L3N5 s7,6.26807392742966,0.8156407186690648,2.715445565417085,2.0079331650763974,True
force_rmse,3587886,L3N5,42,L3N5 s42,66.37575037305601,0.7763728265238862,1.0743564989113195,61.05922718669838,True
force_rmse,3587886,L3N5,1776,L3N5 s1776,3.453108691458147,0.8445330250675972,11.79982220048153,0.22106906545457086,False
force_rmse,3587886,L4N3,7,L4N3 s7,5.3100733599091,0.7753723255357129,1.0564935853803457,4.292218236934075,True
force_rmse,3587886,L4N3,42,L4N3 s42,5.302469142274581,0.809886800124928,2.047969306208862,2.193676598828614,True
force_rmse,3587886,L4N3,101,L4N3 s101,5.639995105831616,0.8257259389713092,1.1601534754277159,4.149683010763229,True
force_rmse,3587886,L4N3,202,L4N3 s202,5.520170537368893,0.7987275902263791,1.2491149539856543,3.7798306169319447,True
force_rmse,3587886,L4N3,303,L4N3 s303,5.407317346689024,0.8081150269731313,1.0942569696426558,4.203036806992259,True
force_rmse,3587886,L4N3,1776,L4N3 s1776,4.232476926486965,0.7893848742178087,1.2645035356073908,2.722880526083546,True
force_rmse,3587886,L4N4,0,L4N4 s0,8.147310849004166,0.6998088506690505,1.0027711299909015,7.4269210347157575,True
force_rmse,3587886,L4N4,7,L4N4 s7,4.78665562133341,0.7121068102430937,1.0548637193503148,3.862630533544002,True
force_rmse,3587886,L4N4,42,L4N4 s42,4.69927389363577,0.7284919982471453,1.294255059768757,3.068005695954613,True
force_rmse,3587886,L4N4,1776,L4N4 s1776,4.520934585136599,0.7028454213925167,2.376875554184212,1.6063479457402732,False
force_rmse,7043562,L3N4,0,L3N4 s0,0.9379711979737178,0.7487737191471382,1.062059810771518,0.17814201884650901,False
force_rmse,7043562,L3N4,1,L3N4 s1,158.06818168443937,0.7759377503699537,2.727832319847768,57.66199146098811,True
force_rmse,7043562,L3N4,7,L3N4 s7,2.469133200543947,0.7593240561979255,1.803635935018513,0.9479790855511379,False
force_rmse,7043562,L3N4,42,L3N4 s42,3.600768314985685,3.06855626350397,635.9190477885116,0.0008369179274194561,False
force_rmse,7043562,L3N4,101,L3N4 s101,5.135665155131635,0.7459622809873312,1.2523542465365345,3.5051606893850575,True
force_rmse,7043562,L3N4,202,L3N4 s202,1.5229466944183616,0.8431210359313008,7.652568671926223,0.08883627022924086,False
force_rmse,7043562,L3N5,0,L3N5 s0,0.7099898235677696,0.9302972736635371,1.2755249187294415,-0.1727190483391082,False
force_rmse,7043562,L3N5,1,L3N5 s1,0.9151632467336308,0.77667101360709,1.0342250207399561,0.13390918837706506,False
force_rmse,7043562,L3N5,2,L3N5 s2,3.697588371580344,0.8995919849183872,2.005835693119988,1.3949280074430215,False
force_rmse,7043562,L3N5,3,L3N5 s3,0.9381062173707778,1.3426306001985093,150.97216563344338,-0.002679463337698331,False
force_rmse,7043562,L3N5,4,L3N5 s4,1.1094656793355866,0.767989277423989,1.1236320753312905,0.30390410652073724,False
force_rmse,7043562,L3N5,7,L3N5 s7,0.788726254531513,0.8156407186690648,2.715445565417085,-0.00991161983886716,False
force_rmse,7043562,L3N5,42,L3N5 s42,2.334887673716227,0.7763728265238862,1.0743564989113195,1.4506496202811963,False
force_rmse,7043562,L3N5,1776,L3N5 s1776,1.2584593080711934,0.8445330250675972,11.79982220048153,0.03507902712184126,False
force_rmse,7043562,L4N3,7,L4N3 s7,1.4687516251517465,0.7753723255357129,1.0564935853803457,0.6563024226658336,False
force_rmse,7043562,L4N3,42,L4N3 s42,1.44473083634467,0.809886800124928,2.047969306208862,0.3099870853997055,False
force_rmse,7043562,L4N3,101,L4N3 s101,1.148934846670041,0.8257259389713092,1.1601534754277159,0.2785915092652495,False
force_rmse,7043562,L4N3,202,L4N3 s202,0.8188590248750738,0.7987275902263791,1.2491149539856543,0.016116558835885905,False
force_rmse,7043562,L4N3,303,L4N3 s303,1.5636360506357,0.8081150269731313,1.0942569696426558,0.6904420484607873,False
force_rmse,7043562,L4N3,1776,L4N3 s1776,1.3919501550214866,0.7893848742178087,1.2645035356073908,0.476523207595653,False
force_rmse,7043562,L4N4,0,L4N4 s0,0.8853338544883501,0.6998088506690505,1.0027711299909015,0.18501231065655324,False
force_rmse,7043562,L4N4,7,L4N4 s7,0.6731265745204608,0.7121068102430937,1.0548637193503148,-0.03695286415447174,False
force_rmse,7043562,L4N4,42,L4N4 s42,4.144994028024434,0.7284919982471453,1.294255059768757,2.6397440009913584,True
force_rmse,7043562,L4N4,1776,L4N4 s1776,45.16084759893386,0.7028454213925167,2.376875554184212,18.704387825133807,True
force_rmse,3888505,L3N4,0,L3N4 s0,3.823072124603246,0.7487737191471382,1.062059810771518,2.8946565666794495,True
force_rmse,3888505,L3N4,1,L3N4 s1,3.5691342542026527,0.7759377503699537,2.727832319847768,1.023961950853555,False
force_rmse,3888505,L3N4,7,L3N4 s7,0.6429813264615575,0.7593240561979255,1.803635935018513,-0.0645045529851754,False
force_rmse,3888505,L3N4,42,L3N4 s42,3.099045893696068,3.06855626350397,635.9190477885116,4.794577281201088e-05,False
force_rmse,3888505,L3N4,101,L3N4 s101,4.933501381153809,0.7459622809873312,1.2523542465365345,3.343733701344794,True
force_rmse,3888505,L3N4,202,L3N4 s202,2.8335893148783318,0.8431210359313008,7.652568671926223,0.2601045954999593,False
force_rmse,3888505,L3N5,0,L3N5 s0,2.2629151554534013,0.9302972736635371,1.2755249187294415,1.0447603666710747,False
force_rmse,3888505,L3N5,1,L3N5 s1,5.9952328613190256,0.77667101360709,1.0342250207399561,5.045866946806426,True
force_rmse,3888505,L3N5,2,L3N5 s2,110.99087955424451,0.8995919849183872,2.005835693119988,54.88549632800882,True
force_rmse,3888505,L3N5,3,L3N5 s3,4.786414328268066,1.3426306001985093,150.97216563344338,0.02281071953641426,False
force_rmse,3888505,L3N5,4,L3N5 s4,4.005101699987967,0.767989277423989,1.1236320753312905,2.8809362901193,True
force_rmse,3888505,L3N5,7,L3N5 s7,2.921084482739324,0.8156407186690648,2.715445565417085,0.7753584866087598,False
force_rmse,3888505,L3N5,42,L3N5 s42,3.494152736622894,0.7763728265238862,1.0743564989113195,2.5296816399891684,True
force_rmse,3888505,L3N5,1776,L3N5 s1776,4.4419972016363,0.8445330250675972,11.79982220048153,0.304874439245525,False
force_rmse,3888505,L4N3,7,L4N3 s7,4.94157066695965,0.7753723255357129,1.0564935853803457,3.943420385201936,True
force_rmse,3888505,L4N3,42,L4N3 s42,4.589653644578013,0.809886800124928,2.047969306208862,1.8456169401533045,False
force_rmse,3888505,L4N3,101,L4N3 s101,4.131184693393516,0.8257259389713092,1.1601534754277159,2.84915644734295,True
force_rmse,3888505,L4N3,202,L4N3 s202,6.665985897764803,0.7987275902263791,1.2491149539856543,4.697132388670297,True
force_rmse,3888505,L4N3,303,L4N3 s303,4.337992159109119,0.8081150269731313,1.0942569696426558,3.2258210183378733,True
force_rmse,3888505,L4N3,1776,L4N3 s1776,5.41230212692789,0.7893848742178087,1.2645035356073908,3.655914849213539,True
force_rmse,3888505,L4N4,0,L4N4 s0,4.988607505117759,0.6998088506690505,1.0027711299909015,4.27694667923639,True
force_rmse,3888505,L4N4,7,L4N4 s7,3.644462310199355,0.7121068102430937,1.0548637193503148,2.779842975130744,True
force_rmse,3888505,L4N4,42,L4N4 s42,3.7099281498741385,0.7284919982471453,1.294255059768757,2.3035924249426407,True
force_rmse,3888505,L4N4,1776,L4N4 s1776,4.694093327279806,0.7028454213925167,2.376875554184212,1.6791993585281164,False
force_rmse,3378783,L3N4,0,L3N4 s0,0.6315854367605886,0.7487737191471382,1.062059810771518,-0.11034056763848338,False
force_rmse,3378783,L3N4,1,L3N4 s1,2.3390227677623354,0.7759377503699537,2.727832319847768,0.5730135998533857,False
force_rmse,3378783,L3N4,7,L3N4 s7,0.8910098037010238,0.7593240561979255,1.803635935018513,0.07301126848625723,False
force_rmse,3378783,L3N4,42,L3N4 s42,0.5404463816910562,3.06855626350397,635.9190477885116,-0.003975521555148778,False
force_rmse,3378783,L3N4,101,L3N4 s101,0.934159073132777,0.7459622809873312,1.2523542465365345,0.15027440731399766,False
force_rmse,3378783,L3N4,202,L3N4 s202,0.587595349933745,0.8431210359313008,7.652568671926223,-0.03339083867812423,False
force_rmse,3378783,L3N5,0,L3N5 s0,0.6042003943811175,0.9302972736635371,1.2755249187294415,-0.25565700402564207,False
force_rmse,3378783,L3N5,1,L3N5 s1,0.9834231260658072,0.77667101360709,1.0342250207399561,0.19991018232259783,False
force_rmse,3378783,L3N5,2,L3N5 s2,3.31498443870518,0.8995919849183872,2.005835693119988,1.2041826068164923,False
force_rmse,3378783,L3N5,3,L3N5 s3,0.4978773093282,1.3426306001985093,150.97216563344338,-0.005595424079173302,False
force_rmse,3378783,L3N5,4,L3N5 s4,0.6604862858910531,0.767989277423989,1.1236320753312905,-0.0956745485404908,False
force_rmse,3378783,L3N5,7,L3N5 s7,0.4641561770188713,0.8156407186690648,2.715445565417085,-0.12943899377935292,False
force_rmse,3378783,L3N5,42,L3N5 s42,5.697000430783462,0.7763728265238862,1.0743564989113195,4.58006965960164,True
force_rmse,3378783,L3N5,1776,L3N5 s1776,0.7581056279244132,0.8445330250675972,11.79982220048153,-0.007324466053366218,False
force_rmse,3378783,L4N3,7,L4N3 s7,21.67874165474841,0.7753723255357129,1.0564935853803457,19.785609319802283,True
force_rmse,3378783,L4N3,42,L4N3 s42,4.8600272296413625,0.809886800124928,2.047969306208862,1.977637270850475,False
force_rmse,3378783,L4N3,101,L4N3 s101,11.194170396850923,0.8257259389713092,1.1601534754277159,8.937131748070712,True
force_rmse,3378783,L4N3,202,L4N3 s202,2.937675398564501,0.7987275902263791,1.2491149539856543,1.712370668138432,False
force_rmse,3378783,L4N3,303,L4N3 s303,5.510660342617224,0.8081150269731313,1.0942569696426558,4.29747805689533,True
force_rmse,3378783,L4N3,1776,L4N3 s1776,65.99622031142893,0.7893848742178087,1.2645035356073908,51.56714362675919,True
force_rmse,3378783,L4N4,0,L4N4 s0,0.3547899741557682,0.6998088506690505,1.0027711299909015,-0.34406542649110056,False
force_rmse,3378783,L4N4,7,L4N4 s7,0.6363404820268518,0.7121068102430937,1.0548637193503148,-0.07182570300446589,False
force_rmse,3378783,L4N4,42,L4N4 s42,3.875405241765319,0.7284919982471453,1.294255059768757,2.4314475108796785,True
force_rmse,3378783,L4N4,1776,L4N4 s1776,0.4910209135809704,0.7028454213925167,2.376875554184212,-0.0891188886345581,False
force_rmse,6901110,L3N4,0,L3N4 s0,47.51552125481532,0.7487737191471382,1.062059810771518,44.03400548759599,True
force_rmse,6901110,L3N4,1,L3N4 s1,0.8675495959423671,0.7759377503699537,2.727832319847768,0.0335841191211951,False
force_rmse,6901110,L3N4,7,L3N4 s7,1.2473260845960252,0.7593240561979255,1.803635935018513,0.2705657050424041,False
force_rmse,6901110,L3N4,42,L3N4 s42,1.2670510861290962,3.06855626350397,635.9190477885116,-0.0028329158933669846,False
force_rmse,6901110,L3N4,101,L3N4 s101,1.1321411996149502,0.7459622809873312,1.2523542465365345,0.3083623660762292,False
force_rmse,6901110,L3N4,202,L3N4 s202,1.2077734944062284,0.8431210359313008,7.652568671926223,0.047650988067924276,False
force_rmse,6901110,L3N5,0,L3N5 s0,2.040630683243506,0.9302972736635371,1.2755249187294415,0.8704913508753549,False
force_rmse,6901110,L3N5,1,L3N5 s1,1.0005859951251657,0.77667101360709,1.0342250207399561,0.21650509031184662,False
force_rmse,6901110,L3N5,2,L3N5 s2,1.817085083435903,0.8995919849183872,2.005835693119988,0.4574118915445144,False
force_rmse,6901110,L3N5,3,L3N5 s3,2.1589468196039165,1.3426306001985093,150.97216563344338,0.00540706438157218,False
force_rmse,6901110,L3N5,4,L3N5 s4,2.1824702090533554,0.767989277423989,1.1236320753312905,1.2588470573985013,False
force_rmse,6901110,L3N5,7,L3N5 s7,1.4432787919197916,0.8156407186690648,2.715445565417085,0.2311363119349893,False
force_rmse,6901110,L3N5,42,L3N5 s42,1.2814081818791108,0.7763728265238862,1.0743564989113195,0.4700817241455638,False
force_rmse,6901110,L3N5,1776,L3N5 s1776,1.6044756893186978,0.8445330250675972,11.79982220048153,0.06440289110628197,False
force_rmse,6901110,L4N3,7,L4N3 s7,0.817135824779398,0.7753723255357129,1.0564935853803457,0.039530291353969634,False
force_rmse,6901110,L4N3,42,L4N3 s42,0.9333949347210098,0.809886800124928,2.047969306208862,0.06030761018812155,False
force_rmse,6901110,L4N3,101,L4N3 s101,0.7254805915383384,0.8257259389713092,1.1601534754277159,-0.08640697076394407,False
force_rmse,6901110,L4N3,202,L4N3 s202,1.4266767693443785,0.7987275902263791,1.2491149539856543,0.5027152842213202,False
force_rmse,6901110,L4N3,303,L4N3 s303,1.2510377140654618,0.8081150269731313,1.0942569696426558,0.4047702682094616,False
force_rmse,6901110,L4N3,1776,L4N3 s1776,1.7773348496243278,0.7893848742178087,1.2645035356073908,0.7812947513286057,False
force_rmse,6901110,L4N4,0,L4N4 s0,48.16723005600167,0.6998088506690505,1.0027711299909015,47.33624631351653,True
force_rmse,6901110,L4N4,7,L4N4 s7,6.031221737760627,0.7121068102430937,1.0548637193503148,5.042466462675908,True
force_rmse,6901110,L4N4,42,L4N4 s42,0.967223541666488,0.7284919982471453,1.294255059768757,0.18445478858085101,False
force_rmse,6901110,L4N4,1776,L4N4 s1776,0.852004081484442,0.7028454213925167,2.376875554184212,0.06275408900956082,False
force_rmse,6116553,L3N4,0,L3N4 s0,24.7274230459135,0.7487737191471382,1.062059810771518,22.577494302648944,True
force_rmse,6116553,L3N4,1,L3N4 s1,26.38408509048584,0.7759377503699537,2.727832319847768,9.387727813689441,True
force_rmse,6116553,L3N4,7,L3N4 s7,30.887286953021395,0.7593240561979255,1.803635935018513,16.704015656304957,True
force_rmse,6116553,L3N4,42,L3N4 s42,49.64680530614429,3.06855626350397,635.9190477885116,0.0732455635738889,False
force_rmse,6116553,L3N4,101,L3N4 s101,24.905186795184967,0.7459622809873312,1.2523542465365345,19.291046907064445,True
force_rmse,6116553,L3N4,202,L3N4 s202,31.227618709894514,0.8431210359313008,7.652568671926223,3.9704965713578044,True
force_rmse,6116553,L3N5,0,L3N5 s0,44.43647862824595,0.9302972736635371,1.2755249187294415,34.10845269719952,True
force_rmse,6116553,L3N5,1,L3N5 s1,21.679156127721477,0.77667101360709,1.0342250207399561,20.210771055567097,True
force_rmse,6116553,L3N5,2,L3N5 s2,47.44255179568689,0.8995919849183872,2.005835693119988,23.203774850757096,True
force_rmse,6116553,L3N5,3,L3N5 s3,31.238080224477,1.3426306001985093,150.97216563344338,0.19801961175322802,False
force_rmse,6116553,L3N5,4,L3N5 s4,41.96895632428322,0.767989277423989,1.1236320753312905,36.66766724749432,True
force_rmse,6116553,L3N5,7,L3N5 s7,54.77448245982741,0.8156407186690648,2.715445565417085,19.87108208993702,True
force_rmse,6116553,L3N5,42,L3N5 s42,25.840756794196185,0.7763728265238862,1.0743564989113195,23.329671289810094,True
force_rmse,6116553,L3N5,1776,L3N5 s1776,20.40440381875117,0.8445330250675972,11.79982220048153,1.6576411458882294,False
force_rmse,6116553,L4N3,7,L4N3 s7,32.724854353675816,0.7753723255357129,1.0564935853803457,30.241056330349654,True
force_rmse,6116553,L4N3,42,L4N3 s42,47.95350946826778,0.809886800124928,2.047969306208862,23.019692006719417,True
force_rmse,6116553,L4N3,101,L4N3 s101,44.04120321410754,0.8257259389713092,1.1601534754277159,37.24979340272536,True
force_rmse,6116553,L4N3,202,L4N3 s202,37.77828160661608,0.7987275902263791,1.2491149539856543,29.604604362789818,True
force_rmse,6116553,L4N3,303,L4N3 s303,32.710822569551205,0.8081150269731313,1.0942569696426558,29.154676120542625,True
force_rmse,6116553,L4N3,1776,L4N3 s1776,39.84783036621181,0.7893848742178087,1.2645035356073908,30.88836400384811,True
force_rmse,6116553,L4N4,0,L4N4 s0,31.82264987754257,0.6998088506690505,1.0027711299909015,31.036833925559772,True
force_rmse,6116553,L4N4,7,L4N4 s7,47.91754952717322,0.7121068102430937,1.0548637193503148,44.75027612666755,True
force_rmse,6116553,L4N4,42,L4N4 s42,29.281295659739083,0.7284919982471453,1.294255059768757,22.06118758893895,True
force_rmse,6116553,L4N4,1776,L4N4 s1776,52.94349698682797,0.7028454213925167,2.376875554184212,21.978707077647325,True
force_rmse,5959761,L3N4,0,L3N4 s0,1.9151747836259072,0.7487737191471382,1.062059810771518,1.0982442350694486,False
force_rmse,5959761,L3N4,1,L3N4 s1,115.41203774654632,0.7759377503699537,2.727832319847768,42.02461388923417,True
force_rmse,5959761,L3N4,7,L3N4 s7,2.098416722811511,0.7593240561979255,1.803635935018513,0.7424406669962698,False
force_rmse,5959761,L3N4,42,L3N4 s42,2.3947571742380616,3.06855626350397,635.9190477885116,-0.0010595673955814489,False
force_rmse,5959761,L3N4,101,L3N4 s101,0.854620329273605,0.7459622809873312,1.2523542465365345,0.08676302937988556,False
force_rmse,5959761,L3N4,202,L3N4 s202,2.3257838664762818,0.8431210359313008,7.652568671926223,0.1937470794589787,False
force_rmse,5959761,L3N5,0,L3N5 s0,2.7433099761839914,0.9302972736635371,1.2755249187294415,1.4213855612686954,False
force_rmse,5959761,L3N5,1,L3N5 s1,1.7907959042974289,0.77667101360709,1.0342250207399561,0.980565032128853,False
force_rmse,5959761,L3N5,2,L3N5 s2,1.9087852742257283,0.8995919849183872,2.005835693119988,0.5031285926204583,False
force_rmse,5959761,L3N5,3,L3N5 s3,1.6571756156035835,1.3426306001985093,150.97216563344338,0.0020834636244722194,False
force_rmse,5959761,L3N5,4,L3N5 s4,1.6937202636709523,0.767989277423989,1.1236320753312905,0.82387376310348,False
force_rmse,5959761,L3N5,7,L3N5 s7,1.910202012537368,0.8156407186690648,2.715445565417085,0.4030871794331777,False
force_rmse,5959761,L3N5,42,L3N5 s42,2.218181531745113,0.7763728265238862,1.0743564989113195,1.3420207414226644,False
force_rmse,5959761,L3N5,1776,L3N5 s1776,2.5024684131164654,0.8445330250675972,11.79982220048153,0.14050511608397037,False
force_rmse,5959761,L4N3,7,L4N3 s7,2.692611404691956,0.7753723255357129,1.0564935853803457,1.814719091234257,False
force_rmse,5959761,L4N3,42,L4N3 s42,1.1974016770099538,0.809886800124928,2.047969306208862,0.18921908434378906,False
force_rmse,5959761,L4N3,101,L4N3 s101,2.5580589878968696,0.8257259389713092,1.1601534754277159,1.4931930004234122,False
force_rmse,5959761,L4N3,202,L4N3 s202,2.3201725445001,0.7987275902263791,1.2491149539856543,1.2180183652586343,False
force_rmse,5959761,L4N3,303,L4N3 s303,3.9867277880972174,0.8081150269731313,1.0942569696426558,2.9048138136713026,True
force_rmse,5959761,L4N3,1776,L4N3 s1776,2.022903128425526,0.7893848742178087,1.2645035356073908,0.9754960895504416,False
force_rmse,5959761,L4N4,0,L4N4 s0,1.409510237418247,0.6998088506690505,1.0027711299909015,0.7077401468026269,False
force_rmse,5959761,L4N4,7,L4N4 s7,2.2603224870381933,0.7121068102430937,1.0548637193503148,1.4676926017975456,False
force_rmse,5959761,L4N4,42,L4N4 s42,1.7198115446808269,0.7284919982471453,1.294255059768757,0.7659383202340344,False
force_rmse,5959761,L4N4,1776,L4N4 s1776,2.880371467598187,0.7028454213925167,2.376875554184212,0.9161295981072252,False
force_rmse,4157092,L3N4,0,L3N4 s0,19.25505455285409,0.7487737191471382,1.062059810771518,17.424895138686523,True
force_rmse,4157092,L3N4,1,L3N4 s1,22.261357726947896,0.7759377503699537,2.727832319847768,7.876371219832521,True
force_rmse,4157092,L3N4,7,L3N4 s7,24.301308882123315,0.7593240561979255,1.803635935018513,13.052514850056893,True
force_rmse,4157092,L3N4,42,L3N4 s42,19.726356010754905,3.06855626350397,635.9190477885116,0.02619484320399039,False
force_rmse,4157092,L3N4,101,L3N4 s101,18.668222909736404,0.7459622809873312,1.2523542465365345,14.31085547744516,True
force_rmse,4157092,L3N4,202,L3N4 s202,21.027652325547177,0.8431210359313008,7.652568671926223,2.6376151792879297,True
force_rmse,4157092,L3N5,0,L3N5 s0,21.736899222378323,0.9302972736635371,1.2755249187294415,16.31218774576382,True
force_rmse,4157092,L3N5,1,L3N5 s1,23.143915976672368,0.77667101360709,1.0342250207399561,21.627058439431494,True
force_rmse,4157092,L3N5,2,L3N5 s2,25.17909538117176,0.8995919849183872,2.005835693119988,12.104432820460826,True
force_rmse,4157092,L3N5,3,L3N5 s3,15.336529320316542,1.3426306001985093,150.97216563344338,0.09269191219058794,False
force_rmse,4157092,L3N5,4,L3N5 s4,45.78800619940981,0.767989277423989,1.1236320753312905,40.06651101403648,True
force_rmse,4157092,L3N5,7,L3N5 s7,19.061582643959134,0.8156407186690648,2.715445565417085,6.719317874629367,True
force_rmse,4157092,L3N5,42,L3N5 s42,22.54773999371109,0.7763728265238862,1.0743564989113195,20.264565057547323,True
force_rmse,4157092,L3N5,1776,L3N5 s1776,21.47137868529537,0.8445330250675972,11.79982220048153,1.7480641072190075,False
force_rmse,4157092,L4N3,7,L4N3 s7,14.161810639499611,0.7753723255357129,1.0564935853803457,12.670629049910113,True
force_rmse,4157092,L4N3,42,L4N3 s42,19.04603583119,0.809886800124928,2.047969306208862,8.904503097667646,True
force_rmse,4157092,L4N3,101,L4N3 s101,16.528498468708264,0.8257259389713092,1.1601534754277159,13.53508209243418,True
force_rmse,4157092,L4N3,202,L4N3 s202,16.49883300541207,0.7987275902263791,1.2491149539856543,12.568983635245152,True
force_rmse,4157092,L4N3,303,L4N3 s303,14.348395754141892,0.8081150269731313,1.0942569696426558,12.373949723702028,True
force_rmse,4157092,L4N3,1776,L4N3 s1776,17.87094740405314,0.7893848742178087,1.2645035356073908,13.508513063690552,True
force_rmse,4157092,L4N4,0,L4N4 s0,20.479380987138576,0.6998088506690505,1.0027711299909015,19.72491184169711,True
force_rmse,4157092,L4N4,7,L4N4 s7,17.72161031236901,0.7121068102430937,1.0548637193503148,16.124835075948944,True
force_rmse,4157092,L4N4,42,L4N4 s42,15.349630606802824,0.7284919982471453,1.294255059768757,11.296953021893552,True
force_rmse,4157092,L4N4,1776,L4N4 s1776,20.396427110601905,0.7028454213925167,2.376875554184212,8.285491284783983,True
force_rmse,6844296,L3N4,0,L3N4 s0,3.3295198196929148,0.7487737191471382,1.062059810771518,2.429944221946437,True
force_rmse,6844296,L3N4,1,L3N4 s1,3.784403648822375,0.7759377503699537,2.727832319847768,1.102877869934584,False
force_rmse,6844296,L3N4,7,L3N4 s7,3.318309243496357,0.7593240561979255,1.803635935018513,1.4187925277016427,False
force_rmse,6844296,L3N4,42,L3N4 s42,3.888048897005494,3.06855626350397,635.9190477885116,0.0012886744568375685,False
force_rmse,6844296,L3N4,101,L3N4 s101,3.2972027072105674,0.7459622809873312,1.2523542465365345,2.037155567826639,True
force_rmse,6844296,L3N4,202,L3N4 s202,2.8969983605058176,0.8431210359313008,7.652568671926223,0.26839057741608435,False
force_rmse,6844296,L3N5,0,L3N5 s0,3.83906235163529,0.9302972736635371,1.2755249187294415,2.2804455132630355,True
force_rmse,6844296,L3N5,1,L3N5 s1,4.74817208933159,0.77667101360709,1.0342250207399561,3.8400744480954576,True
force_rmse,6844296,L3N5,2,L3N5 s2,3.6057707607508944,0.8995919849183872,2.005835693119988,1.349152767155702,False
force_rmse,6844296,L3N5,3,L3N5 s3,4.197392257883948,1.3426306001985093,150.97216563344338,0.018909191940829198,False
force_rmse,6844296,L3N5,4,L3N5 s4,40.03114326879087,0.767989277423989,1.1236320753312905,34.94306975865795,True
force_rmse,6844296,L3N5,7,L3N5 s7,4.432376237581485,0.8156407186690648,2.715445565417085,1.3319123627348057,False
force_rmse,6844296,L3N5,42,L3N5 s42,3.047099291996213,0.7763728265238862,1.0743564989113195,2.1135688831159194,True
force_rmse,6844296,L3N5,1776,L3N5 s1776,3.689674685698905,0.8445330250675972,11.79982220048153,0.24111733315059633,False
force_rmse,6844296,L4N3,7,L4N3 s7,3.8571678630148662,0.7753723255357129,1.0564935853803457,2.917003548459486,True
force_rmse,6844296,L4N3,42,L4N3 s42,2.7715919997284777,0.809886800124928,2.047969306208862,0.9578782229090134,False
force_rmse,6844296,L4N3,101,L4N3 s101,4.602333715252192,0.8257259389713092,1.1601534754277159,3.2552656663710415,True
force_rmse,6844296,L4N3,202,L4N3 s202,3.0315094949655137,0.7987275902263791,1.2491149539856543,1.7874911333138817,False
force_rmse,6844296,L4N3,303,L4N3 s303,3.169410764760434,0.8081150269731313,1.0942569696426558,2.157898741607664,True
force_rmse,6844296,L4N3,1776,L4N3 s1776,3.333156776846557,0.7893848742178087,1.2645035356073908,2.0116763860267692,True
force_rmse,6844296,L4N4,0,L4N4 s0,2.655090186709925,0.6998088506690505,1.0027711299909015,1.9498779707176206,False
force_rmse,6844296,L4N4,7,L4N4 s7,3.433051161552996,0.7121068102430937,1.0548637193503148,2.579427371893801,True
force_rmse,6844296,L4N4,42,L4N4 s42,3.082517563094973,0.7284919982471453,1.294255059768757,1.8188266270084497,False
force_rmse,6844296,L4N4,1776,L4N4 s1776,2.8892616818092307,0.7028454213925167,2.376875554184212,0.9198698924593605,False
force_rmse,3319908,L3N4,0,L3N4 s0,16.848907304765095,0.7487737191471382,1.062059810771518,15.159347357209805,True
force_rmse,3319908,L3N4,1,L3N4 s1,14.117098823466618,0.7759377503699537,2.727832319847768,4.890755555620514,True
force_rmse,3319908,L3N4,7,L3N4 s7,15.19108555042284,0.7593240561979255,1.803635935018513,8.001482568640874,True
force_rmse,3319908,L3N4,42,L3N4 s42,15.548946223362938,3.06855626350397,635.9190477885116,0.01962575268544179,False
force_rmse,3319908,L3N4,101,L3N4 s101,14.993151708556107,0.7459622809873312,1.2523542465365345,11.376325402313512,True
force_rmse,3319908,L3N4,202,L3N4 s202,20.921708289482478,0.8431210359313008,7.652568671926223,2.6237709342237383,True
force_rmse,3319908,L3N5,0,L3N5 s0,17.70813849263199,0.9302972736635371,1.2755249187294415,13.153675771133477,True
force_rmse,3319908,L3N5,1,L3N5 s1,17.762057511176003,0.77667101360709,1.0342250207399561,16.423298756992356,True
force_rmse,3319908,L3N5,2,L3N5 s2,69.78850941400991,0.8995919849183872,2.005835693119988,34.34424747020923,True
force_rmse,3319908,L3N5,3,L3N5 s3,18.575685915922445,1.3426306001985093,150.97216563344338,0.11414723530935737,False
force_rmse,3319908,L3N5,4,L3N5 s4,11.707533045621544,0.767989277423989,1.1236320753312905,9.73587707966787,True
force_rmse,3319908,L3N5,7,L3N5 s7,21.748294757387555,0.8156407186690648,2.715445565417085,7.708736387615007,True
force_rmse,3319908,L3N5,42,L3N5 s42,19.72986226060509,0.7763728265238862,1.0743564989113195,17.641713391492853,True
force_rmse,3319908,L3N5,1776,L3N5 s1776,13.86112795262528,0.8445330250675972,11.79982220048153,1.1031178865581972,False
force_rmse,3319908,L4N3,7,L4N3 s7,15.07636030937724,0.7753723255357129,1.0564935853803457,13.53627526161748,True
force_rmse,3319908,L4N3,42,L4N3 s42,31.645367740975267,0.809886800124928,2.047969306208862,15.05661283465817,True
force_rmse,3319908,L4N3,101,L4N3 s101,15.199552538831512,0.8257259389713092,1.1601534754277159,12.389590605295544,True
force_rmse,3319908,L4N3,202,L4N3 s202,36.81067773199876,0.7987275902263791,1.2491149539856543,28.829972795430937,True
force_rmse,3319908,L4N3,303,L4N3 s303,15.64769153085514,0.8081150269731313,1.0942569696426558,13.561326923718903,True
force_rmse,3319908,L4N3,1776,L4N3 s1776,17.712572435362148,0.7893848742178087,1.2645035356073908,13.383266305392706,True
force_rmse,3319908,L4N4,0,L4N4 s0,11.765764490265424,0.6998088506690505,1.0027711299909015,11.035375180472915,True
force_rmse,3319908,L4N4,7,L4N4 s7,18.65437010650081,0.7121068102430937,1.0548637193503148,17.009081805665158,True
force_rmse,3319908,L4N4,42,L4N4 s42,23.780229971810385,0.7284919982471453,1.294255059768757,17.810815418161756,True
force_rmse,3319908,L4N4,1776,L4N4 s1776,31.974682205171824,0.7028454213925167,2.376875554184212,13.15669923430736,True
force_rmse,4141669,L3N4,0,L3N4 s0,31.196954433967644,0.7487737191471382,1.062059810771518,28.66898870102416,True
force_rmse,4141669,L3N4,1,L3N4 s1,28.861443654902786,0.7759377503699537,2.727832319847768,10.295906277003198,True
force_rmse,4141669,L3N4,7,L3N4 s7,23.54094108288499,0.7593240561979255,1.803635935018513,12.630939861182812,True
force_rmse,4141669,L3N4,42,L3N4 s42,34.88289476051219,3.06855626350397,635.9190477885116,0.050028912654286065,False
force_rmse,4141669,L3N4,101,L3N4 s101,15.110605264123032,0.7459622809873312,1.2523542465365345,11.4701116100832,True
force_rmse,4141669,L3N4,202,L3N4 s202,17.752241925246683,0.8431210359313008,7.652568671926223,2.209600673215416,True
force_rmse,4141669,L3N5,0,L3N5 s0,44.29993366427558,0.9302972736635371,1.2755249187294415,34.00140268040613,True
force_rmse,4141669,L3N5,1,L3N5 s1,25.772332450910916,0.77667101360709,1.0342250207399561,24.168494221325453,True
force_rmse,4141669,L3N5,2,L3N5 s2,37.10794098100279,0.8995919849183872,2.005835693119988,18.051502982162976,True
force_rmse,4141669,L3N5,3,L3N5 s3,20.803593534896752,1.3426306001985093,150.97216563344338,0.1289043106260327,False
force_rmse,4141669,L3N5,4,L3N5 s4,28.639483423002748,0.767989277423989,1.1236320753312905,24.804822465895835,True
force_rmse,4141669,L3N5,7,L3N5 s7,28.314084202992515,0.8156407186690648,2.715445565417085,10.12667822715119,True
force_rmse,4141669,L3N5,42,L3N5 s42,27.6763422139708,0.7763728265238862,1.0743564989113195,25.0382153546849,True
force_rmse,4141669,L3N5,1776,L3N5 s1776,30.24962372751951,0.8445330250675972,11.79982220048153,2.491994387953739,True
force_rmse,4141669,L4N3,7,L4N3 s7,27.464456176390502,0.7753723255357129,1.0564935853803457,25.26194595043047,True
force_rmse,4141669,L4N3,42,L4N3 s42,27.259425369767545,0.809886800124928,2.047969306208862,12.915007314540857,True
force_rmse,4141669,L4N3,101,L4N3 s101,23.70845912101755,0.8257259389713092,1.1601534754277159,19.72388452623479,True
force_rmse,4141669,L4N3,202,L4N3 s202,36.48711543889329,0.7987275902263791,1.2491149539856543,28.570939555877562,True
force_rmse,4141669,L4N3,303,L4N3 s303,27.17884475947758,0.8081150269731313,1.0942569696426558,24.09921112142074,True
force_rmse,4141669,L4N3,1776,L4N3 s1776,28.58455508214723,0.7893848742178087,1.2645035356073908,21.981093310726337,True
force_rmse,4141669,L4N4,0,L4N4 s0,20.37661507425719,0.6998088506690505,1.0027711299909015,19.62242991954373,True
force_rmse,4141669,L4N4,7,L4N4 s7,26.308206936988864,0.7121068102430937,1.0548637193503148,24.264840715642663,True
force_rmse,4141669,L4N4,42,L4N4 s42,23.48479388987615,0.7284919982471453,1.294255059768757,17.582548138305018,True
force_rmse,4141669,L4N4,1776,L4N4 s1776,20.715709990814467,0.7028454213925167,2.376875554184212,8.41982010130553,True
force_rmse,7237219,L3N4,0,L3N4 s0,9.452768968162982,0.7487737191471382,1.062059810771518,8.195390844036318,True
force_rmse,7237219,L3N4,1,L3N4 s1,7.180862283837017,0.7759377503699537,2.727832319847768,2.3479905589741317,True
force_rmse,7237219,L3N4,7,L3N4 s7,14.785097217638228,0.7593240561979255,1.803635935018513,7.776388177415826,True
force_rmse,7237219,L3N4,42,L3N4 s42,9.966948158340871,3.06855626350397,635.9190477885116,0.010847908894735778,False
force_rmse,7237219,L3N4,101,L3N4 s101,42.64307972310635,0.7459622809873312,1.2523542465365345,33.4546854917354,True
force_rmse,7237219,L3N4,202,L3N4 s202,15.532825932032228,0.8431210359313008,7.652568671926223,1.9195783175381023,False
force_rmse,7237219,L3N5,0,L3N5 s0,9.907443926567495,0.9302972736635371,1.2755249187294415,7.038001783490166,True
force_rmse,7237219,L3N5,1,L3N5 s1,6.149680041200961,0.77667101360709,1.0342250207399561,5.195203093954977,True
force_rmse,7237219,L3N5,2,L3N5 s2,9.27653394068381,0.8995919849183872,2.005835693119988,4.176285218424578,True
force_rmse,7237219,L3N5,3,L3N5 s3,10.120490322040247,1.3426306001985093,150.97216563344338,0.058142238902197114,False
force_rmse,7237219,L3N5,4,L3N5 s4,11.706723228149398,0.767989277423989,1.1236320753312905,9.735156365574776,True
force_rmse,7237219,L3N5,7,L3N5 s7,21.86527549474256,0.8156407186690648,2.715445565417085,7.75181614544364,True
force_rmse,7237219,L3N5,42,L3N5 s42,6.331760541656429,0.7763728265238862,1.0743564989113195,5.170897854447754,True
force_rmse,7237219,L3N5,1776,L3N5 s1776,24.80177190515037,0.8445330250675972,11.79982220048153,2.030305073503999,True
force_rmse,7237219,L4N3,7,L4N3 s7,12.414601141739922,0.7753723255357129,1.0564935853803457,11.016847595921748,True
force_rmse,7237219,L4N3,42,L4N3 s42,9.415443698131709,0.809886800124928,2.047969306208862,4.2019950552565275,True
force_rmse,7237219,L4N3,101,L4N3 s101,16.902192640939578,0.8257259389713092,1.1601534754277159,13.857189624020501,True
force_rmse,7237219,L4N3,202,L4N3 s202,12.495319539993917,0.7987275902263791,1.2491149539856543,9.36390354822529,True
force_rmse,7237219,L4N3,303,L4N3 s303,18.024657730273542,0.8081150269731313,1.0942569696426558,15.733546306698601,True
force_rmse,7237219,L4N3,1776,L4N3 s1776,6.158194426119876,0.7893848742178087,1.2645035356073908,4.245784531810911,True
force_rmse,7237219,L4N4,0,L4N4 s0,11.772898189937395,0.6998088506690505,1.0027711299909015,11.042489166365225,True
force_rmse,7237219,L4N4,7,L4N4 s7,15.457127314627485,0.7121068102430937,1.0548637193503148,13.978128391282405,True
force_rmse,7237219,L4N4,42,L4N4 s42,23.197418762844787,0.7284919982471453,1.294255059768757,17.360509116813606,True
force_rmse,7237219,L4N4,1776,L4N4 s1776,12.241954352070673,0.7028454213925167,2.376875554184212,4.854738360350798,True
force_rmse,4003634,L3N4,0,L3N4 s0,30.28383014987278,0.7487737191471382,1.062059810771518,27.80922141218236,True
force_rmse,4003634,L3N4,1,L3N4 s1,16.00192458486145,0.7759377503699537,2.727832319847768,5.581716560694321,True
force_rmse,4003634,L3N4,7,L3N4 s7,28.770699495369623,0.7593240561979255,1.803635935018513,15.5305041861922,True
force_rmse,4003634,L3N4,42,L3N4 s42,29.84685415650918,3.06855626350397,635.9190477885116,0.04210960182137979,False
force_rmse,4003634,L3N4,101,L3N4 s101,17.460759527729675,0.7459622809873312,1.2523542465365345,13.3467006583546,True
force_rmse,4003634,L3N4,202,L3N4 s202,32.7640642932501,0.8431210359313008,7.652568671926223,4.171271716178406,True
force_rmse,4003634,L3N5,0,L3N5 s0,29.253009868425853,0.9302972736635371,1.2755249187294415,22.204750513988195,True
force_rmse,4003634,L3N5,1,L3N5 s1,23.892179517588705,0.77667101360709,1.0342250207399561,22.350560120314224,True
force_rmse,4003634,L3N5,2,L3N5 s2,17.997621735462953,0.8995919849183872,2.005835693119988,8.524142734716891,True
force_rmse,4003634,L3N5,3,L3N5 s3,26.53381764092632,1.3426306001985093,150.97216563344338,0.16685981111174744,False
force_rmse,4003634,L3N5,4,L3N5 s4,32.440435215645415,0.767989277423989,1.1236320753312905,28.18755946325505,True
force_rmse,4003634,L3N5,7,L3N5 s7,20.42321768397016,0.8156407186690648,2.715445565417085,7.2207586169341695,True
force_rmse,4003634,L3N5,42,L3N5 s42,23.03749288608567,0.7763728265238862,1.0743564989113195,20.720422022038033,True
force_rmse,4003634,L3N5,1776,L3N5 s1776,15.612820073890411,0.8445330250675972,11.79982220048153,1.2515686082303972,False
force_rmse,4003634,L4N3,7,L4N3 s7,19.71596626727005,0.7753723255357129,1.0564935853803457,17.927788870498045,True
force_rmse,4003634,L4N3,42,L4N3 s42,29.09411589481612,0.809886800124928,2.047969306208862,13.810865723886307,True
force_rmse,4003634,L4N3,101,L4N3 s101,26.804192731462425,0.8257259389713092,1.1601534754277159,22.392267353173757,True
force_rmse,4003634,L4N3,202,L4N3 s202,12.359946202848043,0.7987275902263791,1.2491149539856543,9.255528144733459,True
force_rmse,4003634,L4N3,303,L4N3 s303,36.84846778748128,0.8081150269731313,1.0942569696426558,32.93591337350824,True
force_rmse,4003634,L4N3,1776,L4N3 s1776,24.948395895699196,0.7893848742178087,1.2645035356073908,19.105530622242874,True
force_rmse,4003634,L4N4,0,L4N4 s0,19.799451497401652,0.6998088506690505,1.0027711299909015,19.04686131810147,True
force_rmse,4003634,L4N4,7,L4N4 s7,19.114193011542355,0.7121068102430937,1.0548637193503148,17.44498920925351,True
force_rmse,4003634,L4N4,42,L4N4 s42,41.10089656609318,0.7284919982471453,1.294255059768757,31.193545864954416,True
force_rmse,4003634,L4N4,1776,L4N4 s1776,27.12134302955251,0.7028454213925167,2.376875554184212,11.114800504238984,True
force_rmse,7711314,L3N4,0,L3N4 s0,34.842291169517665,0.7487737191471382,1.062059810771518,32.10131586243131,True
force_rmse,7711314,L3N4,1,L3N4 s1,8.349388885588326,0.7759377503699537,2.727832319847768,2.7763624179220163,True
force_rmse,7711314,L3N4,7,L3N4 s7,7.570523994297722,0.7593240561979255,1.803635935018513,3.7763718308428382,True
force_rmse,7711314,L3N4,42,L3N4 s42,6.414898473286714,3.06855626350397,635.9190477885116,0.005262214147256744,False
force_rmse,7711314,L3N4,101,L3N4 s101,7.531386725668541,0.7459622809873312,1.2523542465365345,5.418135055194434,True
force_rmse,7711314,L3N4,202,L3N4 s202,7.785684276096332,0.8431210359313008,7.652568671926223,0.9072199855761012,False
force_rmse,7711314,L3N5,0,L3N5 s0,7.240367909646862,0.9302972736635371,1.2755249187294415,4.947038308172627,True
force_rmse,7711314,L3N5,1,L3N5 s1,6.825427059204105,0.77667101360709,1.0342250207399561,5.848587999997637,True
force_rmse,7711314,L3N5,2,L3N5 s2,9.83018459522297,0.8995919849183872,2.005835693119988,4.452305161851739,True
force_rmse,7711314,L3N5,3,L3N5 s3,6.186855808441762,1.3426306001985093,150.97216563344338,0.032086876331925376,False
force_rmse,7711314,L3N5,4,L3N5 s4,14.787211922072611,0.767989277423989,1.1236320753312905,12.47670207395531,True
force_rmse,7711314,L3N5,7,L3N5 s7,4.909031070981322,0.8156407186690648,2.715445565417085,1.5074470298518112,False
force_rmse,7711314,L3N5,42,L3N5 s42,8.56909670342243,0.7763728265238862,1.0743564989113195,7.253387385653799,True
force_rmse,7711314,L3N5,1776,L3N5 s1776,9.490951103884736,0.8445330250675972,11.79982220048153,0.7327583358386783,False
force_rmse,7711314,L4N3,7,L4N3 s7,5.666401815936019,0.7753723255357129,1.0564935853803457,4.6294928413024845,True
force_rmse,7711314,L4N3,42,L4N3 s42,7.412677288137447,0.809886800124928,2.047969306208862,3.2240671127222127,True
force_rmse,7711314,L4N3,101,L4N3 s101,11.78152987003518,0.8257259389713092,1.1601534754277159,9.443409137764963,True
force_rmse,7711314,L4N3,202,L4N3 s202,5.852836728115671,0.7987275902263791,1.2491149539856543,4.046152134967825,True
force_rmse,7711314,L4N3,303,L4N3 s303,10.689420831312695,0.8081150269731313,1.0942569696426558,9.03015112397816,True
force_rmse,7711314,L4N3,1776,L4N3 s1776,6.849661722871393,0.7893848742178087,1.2645035356073908,4.7926136052617645,True
force_rmse,7711314,L4N4,0,L4N4 s0,8.301505480572514,0.6998088506690505,1.0027711299909015,7.58068955372941,True
force_rmse,7711314,L4N4,7,L4N4 s7,11.719516637729392,0.7121068102430937,1.0548637193503148,10.434911757383889,True
force_rmse,7711314,L4N4,42,L4N4 s42,6.857874720603701,0.7284919982471453,1.294255059768757,4.735838331164558,True
force_rmse,7711314,L4N4,1776,L4N4 s1776,7.670552829392426,0.7028454213925167,2.376875554184212,2.9314565483809507,True
force_rmse,3860115,L3N4,0,L3N4 s0,25.56474386717261,0.7487737191471382,1.062059810771518,23.365887585933855,True
force_rmse,3860115,L3N4,1,L3N4 s1,32.53774694278345,0.7759377503699537,2.727832319847768,11.64360762254845,True
force_rmse,3860115,L3N4,7,L3N4 s7,19.492605858216944,0.7593240561979255,1.803635935018513,10.386398628627198,True
force_rmse,3860115,L3N4,42,L3N4 s42,25.08279529904837,3.06855626350397,635.9190477885116,0.03461798968296622,False
force_rmse,3860115,L3N4,101,L3N4 s101,34.84963104285513,0.7459622809873312,1.2523542465365345,27.23164700098528,True
force_rmse,3860115,L3N4,202,L3N4 s202,24.948604824983807,0.8431210359313008,7.652568671926223,3.1499859488336917,True
force_rmse,3860115,L3N5,0,L3N5 s0,28.994865087756956,0.9302972736635371,1.2755249187294415,22.002367340693517,True
force_rmse,3860115,L3N5,1,L3N5 s1,32.71203624678899,0.77667101360709,1.0342250207399561,30.87854634413421,True
force_rmse,3860115,L3N5,2,L3N5 s2,27.09368707419726,0.8995919849183872,2.005835693119988,13.05894355112164,True
force_rmse,3860115,L3N5,3,L3N5 s3,28.41435917421733,1.3426306001985093,150.97216563344338,0.1793160246488634,False
force_rmse,3860115,L3N5,4,L3N5 s4,25.98328973289346,0.767989277423989,1.1236320753312905,22.440887020811523,True
force_rmse,3860115,L3N5,7,L3N5 s7,26.85195971677881,0.8156407186690648,2.715445565417085,9.588230870726601,True
force_rmse,3860115,L3N5,42,L3N5 s42,21.98648056415792,0.7763728265238862,1.0743564989113195,19.74215054232643,True
force_rmse,3860115,L3N5,1776,L3N5 s1776,22.188800244145725,0.8445330250675972,11.79982220048153,1.808863460519524,False
force_rmse,3860115,L4N3,7,L4N3 s7,25.639234950520738,0.7753723255357129,1.0564935853803457,23.534324267604376,True
force_rmse,3860115,L4N3,42,L4N3 s42,33.117510722110154,0.809886800124928,2.047969306208862,15.775443422925175,True
force_rmse,3860115,L4N3,101,L4N3 s101,21.36580623880094,0.8257259389713092,1.1601534754277159,17.70462334068092,True
force_rmse,3860115,L4N3,202,L4N3 s202,30.60631123726576,0.7987275902263791,1.2491149539856543,23.862962773706187,True
force_rmse,3860115,L4N3,303,L4N3 s303,28.216884305433563,0.8081150269731313,1.0942569696426558,25.04783614712651,True
force_rmse,3860115,L4N3,1776,L4N3 s1776,30.77917759039369,0.7893848742178087,1.2645035356073908,23.716653905416408,True
force_rmse,3860115,L4N4,0,L4N4 s0,22.74048131275913,0.6998088506690505,1.0027711299909015,21.979763679764158,True
force_rmse,3860115,L4N4,7,L4N4 s7,22.441491762400457,0.7121068102430937,1.0548637193503148,20.599234340470428,True
force_rmse,3860115,L4N4,42,L4N4 s42,18.33353834170384,0.7284919982471453,1.294255059768757,13.602455103866596,True
force_rmse,3860115,L4N4,1776,L4N4 s1776,14.523067185046106,0.7028454213925167,2.376875554184212,5.814449031344826,True
force_rmse,6371940,L3N4,0,L3N4 s0,29.11532028517065,0.7487737191471382,1.062059810771518,26.70899160134592,True
force_rmse,6371940,L3N4,1,L3N4 s1,30.785591308895462,0.7759377503699537,2.727832319847768,11.001282351622057,True
force_rmse,6371940,L3N4,7,L3N4 s7,33.75280024619223,0.7593240561979255,1.803635935018513,18.292758283093118,True
force_rmse,6371940,L3N4,42,L3N4 s42,41.59730599401066,3.06855626350397,635.9190477885116,0.060587506954690624,False
force_rmse,6371940,L3N4,101,L3N4 s101,29.532073753681477,0.7459622809873312,1.2523542465365345,22.98559816625685,True
force_rmse,6371940,L3N4,202,L3N4 s202,34.85535309105808,0.8431210359313008,7.652568671926223,4.444551040737747,True
force_rmse,6371940,L3N5,0,L3N5 s0,30.482721800577497,0.9302972736635371,1.2755249187294415,23.16883354685953,True
force_rmse,6371940,L3N5,1,L3N5 s1,29.636042259684583,0.77667101360709,1.0342250207399561,27.90434447759686,True
force_rmse,6371940,L3N5,2,L3N5 s2,30.651376186035765,0.8995919849183872,2.005835693119988,14.83261281228863,True
force_rmse,6371940,L3N5,3,L3N5 s3,18.37939473823856,1.3426306001985093,150.97216563344338,0.1128470540682637,False
force_rmse,6371940,L3N5,4,L3N5 s4,30.317297805596603,0.767989277423989,1.1236320753312905,26.298028666955172,True
force_rmse,6371940,L3N5,7,L3N5 s7,28.886313362551604,0.8156407186690648,2.715445565417085,10.337409448151085,True
force_rmse,6371940,L3N5,42,L3N5 s42,28.15215082699033,0.7763728265238862,1.0743564989113195,25.481093127101865,True
force_rmse,6371940,L3N5,1776,L3N5 s1776,22.686526781673788,0.8445330250675972,11.79982220048153,1.8510443111350317,False
force_rmse,6371940,L4N3,7,L4N3 s7,31.40386984505229,0.7753723255357129,1.0564935853803457,28.990708456114373,True
force_rmse,6371940,L4N3,42,L4N3 s42,29.28939530005393,0.809886800124928,2.047969306208862,13.90621842504534,True
force_rmse,6371940,L4N3,101,L4N3 s101,25.00877415526205,0.8257259389713092,1.1601534754277159,20.844697471922956,True
force_rmse,6371940,L4N3,202,L4N3 s202,28.007949613609544,0.7987275902263791,1.2491149539856543,21.78280064341913,True
force_rmse,6371940,L4N3,303,L4N3 s303,34.17509204617275,0.8081150269731313,1.0942569696426558,30.49281653659108,True
force_rmse,6371940,L4N3,1776,L4N3 s1776,28.08970935562313,0.7893848742178087,1.2645035356073908,21.589757333728528,True
force_rmse,6371940,L4N4,0,L4N4 s0,31.08024874547358,0.6998088506690505,1.0027711299909015,30.296484398269605,True
force_rmse,6371940,L4N4,7,L4N4 s7,33.06334769766695,0.7121068102430937,1.0548637193503148,30.66864495761483,True
force_rmse,6371940,L4N4,42,L4N4 s42,28.793387732099117,0.7284919982471453,1.294255059768757,21.68420785534058,True
force_rmse,6371940,L4N4,1776,L4N4 s1776,22.70313228700816,0.7028454213925167,2.376875554184212,9.255969176378084,True
force_rmse,5790076,L3N4,0,L3N4 s0,25.566581777306613,0.7487737191471382,1.062059810771518,23.367618100651917,True
force_rmse,5790076,L3N4,1,L3N4 s1,10.92303172338944,0.7759377503699537,2.727832319847768,3.7198378724340966,True
force_rmse,5790076,L3N4,7,L3N4 s7,8.691184405304034,0.7593240561979255,1.803635935018513,4.39770587572857,True
force_rmse,5790076,L3N4,42,L3N4 s42,13.60417879415256,3.06855626350397,635.9190477885116,0.01656755300425037,False
force_rmse,5790076,L3N4,101,L3N4 s101,16.478424814802764,0.7459622809873312,1.2523542465365345,12.56231020681613,True
force_rmse,5790076,L3N4,202,L3N4 s202,14.007986379771925,0.8431210359313008,7.652568671926223,1.720319791723856,False
force_rmse,5790076,L3N5,0,L3N5 s0,20.41992709591388,0.9302972736635371,1.2755249187294415,15.279693509762309,True
force_rmse,5790076,L3N5,1,L3N5 s1,16.486110288861028,0.77667101360709,1.0342250207399561,15.189575730834976,True
force_rmse,5790076,L3N5,2,L3N5 s2,11.91788574597408,0.8995919849183872,2.005835693119988,5.493118802725675,True
force_rmse,5790076,L3N5,3,L3N5 s3,9.91360620977,1.3426306001985093,150.97216563344338,0.05677189284269528,False
force_rmse,5790076,L3N5,4,L3N5 s4,15.007120106506402,0.767989277423989,1.1236320753312905,12.672413988256933,True
force_rmse,5790076,L3N5,7,L3N5 s7,9.64301805969286,0.8156407186690648,2.715445565417085,3.2508025399021148,True
force_rmse,5790076,L3N5,42,L3N5 s42,8.652068019901613,0.7763728265238862,1.0743564989113195,7.330616235261225,True
force_rmse,5790076,L3N5,1776,L3N5 s1776,19.89197271569913,0.8445330250675972,11.79982220048153,1.6142141268750845,False
force_rmse,5790076,L4N3,7,L4N3 s7,11.381464279739449,0.7753723255357129,1.0564935853803457,10.038955371778677,True
force_rmse,5790076,L4N3,42,L4N3 s42,13.487775156784243,0.809886800124928,2.047969306208862,6.190467951948086,True
force_rmse,5790076,L4N3,101,L4N3 s101,7.846680342551031,0.8257259389713092,1.1601534754277159,6.051746214862904,True
force_rmse,5790076,L4N3,202,L4N3 s202,22.372899229493974,0.7987275902263791,1.2491149539856543,17.27156621608692,True
force_rmse,5790076,L4N3,303,L4N3 s303,26.520243398565498,0.8081150269731313,1.0942569696426558,23.497340281953154,True
force_rmse,5790076,L4N3,1776,L4N3 s1776,31.385850895469545,0.7893848742178087,1.2645035356073908,24.196425838030613,True
force_rmse,5790076,L4N4,0,L4N4 s0,8.151711030736514,0.6998088506690505,1.0027711299909015,7.431309056668871,True
force_rmse,5790076,L4N4,7,L4N4 s7,32.607911593369266,0.7121068102430937,1.0548637193503148,30.23689619619361,True
force_rmse,5790076,L4N4,42,L4N4 s42,12.873818826691588,0.7284919982471453,1.294255059768757,9.384028856425282,True
force_rmse,5790076,L4N4,1776,L4N4 s1776,14.667385474722533,0.7028454213925167,2.376875554184212,5.87516667784608,True
force_rmse,5245795,L3N4,0,L3N4 s0,17.19779851618463,0.7487737191471382,1.062059810771518,15.487851654125143,True
force_rmse,5245795,L3N4,1,L3N4 s1,12.444353357341562,0.7759377503699537,2.727832319847768,4.277541373079261,True
force_rmse,5245795,L3N4,7,L3N4 s7,15.007612540906424,0.7593240561979255,1.803635935018513,7.899758597658596,True
force_rmse,5245795,L3N4,42,L3N4 s42,14.878358703325466,3.06855626350397,635.9190477885116,0.01857123556982853,False
force_rmse,5245795,L3N4,101,L3N4 s101,20.98359801576192,0.7459622809873312,1.2523542465365345,16.159673503517922,True
force_rmse,5245795,L3N4,202,L3N4 s202,13.543864448064914,0.8431210359313008,7.652568671926223,1.6596706225880515,False
force_rmse,5245795,L3N5,0,L3N5 s0,15.88079732677472,0.9302972736635371,1.2755249187294415,11.721056824200245,True
force_rmse,5245795,L3N5,1,L3N5 s1,13.378009521919015,0.77667101360709,1.0342250207399561,12.184329575875138,True
force_rmse,5245795,L3N5,2,L3N5 s2,12.982157153949649,0.8995919849183872,2.005835693119988,6.023706333711397,True
force_rmse,5245795,L3N5,3,L3N5 s3,12.568281465116186,1.3426306001985093,150.97216563344338,0.07435576497043352,False
force_rmse,5245795,L3N5,4,L3N5 s4,13.931191360229615,0.767989277423989,1.1236320753312905,11.714868569344285,True
force_rmse,5245795,L3N5,7,L3N5 s7,13.970327605589596,0.8156407186690648,2.715445565417085,4.844393514807948,True
force_rmse,5245795,L3N5,42,L3N5 s42,9.76016465151464,0.7763728265238862,1.0743564989113195,8.362021204408707,True
force_rmse,5245795,L3N5,1776,L3N5 s1776,14.985141695600188,0.8445330250675972,11.79982220048153,1.1983747238119855,False
force_rmse,5245795,L4N3,7,L4N3 s7,16.674550224232686,0.7753723255357129,1.0564935853803457,15.0490056150915,True
force_rmse,5245795,L4N3,42,L4N3 s42,14.650800993688264,0.809886800124928,2.047969306208862,6.7583601724897004,True
force_rmse,5245795,L4N3,101,L4N3 s101,14.90566247977869,0.8257259389713092,1.1601534754277159,12.13627062196793,True
force_rmse,5245795,L4N3,202,L4N3 s202,10.78405617592012,0.7987275902263791,1.2491149539856543,7.993922860208125,True
force_rmse,5245795,L4N3,303,L4N3 s303,14.854620808905324,0.8081150269731313,1.0942569696426558,12.836569628173596,True
force_rmse,5245795,L4N3,1776,L4N3 s1776,17.42098989767265,0.7893848742178087,1.2645035356073908,13.152675777585728,True
force_rmse,5245795,L4N4,0,L4N4 s0,14.581670239713556,0.6998088506690505,1.0027711299909015,13.843499253085259,True
force_rmse,5245795,L4N4,7,L4N4 s7,16.72721485143327,0.7121068102430937,1.0548637193503148,15.182158365493699,True
force_rmse,5245795,L4N4,42,L4N4 s42,39.11375868129149,0.7284919982471453,1.294255059768757,29.658193254351733,True
force_rmse,5245795,L4N4,1776,L4N4 s1776,15.013544377570664,0.7028454213925167,2.376875554184212,6.020802784977881,True
force_rmse,5122175,L3N4,0,L3N4 s0,7.890998495730765,0.7487737191471382,1.062059810771518,6.724879996537352,True
force_rmse,5122175,L3N4,1,L3N4 s1,12.149245989975189,0.7759377503699537,2.727832319847768,4.169357535964654,True
force_rmse,5122175,L3N4,7,L3N4 s7,21.75469913064136,0.7593240561979255,1.803635935018513,11.640583704730817,True
force_rmse,5122175,L3N4,42,L3N4 s42,18.4943474171816,3.06855626350397,635.9190477885116,0.024257476179275896,False
force_rmse,5122175,L3N4,101,L3N4 s101,10.543835107633177,0.7459622809873312,1.2523542465365345,7.823563383717096,True
force_rmse,5122175,L3N4,202,L3N4 s202,23.741604394805897,0.8431210359313008,7.652568671926223,2.992261074752412,True
force_rmse,5122175,L3N5,0,L3N5 s0,12.962805441618402,0.9302972736635371,1.2755249187294415,9.43337757755491,True
force_rmse,5122175,L3N5,1,L3N5 s1,13.186768281677526,0.77667101360709,1.0342250207399561,11.999416973292131,True
force_rmse,5122175,L3N5,2,L3N5 s2,8.25007745447544,0.8995919849183872,2.005835693119988,3.6645501397593043,True
force_rmse,5122175,L3N5,3,L3N5 s3,10.026693139830714,1.3426306001985093,150.97216563344338,0.057520950985871726,False
force_rmse,5122175,L3N5,4,L3N5 s4,16.325607344355532,0.767989277423989,1.1236320753312905,13.845829438737365,True
force_rmse,5122175,L3N5,7,L3N5 s7,30.42663684876311,0.8156407186690648,2.715445565417085,10.904654656756442,True
force_rmse,5122175,L3N5,42,L3N5 s42,26.60780041109697,0.7763728265238862,1.0743564989113195,24.04362761406378,True
force_rmse,5122175,L3N5,1776,L3N5 s1776,7.881688909487523,0.8445330250675972,11.79982220048153,0.5963781288274624,False
force_rmse,5122175,L4N3,7,L4N3 s7,16.617263007766713,0.7753723255357129,1.0564935853803457,14.99478170189533,True
force_rmse,5122175,L4N3,42,L4N3 s42,18.488517112932595,0.809886800124928,2.047969306208862,8.632273081052082,True
force_rmse,5122175,L4N3,101,L4N3 s101,12.453867004576985,0.8257259389713092,1.1601534754277159,10.022933441042106,True
force_rmse,5122175,L4N3,202,L4N3 s202,24.16458019591228,0.7987275902263791,1.2491149539856543,18.70592656915246,True
force_rmse,5122175,L4N3,303,L4N3 s303,10.945067209137004,0.8081150269731313,1.0942569696426558,9.26377666616483,True
force_rmse,5122175,L4N3,1776,L4N3 s1776,16.993375955872224,0.7893848742178087,1.2645035356073908,12.814508323119082,True
force_rmse,5122175,L4N4,0,L4N4 s0,29.066793176294784,0.6998088506690505,1.0027711299909015,28.288592957281406,True
force_rmse,5122175,L4N4,7,L4N4 s7,4.636306978244165,0.7121068102430937,1.0548637193503148,3.720101560055517,True
force_rmse,5122175,L4N4,42,L4N4 s42,11.397778709991584,0.7284919982471453,1.294255059768757,8.243573499068033,True
force_rmse,5122175,L4N4,1776,L4N4 s1776,13.314915443289754,0.7028454213925167,2.376875554184212,5.306154964526923,True
force_rmse,6783556,L3N4,0,L3N4 s0,17.218913742342906,0.7487737191471382,1.062059810771518,15.507733044932067,True
force_rmse,6783556,L3N4,1,L3N4 s1,10.341916612217268,0.7759377503699537,2.727832319847768,3.5068060423820926,True
force_rmse,6783556,L3N4,7,L3N4 s7,5.951117010276222,0.7593240561979255,1.803635935018513,2.8785149227052886,True
force_rmse,6783556,L3N4,42,L3N4 s42,6.783245726229793,3.06855626350397,635.9190477885116,0.0058414502217603356,False
force_rmse,6783556,L3N4,101,L3N4 s101,27.970782811567044,0.7459622809873312,1.2523542465365345,21.73891341517122,True
force_rmse,6783556,L3N4,202,L3N4 s202,6.954146163623334,0.8431210359313008,7.652568671926223,0.7985586787493449,False
force_rmse,6783556,L3N5,0,L3N5 s0,16.273715512974885,0.9302972736635371,1.2755249187294415,12.02910112849463,True
force_rmse,6783556,L3N5,1,L3N5 s1,9.48832375184871,0.77667101360709,1.0342250207399561,8.423362966029098,True
force_rmse,6783556,L3N5,2,L3N5 s2,23.551175803003847,0.8995919849183872,2.005835693119988,11.292841131394932,True
force_rmse,6783556,L3N5,3,L3N5 s3,7.880805279986482,1.3426306001985093,150.97216563344338,0.043307153026224024,False
force_rmse,6783556,L3N5,4,L3N5 s4,9.597581966162984,0.767989277423989,1.1236320753312905,7.858081735639032,True
force_rmse,6783556,L3N5,7,L3N5 s7,12.463197966481983,0.8156407186690648,2.715445565417085,4.2893723947745155,True
force_rmse,6783556,L3N5,42,L3N5 s42,11.346997513826164,0.7763728265238862,1.0743564989113195,9.839028942454238,True
force_rmse,6783556,L3N5,1776,L3N5 s1776,12.776885630178224,0.8445330250675972,11.79982220048153,1.0112315594572,False
force_rmse,6783556,L4N3,7,L4N3 s7,18.486541153892045,0.7753723255357129,1.0564935853803457,16.7641044616283,True
force_rmse,6783556,L4N3,42,L4N3 s42,12.731562845054594,0.809886800124928,2.047969306208862,5.821218125089339,True
force_rmse,6783556,L4N3,101,L4N3 s101,13.466861992573689,0.8257259389713092,1.1601534754277159,10.896089458286498,True
force_rmse,6783556,L4N3,202,L4N3 s202,15.682041307775664,0.7987275902263791,1.2491149539856543,11.915087294455859,True
force_rmse,6783556,L4N3,303,L4N3 s303,16.713865775838922,0.8081150269731313,1.0942569696426558,14.535663185275416,True
force_rmse,6783556,L4N3,1776,L4N3 s1776,15.875236129581786,0.7893848742178087,1.2645035356073908,11.930256286802432,True
force_rmse,6783556,L4N4,0,L4N4 s0,28.15581150687924,0.6998088506690505,1.0027711299909015,27.38012876024792,True
force_rmse,6783556,L4N4,7,L4N4 s7,17.260913347669085,0.7121068102430937,1.0548637193503148,15.68809907275825,True
force_rmse,6783556,L4N4,42,L4N4 s42,8.633333203389663,0.7284919982471453,1.294255059768757,6.107637861238005,True
force_rmse,6783556,L4N4,1776,L4N4 s1776,11.312018068315664,0.7028454213925167,2.376875554184212,4.463495208340603,True
force_rmse,5080875,L3N4,0,L3N4 s0,3.1669622443540657,0.7487737191471382,1.062059810771518,2.276885445321831,True
force_rmse,5080875,L3N4,1,L3N4 s1,5.129311664008358,0.7759377503699537,2.727832319847768,1.5959096466315617,False
force_rmse,5080875,L3N4,7,L3N4 s7,2.9054459177028287,0.7593240561979255,1.803635935018513,1.1898863954952608,False
force_rmse,5080875,L3N4,42,L3N4 s42,2.8968680699641527,3.06855626350397,635.9190477885116,-0.0002699843543559269,False
force_rmse,5080875,L3N4,101,L3N4 s101,2.656057774927873,0.7459622809873312,1.2523542465365345,1.5252038304840925,False
force_rmse,5080875,L3N4,202,L3N4 s202,5.6980754761743375,0.8431210359313008,7.652568671926223,0.6344215450236528,False
force_rmse,5080875,L3N5,0,L3N5 s0,6.790411797771799,0.9302972736635371,1.2755249187294415,4.59427678601964,True
force_rmse,5080875,L3N5,1,L3N5 s1,3.775025126644717,0.77667101360709,1.0342250207399561,2.8991312846912143,True
force_rmse,5080875,L3N5,2,L3N5 s2,1.916961264404695,0.8995919849183872,2.005835693119988,0.5072046942707632,False
force_rmse,5080875,L3N5,3,L3N5 s3,4.761827774463511,1.3426306001985093,150.97216563344338,0.022647864657162876,False
force_rmse,5080875,L3N5,4,L3N5 s4,5.040182441261331,0.767989277423989,1.1236320753312905,3.8021281677792382,True
force_rmse,5080875,L3N5,7,L3N5 s7,3.2237041273523817,0.8156407186690648,2.715445565417085,0.8868023131641914,False
force_rmse,5080875,L3N5,42,L3N5 s42,5.0975590413240806,0.7763728265238862,1.0743564989113195,4.022115768070463,True
force_rmse,5080875,L3N5,1776,L3N5 s1776,2.712032673795244,0.8445330250675972,11.79982220048153,0.15826506679494182,False
force_rmse,5080875,L4N3,7,L4N3 s7,6.537574682731004,0.7753723255357129,1.0564935853803457,5.454081725560932,True
force_rmse,5080875,L4N3,42,L4N3 s42,3.3442416508337938,0.809886800124928,2.047969306208862,1.2374965010585952,False
force_rmse,5080875,L4N3,101,L4N3 s101,4.586883349726888,0.8257259389713092,1.1601534754277159,3.241948147738769,True
force_rmse,5080875,L4N3,202,L4N3 s202,3.063898504729008,0.7987275902263791,1.2491149539856543,1.813420700212547,False
force_rmse,5080875,L4N3,303,L4N3 s303,5.448468530062018,0.8081150269731313,1.0942569696426558,4.240643314891799,True
force_rmse,5080875,L4N3,1776,L4N3 s1776,3.865922823974346,0.7893848742178087,1.2645035356073908,2.4330006703213805,True
force_rmse,5080875,L4N4,0,L4N4 s0,3.3735825124643157,0.6998088506690505,1.0027711299909015,2.6663847630112025,True
force_rmse,5080875,L4N4,7,L4N4 s7,28.25312786147607,0.7121068102430937,1.0548637193503148,26.108605828433795,True
force_rmse,5080875,L4N4,42,L4N4 s42,3.021146168725114,0.7284919982471453,1.294255059768757,1.771408311811116,False
force_rmse,5080875,L4N4,1776,L4N4 s1776,2.5211479945000788,0.7028454213925167,2.376875554184212,0.7649969599403943,False
force_rmse,3083175,L3N4,0,L3N4 s0,17.709937718160194,0.7487737191471382,1.062059810771518,15.970064799544447,True
force_rmse,3083175,L3N4,1,L3N4 s1,25.904793290686104,0.7759377503699537,2.727832319847768,9.212023538792337,True
force_rmse,3083175,L3N4,7,L3N4 s7,19.801314964887595,0.7593240561979255,1.803635935018513,10.55755795223398,True
force_rmse,3083175,L3N4,42,L3N4 s42,23.254063924516554,3.06855626350397,635.9190477885116,0.03174225985400221,False
force_rmse,3083175,L3N4,101,L3N4 s101,19.490669329030325,0.7459622809873312,1.2523542465365345,14.967575747742842,True
force_rmse,3083175,L3N4,202,L3N4 s202,20.8606200560887,0.8431210359313008,7.652568671926223,2.6157882246248185,True
force_rmse,3083175,L3N5,0,L3N5 s0,33.498340411123465,0.9302972736635371,1.2755249187294415,25.533051263240836,True
force_rmse,3083175,L3N5,1,L3N5 s1,18.745845744194547,0.77667101360709,1.0342250207399561,17.374531045217864,True
force_rmse,3083175,L3N5,2,L3N5 s2,18.071082752807904,0.8995919849183872,2.005835693119988,8.560766381208436,True
force_rmse,3083175,L3N5,3,L3N5 s3,15.218641032068358,1.3426306001985093,150.97216563344338,0.09191105111097402,False
force_rmse,3083175,L3N5,4,L3N5 s4,21.914267966571767,0.767989277423989,1.1236320753312905,18.81957551177331,True
force_rmse,3083175,L3N5,7,L3N5 s7,19.8836378820803,0.8156407186690648,2.715445565417085,7.022050968818608,True
force_rmse,3083175,L3N5,42,L3N5 s42,22.668800031389445,0.7763728265238862,1.0743564989113195,20.3772464978337,True
force_rmse,3083175,L3N5,1776,L3N5 s1776,23.326498822895797,0.8445330250675972,11.79982220048153,1.9052800470934848,False
force_rmse,3083175,L4N3,7,L4N3 s7,20.04804816788666,0.7753723255357129,1.0564935853803457,18.242113448717852,True
force_rmse,3083175,L4N3,42,L4N3 s42,18.470367852987973,0.809886800124928,2.047969306208862,8.623411004902016,True
force_rmse,3083175,L4N3,101,L4N3 s101,18.51735284810617,0.8257259389713092,1.1601534754277159,15.249384916605502,True
force_rmse,3083175,L4N3,202,L4N3 s202,15.513538241600044,0.7987275902263791,1.2491149539856543,11.780189328789877,True
force_rmse,3083175,L4N3,303,L4N3 s303,17.250336888695184,0.8081150269731313,1.0942569696426558,15.025923816680354,True
force_rmse,3083175,L4N3,1776,L4N3 s1776,16.9677328149493,0.7893848742178087,1.2645035356073908,12.794229106651247,True
force_rmse,3083175,L4N4,0,L4N4 s0,17.95466287000562,0.6998088506690505,1.0027711299909015,17.207170712516554,True
force_rmse,3083175,L4N4,7,L4N4 s7,23.503284762400806,0.7121068102430937,1.0548637193503148,21.605803227543635,True
force_rmse,3083175,L4N4,42,L4N4 s42,17.602512383971238,0.7284919982471453,1.294255059768757,13.037631383677152,True
force_rmse,3083175,L4N4,1776,L4N4 s1776,14.81608263978391,0.7028454213925167,2.376875554184212,5.937726606488373,True
force_rmse,6346262,L3N4,0,L3N4 s0,0.4094133238869437,0.7487737191471382,1.062059810771518,-0.319530399153011,False
force_rmse,6346262,L3N4,1,L3N4 s1,0.554282055156354,0.7759377503699537,2.727832319847768,-0.08125708226302182,False
force_rmse,6346262,L3N4,7,L3N4 s7,0.2535241970277601,0.7593240561979255,1.803635935018513,-0.2804334563033497,False
force_rmse,6346262,L3N4,42,L3N4 s42,0.4430702943481586,3.06855626350397,635.9190477885116,-0.004128648101179338,False
force_rmse,6346262,L3N4,101,L3N4 s101,31.69895568285088,0.7459622809873312,1.2523542465365345,24.715844967560916,True
force_rmse,6346262,L3N4,202,L3N4 s202,0.3075332871294241,0.8431210359313008,7.652568671926223,-0.06998797028332505,False
force_rmse,6346262,L3N5,0,L3N5 s0,0.8592591574177042,0.9302972736635371,1.2755249187294415,-0.055693240643698606,False
force_rmse,6346262,L3N5,1,L3N5 s1,0.3701342308151537,0.77667101360709,1.0342250207399561,-0.39308349212154214,False
force_rmse,6346262,L3N5,2,L3N5 s2,0.4148061551283754,0.8995919849183872,2.005835693119988,-0.24168770724981423,False
force_rmse,6346262,L3N5,3,L3N5 s3,0.421580082847716,1.3426306001985093,150.97216563344338,-0.006100796881903919,False
force_rmse,6346262,L3N5,4,L3N5 s4,0.4747430591181606,0.767989277423989,1.1236320753312905,-0.26098064014358796,False
force_rmse,6346262,L3N5,7,L3N5 s7,0.5741987280915789,0.8156407186690648,2.715445565417085,-0.08891431802294336,False
force_rmse,6346262,L3N5,42,L3N5 s42,0.5373165464425441,0.7763728265238862,1.0743564989113195,-0.2225111313829121,False
force_rmse,6346262,L3N5,1776,L3N5 s1776,0.3393429057010341,0.8445330250675972,11.79982220048153,-0.04281336708157748,False
force_rmse,6346262,L4N3,7,L4N3 s7,0.6631744166950126,0.7753723255357129,1.0564935853803457,-0.1061983815077383,False
force_rmse,6346262,L4N3,42,L4N3 s42,0.8875070701950653,0.809886800124928,2.047969306208862,0.037901090526510646,False
force_rmse,6346262,L4N3,101,L4N3 s101,0.5521245827824863,0.8257259389713092,1.1601534754277159,-0.23583203600536884,False
force_rmse,6346262,L4N3,202,L4N3 s202,0.6514698487119771,0.7987275902263791,1.2491149539856543,-0.11788966343292466,False
force_rmse,6346262,L4N3,303,L4N3 s303,0.3741677852113363,0.8081150269731313,1.0942569696426558,-0.39656794866338047,False
force_rmse,6346262,L4N3,1776,L4N3 s1776,0.372357182685469,0.7893848742178087,1.2645035356073908,-0.3297955915418021,False
force_rmse,6346262,L4N4,0,L4N4 s0,0.2266545604449056,0.6998088506690505,1.0027711299909015,-0.47184674156747813,False
force_rmse,6346262,L4N4,7,L4N4 s7,0.4917576871387687,0.7121068102430937,1.0548637193503148,-0.20888871146316126,False
force_rmse,6346262,L4N4,42,L4N4 s42,0.3357997681931933,0.7284919982471453,1.294255059768757,-0.30341177891482524,False
force_rmse,6346262,L4N4,1776,L4N4 s1776,0.4254037603668702,0.7028454213925167,2.376875554184212,-0.11672536264561384,False
force_rmse,6660541,L3N4,0,L3N4 s0,16.231976933070154,0.7487737191471382,1.062059810771518,14.578466350850304,True
force_rmse,6660541,L3N4,1,L3N4 s1,13.185477270479655,0.7759377503699537,2.727832319847768,4.549231061534691,True
force_rmse,6660541,L3N4,7,L3N4 s7,20.06270298029723,0.7593240561979255,1.803635935018513,10.70248077747529,True
force_rmse,6660541,L3N4,42,L3N4 s42,26.41399720792672,3.06855626350397,635.9190477885116,0.03671134089411136,False
force_rmse,6660541,L3N4,101,L3N4 s101,20.09717665455973,0.7459622809873312,1.2523542465365345,15.451869490672799,True
force_rmse,6660541,L3N4,202,L3N4 s202,22.18732482283079,0.8431210359313008,7.652568671926223,2.7891554720967897,True
force_rmse,6660541,L3N5,0,L3N5 s0,20.828248938857215,0.9302972736635371,1.2755249187294415,15.599814141627396,True
force_rmse,6660541,L3N5,1,L3N5 s1,15.500864385222403,0.77667101360709,1.0342250207399561,14.236934009854652,True
force_rmse,6660541,L3N5,2,L3N5 s2,15.066459919526606,0.8995919849183872,2.005835693119988,7.062825725556956,True
force_rmse,6660541,L3N5,3,L3N5 s3,22.06745766103782,1.3426306001985093,150.97216563344338,0.13727581487542986,False
force_rmse,6660541,L3N5,4,L3N5 s4,18.98106427673095,0.767989277423989,1.1236320753312905,16.209109190779408,True
force_rmse,6660541,L3N5,7,L3N5 s7,17.605947863742266,0.8156407186690648,2.715445565417085,6.183260441272832,True
force_rmse,6660541,L3N5,42,L3N5 s42,19.86012341768144,0.7763728265238862,1.0743564989113195,17.76295913925754,True
force_rmse,6660541,L3N5,1776,L3N5 s1776,17.50494076207513,0.8445330250675972,11.79982220048153,1.4119202352326672,False
force_rmse,6660541,L4N3,7,L4N3 s7,22.903378941296143,0.7753723255357129,1.0564935853803457,20.944761919963934,True
force_rmse,6660541,L4N3,42,L4N3 s42,23.71857332304348,0.809886800124928,2.047969306208862,11.186049738863717,True
force_rmse,6660541,L4N3,101,L4N3 s101,19.96032954263694,0.8257259389713092,1.1601534754277159,16.493165782752357,True
force_rmse,6660541,L4N3,202,L4N3 s202,22.89880620710697,0.7987275902263791,1.2491149539856543,17.69258989844293,True
force_rmse,6660541,L4N3,303,L4N3 s303,27.02039742910162,0.8081150269731313,1.0942569696426558,23.954412107321062,True
force_rmse,6660541,L4N3,1776,L4N3 s1776,15.744590482460076,0.7893848742178087,1.2645035356073908,11.826938547118171,True
force_rmse,6660541,L4N4,0,L4N4 s0,23.04780223351211,0.6998088506690505,1.0027711299909015,22.286235327742066,True
force_rmse,6660541,L4N4,7,L4N4 s7,19.788301299820123,0.7121068102430937,1.0548637193503148,18.084036961026552,True
force_rmse,6660541,L4N4,42,L4N4 s42,17.177784395653326,0.7284919982471453,1.294255059768757,12.709467328909,True
force_rmse,6660541,L4N4,1776,L4N4 s1776,17.54397529046044,0.7028454213925167,2.376875554184212,7.085406654724132,True
force_rmse,7012853,L3N4,0,L3N4 s0,25.30043335252112,0.7487737191471382,1.062059810771518,23.117021644514338,True
force_rmse,7012853,L3N4,1,L3N4 s1,28.44245786603748,0.7759377503699537,2.727832319847768,10.142309669976894,True
force_rmse,7012853,L3N4,7,L3N4 s7,22.798870481607977,0.7593240561979255,1.803635935018513,12.219509490524668,True
force_rmse,7012853,L3N4,42,L3N4 s42,26.174426386366324,3.06855626350397,635.9190477885116,0.03633460926074777,False
force_rmse,7012853,L3N4,101,L3N4 s101,20.96812535455397,0.7459622809873312,1.2523542465365345,16.147318643660384,True
force_rmse,7012853,L3N4,202,L3N4 s202,25.122905462618395,0.8431210359313008,7.652568671926223,3.172762698067451,True
force_rmse,7012853,L3N5,0,L3N5 s0,30.88747287406618,0.9302972736635371,1.2755249187294415,23.48615472776743,True
force_rmse,7012853,L3N5,1,L3N5 s1,21.746794036345413,0.77667101360709,1.0342250207399561,20.2761706613275,True
force_rmse,7012853,L3N5,2,L3N5 s2,27.087679222527974,0.8995919849183872,2.005835693119988,13.055948364781157,True
force_rmse,7012853,L3N5,3,L3N5 s3,21.66028664901637,1.3426306001985093,150.97216563344338,0.1345788209606042,False
force_rmse,7012853,L3N5,4,L3N5 s4,18.574150664430302,0.767989277423989,1.1236320753312905,15.846967862461884,True
force_rmse,7012853,L3N5,7,L3N5 s7,27.27691538630438,0.8156407186690648,2.715445565417085,9.744726613059886,True
force_rmse,7012853,L3N5,42,L3N5 s42,24.68060812661992,0.7763728265238862,1.0743564989113195,22.249816819946616,True
force_rmse,7012853,L3N5,1776,L3N5 s1776,21.277924510585063,0.8445330250675972,11.79982220048153,1.731669438602525,False
force_rmse,7012853,L4N3,7,L4N3 s7,19.37996382860312,0.7753723255357129,1.0564935853803457,17.609753396060245,True
force_rmse,7012853,L4N3,42,L4N3 s42,25.522699575416343,0.809886800124928,2.047969306208862,12.066983963269946,True
force_rmse,7012853,L4N3,101,L4N3 s101,23.851391913841766,0.8257259389713092,1.1601534754277159,19.84708615071945,True
force_rmse,7012853,L4N3,202,L4N3 s202,16.56984954825392,0.7987275902263791,1.2491149539856543,12.625837123881448,True
force_rmse,7012853,L4N3,303,L4N3 s303,19.43366098872175,0.8081150269731313,1.0942569696426558,17.021181019144926,True
force_rmse,7012853,L4N3,1776,L4N3 s1776,18.55757721123057,0.7893848742178087,1.2645035356073908,14.051516533307277,True
force_rmse,7012853,L4N4,0,L4N4 s0,23.821380609346598,0.6998088506690505,1.0027711299909015,23.057675941355967,True
force_rmse,7012853,L4N4,7,L4N4 s7,19.64038795361377,0.7121068102430937,1.0548637193503148,17.943816624036053,True
force_rmse,7012853,L4N4,42,L4N4 s42,22.09812033662112,0.7284919982471453,1.294255059768757,16.511141430030076,True
force_rmse,7012853,L4N4,1776,L4N4 s1776,31.9337021974656,0.7028454213925167,2.376875554184212,13.139458109657784,True
force_rmse,6592784,L3N4,0,L3N4 s0,13.220728411360025,0.7487737191471382,1.062059810771518,11.743175446167024,True
force_rmse,6592784,L3N4,1,L3N4 s1,14.043899656120674,0.7759377503699537,2.727832319847768,4.863921366871686,True
force_rmse,6592784,L3N4,7,L3N4 s7,12.113707024618908,0.7593240561979255,1.803635935018513,6.295274311167701,True
force_rmse,6592784,L3N4,42,L3N4 s42,9.482699233916051,3.06855626350397,635.9190477885116,0.01008641428923708,False
force_rmse,6592784,L3N4,101,L3N4 s101,14.495038490869032,0.7459622809873312,1.2523542465365345,10.978583933344456,True
force_rmse,6592784,L3N4,202,L3N4 s202,13.786951239098732,0.8431210359313008,7.652568671926223,1.6914360077097288,False
force_rmse,6592784,L3N5,0,L3N5 s0,16.732264072309164,0.9302972736635371,1.2755249187294415,12.388599051742608,True
force_rmse,6592784,L3N5,1,L3N5 s1,7.791266321102305,0.77667101360709,1.0342250207399561,6.782465292201583,True
force_rmse,6592784,L3N5,2,L3N5 s2,10.55533480693741,0.8995919849183872,2.005835693119988,4.813825407104979,True
force_rmse,6592784,L3N5,3,L3N5 s3,9.352898100835388,1.3426306001985093,150.97216563344338,0.05305790949628163,False
force_rmse,6592784,L3N5,4,L3N5 s4,16.577079307417506,0.767989277423989,1.1236320753312905,14.069632201743957,True
force_rmse,6592784,L3N5,7,L3N5 s7,11.03885460406124,0.8156407186690648,2.715445565417085,3.7648384543558024,True
force_rmse,6592784,L3N5,42,L3N5 s42,13.43836983004069,0.7763728265238862,1.0743564989113195,11.785656824664457,True
force_rmse,6592784,L3N5,1776,L3N5 s1776,15.94924301296622,0.8445330250675972,11.79982220048153,1.2800794563906415,False
force_rmse,6592784,L4N3,7,L4N3 s7,15.1561972737178,0.7753723255357129,1.0564935853803457,13.61184312634031,True
force_rmse,6592784,L4N3,42,L4N3 s42,19.410006842538348,0.809886800124928,2.047969306208862,9.082225981621468,True
force_rmse,6592784,L4N3,101,L4N3 s101,17.22613410457612,0.8257259389713092,1.1601534754277159,14.136412563482983,True
force_rmse,6592784,L4N3,202,L4N3 s202,9.852475848089872,0.7987275902263791,1.2491149539856543,7.2481305495342525,True
force_rmse,6592784,L4N3,303,L4N3 s303,12.115054117460147,0.8081150269731313,1.0942569696426558,10.332983388883003,True
force_rmse,6592784,L4N3,1776,L4N3 s1776,30.463795728168822,0.7893848742178087,1.2645035356073908,23.467242295765686,True
force_rmse,6592784,L4N4,0,L4N4 s0,12.374855269529506,0.6998088506690505,1.0027711299909015,11.64278275439221,True
force_rmse,6592784,L4N4,7,L4N4 s7,14.157116815348498,0.7121068102430937,1.0548637193503148,12.745731755175084,True
force_rmse,6592784,L4N4,42,L4N4 s42,13.359755678163816,0.7284919982471453,1.294255059768757,9.759485647422142,True
force_rmse,6592784,L4N4,1776,L4N4 s1776,11.265297647065449,0.7028454213925167,2.376875554184212,4.443838974690521,True
force_rmse,5601802,L3N4,0,L3N4 s0,9.990850416261788,0.7487737191471382,1.062059810771518,8.702030340834455,True
force_rmse,5601802,L3N4,1,L3N4 s1,13.078711447384483,0.7759377503699537,2.727832319847768,4.510091623850658,True
force_rmse,5601802,L3N4,7,L3N4 s7,4.732375749534104,0.7593240561979255,1.803635935018513,2.20280136151501,True
force_rmse,5601802,L3N4,42,L3N4 s42,9.018505026804345,3.06855626350397,635.9190477885116,0.009356456272212743,False
force_rmse,5601802,L3N4,101,L3N4 s101,6.452822293011397,0.7459622809873312,1.2523542465365345,4.556905546339426,True
force_rmse,5601802,L3N4,202,L3N4 s202,12.659130985585078,0.8431210359313008,7.652568671926223,1.5440580093062501,False
force_rmse,5601802,L3N5,0,L3N5 s0,12.26691228584611,0.9302972736635371,1.2755249187294415,8.88780363732529,True
force_rmse,5601802,L3N5,1,L3N5 s1,9.407152730763546,0.77667101360709,1.0342250207399561,8.344878091405691,True
force_rmse,5601802,L3N5,2,L3N5 s2,7.126908141900778,0.8995919849183872,2.005835693119988,3.104599334004311,True
force_rmse,5601802,L3N5,3,L3N5 s3,12.265186871230911,1.3426306001985093,150.97216563344338,0.07234814593275488,False
force_rmse,5601802,L3N5,4,L3N5 s4,7.27955684146448,0.767989277423989,1.1236320753312905,5.79510651840428,True
force_rmse,5601802,L3N5,7,L3N5 s7,13.86436818685454,0.8156407186690648,2.715445565417085,4.805372508427075,True
force_rmse,5601802,L3N5,42,L3N5 s42,8.568735976145359,0.7763728265238862,1.0743564989113195,7.253051624407474,True
force_rmse,5601802,L3N5,1776,L3N5 s1776,5.378958356683941,0.8445330250675972,11.79982220048153,0.3842791234118173,False
force_rmse,5601802,L4N3,7,L4N3 s7,10.388614478225662,0.7753723255357129,1.0564935853803457,9.09919594942842,True
force_rmse,5601802,L4N3,42,L4N3 s42,16.070773465480773,0.809886800124928,2.047969306208862,7.4517164974539245,True
force_rmse,5601802,L4N3,101,L4N3 s101,8.361986133413877,0.8257259389713092,1.1601534754277159,6.495916578333881,True
force_rmse,5601802,L4N3,202,L4N3 s202,9.800678184298883,0.7987275902263791,1.2491149539856543,7.206663057990969,True
force_rmse,5601802,L4N3,303,L4N3 s303,8.695572488411239,0.8081150269731313,1.0942569696426558,7.20804863962974,True
force_rmse,5601802,L4N3,1776,L4N3 s1776,9.411727648556411,0.7893848742178087,1.2645035356073908,6.818757347481003,True
force_rmse,5601802,L4N4,0,L4N4 s0,11.033933188228296,0.6998088506690505,1.0027711299909015,10.305566273784738,True
force_rmse,5601802,L4N4,7,L4N4 s7,25.40240449469015,0.7121068102430937,1.0548637193503148,23.406149279315137,True
force_rmse,5601802,L4N4,42,L4N4 s42,11.715329159171375,0.7284919982471453,1.294255059768757,8.488927339319991,True
force_rmse,5601802,L4N4,1776,L4N4 s1776,10.647881091599391,0.7028454213925167,2.376875554184212,4.1840792433157885,True
force_rmse,5691181,L3N4,0,L3N4 s0,25.578004225868764,0.7487737191471382,1.062059810771518,23.378373096224017,True
force_rmse,5691181,L3N4,1,L3N4 s1,23.22696878378025,0.7759377503699537,2.727832319847768,8.2303559753494,True
force_rmse,5691181,L3N4,7,L3N4 s7,19.39460823426832,0.7593240561979255,1.803635935018513,10.332065255663203,True
force_rmse,5691181,L3N4,42,L3N4 s42,23.578466190415615,3.06855626350397,635.9190477885116,0.03225239124105094,False
force_rmse,5691181,L3N4,101,L3N4 s101,21.844877151281853,0.7459622809873312,1.2523542465365345,16.847401546842608,True
force_rmse,5691181,L3N4,202,L3N4 s202,21.5080307334171,0.8431210359313008,7.652568671926223,2.7003886646971114,True
force_rmse,5691181,L3N5,0,L3N5 s0,21.95528160854904,0.9302972736635371,1.2755249187294415,16.48339756139662,True
force_rmse,5691181,L3N5,1,L3N5 s1,20.07622495339653,0.77667101360709,1.0342250207399561,18.66088477146028,True
force_rmse,5691181,L3N5,2,L3N5 s2,22.751180782862303,0.8995919849183872,2.005835693119988,10.894007357080552,True
force_rmse,5691181,L3N5,3,L3N5 s3,21.924375404408163,1.3426306001985093,150.97216563344338,0.13632807556183313,False
force_rmse,5691181,L3N5,4,L3N5 s4,17.196825109023358,0.767989277423989,1.1236320753312905,14.621188013661419,True
force_rmse,5691181,L3N5,7,L3N5 s7,22.827261166198262,0.8156407186690648,2.715445565417085,8.10608053715423,True
force_rmse,5691181,L3N5,42,L3N5 s42,23.185749743819205,0.7763728265238862,1.0743564989113195,20.858417983233192,True
force_rmse,5691181,L3N5,1776,L3N5 s1776,22.57819710601081,0.8445330250675972,11.79982220048153,1.8418636918153137,False
force_rmse,5691181,L4N3,7,L4N3 s7,17.559778026266006,0.7753723255357129,1.0564935853803457,15.886897878975555,True
force_rmse,5691181,L4N3,42,L4N3 s42,19.11277879241175,0.809886800124928,2.047969306208862,8.937092922632017,True
force_rmse,5691181,L4N3,101,L4N3 s101,18.49373752492066,0.8257259389713092,1.1601534754277159,15.229029572518975,True
force_rmse,5691181,L4N3,202,L4N3 s202,21.66747252978263,0.7987275902263791,1.2491149539856543,16.70682499874701,True
force_rmse,5691181,L4N3,303,L4N3 s303,24.26458259766039,0.8081150269731313,1.0942569696426558,21.435977308280048,True
force_rmse,5691181,L4N3,1776,L4N3 s1776,24.577579974816206,0.7893848742178087,1.2645035356073908,18.812280417367113,True
force_rmse,5691181,L4N4,0,L4N4 s0,20.153226576045597,0.6998088506690505,1.0027711299909015,19.399658749203375,True
force_rmse,5691181,L4N4,7,L4N4 s7,18.973611317414903,0.7121068102430937,1.0548637193503148,17.31171920332892,True
force_rmse,5691181,L4N4,42,L4N4 s42,21.01876255257799,0.7284919982471453,1.294255059768757,15.677180785336148,True
force_rmse,5691181,L4N4,1776,L4N4 s1776,15.126512173286862,0.7028454213925167,2.376875554184212,6.068330639567209,True
force_rmse,4429570,L3N4,0,L3N4 s0,10.710872091825047,0.7487737191471382,1.062059810771518,9.379978671296382,True
force_rmse,4429570,L3N4,1,L3N4 s1,8.338891022622501,0.7759377503699537,2.727832319847768,2.772513991136601,True
force_rmse,4429570,L3N4,7,L3N4 s7,7.537920456199805,0.7593240561979255,1.803635935018513,3.7582952681258828,True
force_rmse,4429570,L3N4,42,L3N4 s42,14.43882407355126,3.06855626350397,635.9190477885116,0.01788005540892166,False
force_rmse,4429570,L3N4,101,L3N4 s101,14.587023608345609,0.7459622809873312,1.2523542465365345,11.052033692253302,True
force_rmse,4429570,L3N4,202,L3N4 s202,13.869738335756306,0.8431210359313008,7.652568671926223,1.7022542179351767,False
force_rmse,4429570,L3N5,0,L3N5 s0,17.511199305854642,0.9302972736635371,1.2755249187294415,12.99927722988544,True
force_rmse,4429570,L3N5,1,L3N5 s1,12.733706104499063,0.77667101360709,1.0342250207399561,11.561347725214658,True
force_rmse,4429570,L3N5,2,L3N5 s2,14.2533188042887,0.8995919849183872,2.005835693119988,6.657438027039586,True
force_rmse,4429570,L3N5,3,L3N5 s3,13.533889264787762,1.3426306001985093,150.97216563344338,0.08075169759563046,False
force_rmse,4429570,L3N5,4,L3N5 s4,14.195499803597684,0.767989277423989,1.1236320753312905,11.950095428002749,True
force_rmse,4429570,L3N5,7,L3N5 s7,14.528444011234756,0.8156407186690648,2.715445565417085,5.049927520995783,True
force_rmse,4429570,L3N5,42,L3N5 s42,10.779955105231368,0.7763728265238862,1.0743564989113195,9.31123168970862,True
force_rmse,4429570,L3N5,1776,L3N5 s1776,8.563383707512639,0.8445330250675972,11.79982220048153,0.6541497449114148,False
force_rmse,4429570,L4N3,7,L4N3 s7,16.40384185779336,0.7753723255357129,1.0564935853803457,14.792772761257496,True
force_rmse,4429570,L4N3,42,L4N3 s42,10.076847132112874,0.809886800124928,2.047969306208862,4.524950790958219,True
force_rmse,4429570,L4N3,101,L4N3 s101,20.46647071101015,0.8257259389713092,1.1601534754277159,16.92943665474764,True
force_rmse,4429570,L4N3,202,L4N3 s202,10.489542626037595,0.7987275902263791,1.2491149539856543,7.758145080955065,True
force_rmse,4429570,L4N3,303,L4N3 s303,12.705818681551351,0.8081150269731313,1.0942569696426558,10.87286074902824,True
force_rmse,4429570,L4N3,1776,L4N3 s1776,10.20955140026398,0.7893848742178087,1.2645035356073908,7.449695679594359,True
force_rmse,4429570,L4N4,0,L4N4 s0,23.07039844318899,0.6998088506690505,1.0027711299909015,22.308769093425052,True
force_rmse,4429570,L4N4,7,L4N4 s7,13.36415318919603,0.7121068102430937,1.0548637193503148,11.99401036064191,True
force_rmse,4429570,L4N4,42,L4N4 s42,16.681796605187017,0.7284919982471453,1.294255059768757,12.326244727828401,True
force_rmse,4429570,L4N4,1776,L4N4 s1776,10.353563178475031,0.7028454213925167,2.376875554184212,4.060253697377447,True
force_rmse,5225014,L3N4,0,L3N4 s0,16.636875869647735,0.7487737191471382,1.062059810771518,14.959705648742055,True
force_rmse,5225014,L3N4,1,L3N4 s1,9.387008681093258,0.7759377503699537,2.727832319847768,3.156744961216627,True
force_rmse,5225014,L3N4,7,L3N4 s7,21.812170273080827,0.7593240561979255,1.803635935018513,11.672447752970063,True
force_rmse,5225014,L3N4,42,L3N4 s42,10.943078386556552,3.06855626350397,635.9190477885116,0.012382900229891244,False
force_rmse,5225014,L3N4,101,L3N4 s101,7.486811828603072,0.7459622809873312,1.2523542465365345,5.382542173077617,True
force_rmse,5225014,L3N4,202,L3N4 s202,7.24804342973162,0.8431210359313008,7.652568671926223,0.8369637266107853,False
force_rmse,5225014,L3N5,0,L3N5 s0,6.449655590660539,0.9302972736635371,1.2755249187294415,4.327127001560165,True
force_rmse,5225014,L3N5,1,L3N5 s1,11.430547356069171,0.77667101360709,1.0342250207399561,10.30131366850858,True
force_rmse,5225014,L3N5,2,L3N5 s2,9.711358569896255,0.8995919849183872,2.005835693119988,4.393065002882444,True
force_rmse,5225014,L3N5,3,L3N5 s3,5.2825496529544775,1.3426306001985093,150.97216563344338,0.02609698970816907,False
force_rmse,5225014,L3N5,4,L3N5 s4,11.960433296947736,0.767989277423989,1.1236320753312905,9.960950977857923,True
force_rmse,5225014,L3N5,7,L3N5 s7,8.586838372033831,0.8156407186690648,2.715445565417085,2.8618499123443604,True
force_rmse,5225014,L3N5,42,L3N5 s42,14.106002249901756,0.7763728265238862,1.0743564989113195,12.40708222725438,True
force_rmse,5225014,L3N5,1776,L3N5 s1776,6.250272404453012,0.8445330250675972,11.79982220048153,0.45812040957403716,False
force_rmse,5225014,L4N3,7,L4N3 s7,8.60691539380988,0.7753723255357129,1.0564935853803457,7.412769160784589,True
force_rmse,5225014,L4N3,42,L4N3 s42,16.774734536065278,0.809886800124928,2.047969306208862,7.795452640593519,True
force_rmse,5225014,L4N3,101,L4N3 s101,11.603592832515403,0.8257259389713092,1.1601534754277159,9.29003543222641,True
force_rmse,5225014,L4N3,202,L4N3 s202,8.10349729486551,0.7987275902263791,1.2491149539856543,5.847956332066316,True
force_rmse,5225014,L4N3,303,L4N3 s303,24.99053727261687,0.8081150269731313,1.0942569696426558,22.09939979047228,True
force_rmse,5225014,L4N3,1776,L4N3 s1776,9.325828648035156,0.7893848742178087,1.2645035356073908,6.750826338905377,True
force_rmse,5225014,L4N4,0,L4N4 s0,21.39780129114321,0.6998088506690505,1.0027711299909015,20.640794116860903,True
force_rmse,5225014,L4N4,7,L4N4 s7,12.9924461227041,0.7121068102430937,1.0548637193503148,11.641635869346615,True
force_rmse,5225014,L4N4,42,L4N4 s42,7.373662231561182,0.7284919982471453,1.294255059768757,5.134359091863486,True
force_rmse,5225014,L4N4,1776,L4N4 s1776,8.618956313772951,0.7028454213925167,2.376875554184212,3.3304692281617547,True
force_rmse,4062509,L3N4,0,L3N4 s0,17.75557747298353,0.7487737191471382,1.062059810771518,16.013037666383443,True
force_rmse,4062509,L3N4,1,L3N4 s1,13.621718376441317,0.7759377503699537,2.727832319847768,4.70915332024083,True
force_rmse,4062509,L3N4,7,L3N4 s7,10.506389087207143,0.7593240561979255,1.803635935018513,5.404120001029571,True
force_rmse,4062509,L3N4,42,L3N4 s42,9.776336157072164,3.06855626350397,635.9190477885116,0.010548166337988052,False
force_rmse,4062509,L3N4,101,L3N4 s101,11.309485412212494,0.7459622809873312,1.2523542465365345,8.434932177089077,True
force_rmse,4062509,L3N4,202,L3N4 s202,12.318505486599609,0.8431210359313008,7.652568671926223,1.4995467460182683,False
force_rmse,4062509,L3N5,0,L3N5 s0,11.86884006911982,0.9302972736635371,1.2755249187294415,8.575718619713236,True
force_rmse,4062509,L3N5,1,L3N5 s1,18.4327297149986,0.77667101360709,1.0342250207399561,17.07177678679553,True
force_rmse,4062509,L3N5,2,L3N5 s2,13.765494274736298,0.8995919849183872,2.005835693119988,6.414235390240551,True
force_rmse,4062509,L3N5,3,L3N5 s3,12.01667536735308,1.3426306001985093,150.97216563344338,0.07070207095704571,False
force_rmse,4062509,L3N5,4,L3N5 s4,12.48583320553628,0.767989277423989,1.1236320753312905,10.428541677806246,True
force_rmse,4062509,L3N5,7,L3N5 s7,6.460856755353753,0.8156407186690648,2.715445565417085,2.07892808037844,True
force_rmse,4062509,L3N5,42,L3N5 s42,8.889446878627714,0.7763728265238862,1.0743564989113195,7.551566040066841,True
force_rmse,4062509,L3N5,1776,L3N5 s1776,18.692147223186037,0.8445330250675972,11.79982220048153,1.5125324682765227,False
force_rmse,4062509,L4N3,7,L4N3 s7,11.016280304952998,0.7753723255357129,1.0564935853803457,9.693298777323367,True
force_rmse,4062509,L4N3,42,L4N3 s42,10.601681393909844,0.809886800124928,2.047969306208862,4.781221361130253,True
force_rmse,4062509,L4N3,101,L4N3 s101,9.10061637509445,0.8257259389713092,1.1601534754277159,7.132582551694225,True
force_rmse,4062509,L4N3,202,L4N3 s202,17.141984125235048,0.7987275902263791,1.2491149539856543,13.083869088958458,True
force_rmse,4062509,L4N3,303,L4N3 s303,24.158208684292926,0.8081150269731313,1.0942569696426558,21.33876621772405,True
force_rmse,4062509,L4N3,1776,L4N3 s1776,8.089816787850488,0.7893848742178087,1.2645035356073908,5.7733582453970715,True
force_rmse,4062509,L4N4,0,L4N4 s0,11.7844019125159,0.6998088506690505,1.0027711299909015,11.053961098727907,True
force_rmse,4062509,L4N4,7,L4N4 s7,16.64334449080549,0.7121068102430937,1.0548637193503148,15.102650122780187,True
force_rmse,4062509,L4N4,42,L4N4 s42,5.498091554366113,0.7284919982471453,1.294255059768757,3.6852083521861183,True
force_rmse,4062509,L4N4,1776,L4N4 s1776,21.495958274775983,0.7028454213925167,2.376875554184212,8.748086460302735,True
force_rmse,7154162,L3N4,0,L3N4 s0,17.65535471180639,0.7487737191471382,1.062059810771518,15.918671266148099,True
force_rmse,7154162,L3N4,1,L3N4 s1,10.653051499561878,0.7759377503699537,2.727832319847768,3.62086543125317,True
force_rmse,7154162,L3N4,7,L3N4 s7,19.506859403063668,0.7593240561979255,1.803635935018513,10.394301301539167,True
force_rmse,7154162,L3N4,42,L3N4 s42,15.43621787541982,3.06855626350397,635.9190477885116,0.019448484292027335,False
force_rmse,7154162,L3N4,101,L3N4 s101,15.276483638786182,0.7459622809873312,1.2523542465365345,11.60256484775289,True
force_rmse,7154162,L3N4,202,L3N4 s202,15.29854296719993,0.8431210359313008,7.652568671926223,1.8889633730826836,False
force_rmse,7154162,L3N5,0,L3N5 s0,14.074983365004488,0.9302972736635371,1.2755249187294415,10.30531501057185,True
force_rmse,7154162,L3N5,1,L3N5 s1,13.535821407731008,0.77667101360709,1.0342250207399561,12.33691908265296,True
force_rmse,7154162,L3N5,2,L3N5 s2,21.45039135680045,0.8995919849183872,2.005835693119988,10.245504874786732,True
force_rmse,7154162,L3N5,3,L3N5 s3,15.767335433106572,1.3426306001985093,150.97216563344338,0.09554545880947937,False
force_rmse,7154162,L3N5,4,L3N5 s4,15.76918732729428,0.767989277423989,1.1236320753312905,13.350631740774535,True
force_rmse,7154162,L3N5,7,L3N5 s7,20.706937380650373,0.8156407186690648,2.715445565417085,7.325242278950291,True
force_rmse,7154162,L3N5,42,L3N5 s42,20.411571379661403,0.7763728265238862,1.0743564989113195,18.27624124118438,True
force_rmse,7154162,L3N5,1776,L3N5 s1776,26.94774820143692,0.8445330250675972,11.79982220048153,2.212170211793877,True
force_rmse,7154162,L4N3,7,L4N3 s7,16.10880711182154,0.7753723255357129,1.0564935853803457,14.513514325565618,True
force_rmse,7154162,L4N3,42,L4N3 s42,15.586164062282323,0.809886800124928,2.047969306208862,7.215087265888172,True
force_rmse,7154162,L4N3,101,L4N3 s101,21.50045422065809,0.8257259389713092,1.1601534754277159,17.820683831563397,True
force_rmse,7154162,L4N3,202,L4N3 s202,11.951437704831122,0.7987275902263791,1.2491149539856543,8.928489791126804,True
force_rmse,7154162,L4N3,303,L4N3 s303,11.202454694634666,0.8081150269731313,1.0942569696426558,9.498993340710403,True
force_rmse,7154162,L4N3,1776,L4N3 s1776,11.530612224556336,0.7893848742178087,1.2645035356073908,8.494422552309505,True
force_rmse,7154162,L4N4,0,L4N4 s0,10.20683680721204,0.6998088506690505,1.0027711299909015,9.480755550500591,True
force_rmse,7154162,L4N4,7,L4N4 s7,23.008564539778156,0.7121068102430937,1.0548637193503148,21.136813524373878,True
force_rmse,7154162,L4N4,42,L4N4 s42,13.375241039445404,0.7284919982471453,1.294255059768757,9.771450337971125,True
force_rmse,7154162,L4N4,1776,L4N4 s1776,12.140405087610286,0.7028454213925167,2.376875554184212,4.812014514635939,True
force_rmse,5619249,L3N4,0,L3N4 s0,14.77959509098961,0.7487737191471382,1.062059810771518,13.210952179472814,True
force_rmse,5619249,L3N4,1,L3N4 s1,18.4163301015535,0.7759377503699537,2.727832319847768,6.466816975087383,True
force_rmse,5619249,L3N4,7,L3N4 s7,15.363345446557348,0.7593240561979255,1.803635935018513,8.096989590202151,True
force_rmse,5619249,L3N4,42,L3N4 s42,13.74008083738985,3.06855626350397,635.9190477885116,0.016781262663852336,False
force_rmse,5619249,L3N4,101,L3N4 s101,14.665034520068517,0.7459622809873312,1.2523542465365345,11.1143251021628,True
force_rmse,5619249,L3N4,202,L3N4 s202,17.553947332145473,0.8431210359313008,7.652568671926223,2.183688512004937,True
force_rmse,5619249,L3N5,0,L3N5 s0,9.054376690538689,0.9302972736635371,1.2755249187294415,6.369204785875605,True
force_rmse,5619249,L3N5,1,L3N5 s1,11.53228687010928,0.77667101360709,1.0342250207399561,10.399686374641059,True
force_rmse,5619249,L3N5,2,L3N5 s2,10.184229511426311,0.8995919849183872,2.005835693119988,4.628812598337047,True
force_rmse,5619249,L3N5,3,L3N5 s3,11.361481666097657,1.3426306001985093,150.97216563344338,0.06636223984641425,False
force_rmse,5619249,L3N5,4,L3N5 s4,11.255822500251684,0.767989277423989,1.1236320753312905,9.33386777850345,True
force_rmse,5619249,L3N5,7,L3N5 s7,10.10373758691612,0.8156407186690648,2.715445565417085,3.4204688123882274,True
force_rmse,5619249,L3N5,42,L3N5 s42,6.948676663053653,0.7763728265238862,1.0743564989113195,5.7451170470736335,True
force_rmse,5619249,L3N5,1776,L3N5 s1776,12.221408779496356,0.8445330250675972,11.79982220048153,0.9641565407624945,False
force_rmse,5619249,L4N3,7,L4N3 s7,22.809118080163767,0.7753723255357129,1.0564935853803457,20.85554144343975,True
force_rmse,5619249,L4N3,42,L4N3 s42,12.740225189043334,0.809886800124928,2.047969306208862,5.825447848631815,True
force_rmse,5619249,L4N3,101,L4N3 s101,14.83569723528075,0.8257259389713092,1.1601534754277159,12.075963735008731,True
force_rmse,5619249,L4N3,202,L4N3 s202,14.286487896132453,0.7987275902263791,1.2491149539856543,10.797853522503724,True
force_rmse,5619249,L4N3,303,L4N3 s303,8.852487189266842,0.8081150269731313,1.0942569696426558,7.351447041658512,True
force_rmse,5619249,L4N3,1776,L4N3 s1776,27.03152577660757,0.7893848742178087,1.2645035356073908,20.752920148842943,True
force_rmse,5619249,L4N4,0,L4N4 s0,11.344742060619168,0.6998088506690505,1.0027711299909015,10.615516234543673,True
force_rmse,5619249,L4N4,7,L4N4 s7,14.523562566185507,0.7121068102430937,1.0548637193503148,13.093118573126032,True
force_rmse,5619249,L4N4,42,L4N4 s42,17.30938946822744,0.7284919982471453,1.294255059768757,12.81115136064663,True
force_rmse,5619249,L4N4,1776,L4N4 s1776,27.91629921719193,0.7028454213925167,2.376875554184212,11.449254778144908,True
force_rmse,5644498,L3N4,0,L3N4 s0,7.039457632317386,0.7487737191471382,1.062059810771518,5.923097597112229,True
force_rmse,5644498,L3N4,1,L3N4 s1,6.57100490840698,0.7759377503699537,2.727832319847768,2.1244220606493993,True
force_rmse,5644498,L3N4,7,L3N4 s7,8.603790495172598,0.7593240561979255,1.803635935018513,4.349251579362747,True
force_rmse,5644498,L3N4,42,L3N4 s42,8.470415938302473,3.06855626350397,635.9190477885116,0.008494571272214833,False
force_rmse,5644498,L3N4,101,L3N4 s101,4.798463735795257,0.7459622809873312,1.2523542465365345,3.235906666197186,True
force_rmse,5644498,L3N4,202,L3N4 s202,8.860580532499934,0.8431210359313008,7.652568671926223,1.0476821365852003,False
force_rmse,5644498,L3N5,0,L3N5 s0,6.07716151279186,0.9302972736635371,1.2755249187294415,4.035095013475039,True
force_rmse,5644498,L3N5,1,L3N5 s1,10.743197944786736,0.77667101360709,1.0342250207399561,9.636710320592423,True
force_rmse,5644498,L3N5,2,L3N5 s2,9.11491417069658,0.8995919849183872,2.005835693119988,4.095710438276041,True
force_rmse,5644498,L3N5,3,L3N5 s3,8.495476690486559,1.3426306001985093,150.97216563344338,0.04737857511864127,False
force_rmse,5644498,L3N5,4,L3N5 s4,5.275578050429509,0.767989277423989,1.1236320753312905,4.011623441486847,True
force_rmse,5644498,L3N5,7,L3N5 s7,11.559647481310945,0.8156407186690648,2.715445565417085,3.956627560306712,True
force_rmse,5644498,L3N5,42,L3N5 s42,22.91879063596139,0.7763728265238862,1.0743564989113195,20.60993518620229,True
force_rmse,5644498,L3N5,1776,L3N5 s1776,9.277959126330783,0.8445330250675972,11.79982220048153,0.7147078962697447,False
force_rmse,5644498,L4N3,7,L4N3 s7,8.637142058616861,0.7753723255357129,1.0564935853803457,7.441379523616182,True
force_rmse,5644498,L4N3,42,L4N3 s42,7.761363920563784,0.809886800124928,2.047969306208862,3.394326809178218,True
force_rmse,5644498,L4N3,101,L4N3 s101,7.112906395172918,0.8257259389713092,1.1601534754277159,5.419266148285858,True
force_rmse,5644498,L4N3,202,L4N3 s202,5.088717425777877,0.7987275902263791,1.2491149539856543,3.4344235667526615,True
force_rmse,5644498,L4N3,303,L4N3 s303,9.266896093365563,0.8081150269731313,1.0942569696426558,7.730159643538536,True
force_rmse,5644498,L4N3,1776,L4N3 s1776,5.94758089857216,0.7893848742178087,1.2645035356073908,4.07922625686979,True
force_rmse,5644498,L4N4,0,L4N4 s0,4.199402564742603,0.6998088506690505,1.0027711299909015,3.4899226846561744,True
force_rmse,5644498,L4N4,7,L4N4 s7,5.084597490371188,0.7121068102430937,1.0548637193503148,4.14507637329786,True
force_rmse,5644498,L4N4,42,L4N4 s42,5.223769830920632,0.7284919982471453,1.294255059768757,3.4732549807274093,True
force_rmse,5644498,L4N4,1776,L4N4 s1776,2.348660142682599,0.7028454213925167,2.376875554184212,0.692427804389177,False
force_rmse,3104925,L3N4,0,L3N4 s0,2.447257741495656,0.7487737191471382,1.062059810771518,1.5992357540717774,False
force_rmse,3104925,L3N4,1,L3N4 s1,4.519210679003835,0.7759377503699537,2.727832319847768,1.3722518431201745,False
force_rmse,3104925,L3N4,7,L3N4 s7,8.803076990939264,0.7593240561979255,1.803635935018513,4.459743110329399,True
force_rmse,3104925,L3N4,42,L3N4 s42,8.202191119319107,3.06855626350397,635.9190477885116,0.008072780448498903,False
force_rmse,3104925,L3N4,101,L3N4 s101,4.613141509585802,0.7459622809873312,1.2523542465365345,3.087927588614325,True
force_rmse,3104925,L3N4,202,L3N4 s202,6.246184359649692,0.8431210359313008,7.652568671926223,0.7060457155438228,False
force_rmse,3104925,L3N5,0,L3N5 s0,15.685697290074796,0.9302972736635371,1.2755249187294415,11.568100159979004,True
force_rmse,3104925,L3N5,1,L3N5 s1,5.089750534872451,0.77667101360709,1.0342250207399561,4.170349232297132,True
force_rmse,3104925,L3N5,2,L3N5 s2,7.080266108258702,0.8995919849183872,2.005835693119988,3.081346166358498,True
force_rmse,3104925,L3N5,3,L3N5 s3,16.93653358294199,1.3426306001985093,150.97216563344338,0.10328992047848796,False
force_rmse,3104925,L3N5,4,L3N5 s4,4.972284676701175,0.767989277423989,1.1236320753312905,3.741701124042402,True
force_rmse,3104925,L3N5,7,L3N5 s7,9.454049892546562,0.8156407186690648,2.715445565417085,3.181212425648703,True
force_rmse,3104925,L3N5,42,L3N5 s42,22.557132392687937,0.7763728265238862,1.0743564989113195,20.27330740609398,True
force_rmse,3104925,L3N5,1776,L3N5 s1776,6.6221094833737,0.8445330250675972,11.79982220048153,0.4896325012482247,False
force_rmse,3104925,L4N3,7,L4N3 s7,6.297172359918736,0.7753723255357129,1.0564935853803457,5.226534368777198,True
force_rmse,3104925,L4N3,42,L4N3 s42,8.982188170061685,0.809886800124928,2.047969306208862,3.990441333842581,True
force_rmse,3104925,L4N3,101,L4N3 s101,8.251633365272783,0.8257259389713092,1.1601534754277159,6.400797466528083,True
force_rmse,3104925,L4N3,202,L4N3 s202,8.879719226207454,0.7987275902263791,1.2491149539856543,6.469373863627513,True
force_rmse,3104925,L4N3,303,L4N3 s303,8.724632831437818,0.8081150269731313,1.0942569696426558,7.23460578647256,True
force_rmse,3104925,L4N3,1776,L4N3 s1776,7.740693668181986,0.7893848742178087,1.2645035356073908,5.497263232739947,True
force_rmse,3104925,L4N4,0,L4N4 s0,5.064007842401005,0.6998088506690505,1.0027711299909015,4.352138649794946,True
force_rmse,3104925,L4N4,7,L4N4 s7,7.18279366633561,0.7121068102430937,1.0548637193503148,6.134144854349318,True
force_rmse,3104925,L4N4,42,L4N4 s42,7.053415309430292,0.7284919982471453,1.294255059768757,4.886921834644567,True
force_rmse,3104925,L4N4,1776,L4N4 s1776,4.838256307790117,0.7028454213925167,2.376875554184212,1.739851663297093,False
force_rmse,3838582,L3N4,0,L3N4 s0,14.539841165311207,0.7487737191471382,1.062059810771518,12.985207900999237,True
force_rmse,3838582,L3N4,1,L3N4 s1,14.456208082975136,0.7759377503699537,2.727832319847768,5.015070110089698,True
force_rmse,3838582,L3N4,7,L3N4 s7,19.23302037184566,0.7593240561979255,1.803635935018513,10.242475189682954,True
force_rmse,3838582,L3N4,42,L3N4 s42,16.26151203397077,3.06855626350397,635.9190477885116,0.020746281804809846,False
force_rmse,3838582,L3N4,101,L3N4 s101,14.199991343292712,0.7459622809873312,1.2523542465365345,10.742989932372055,True
force_rmse,3838582,L3N4,202,L3N4 s202,18.6179101891275,0.8431210359313008,7.652568671926223,2.3227219402033956,True
force_rmse,3838582,L3N5,0,L3N5 s0,26.72077041679833,0.9302972736635371,1.2755249187294415,20.219497686352415,True
force_rmse,3838582,L3N5,1,L3N5 s1,19.987953723963734,0.77667101360709,1.0342250207399561,18.575534651648212,True
force_rmse,3838582,L3N5,2,L3N5 s2,13.58960834008324,0.8995919849183872,2.005835693119988,6.326548280445692,True
force_rmse,3838582,L3N5,3,L3N5 s3,28.16239048054476,1.3426306001985093,150.97216563344338,0.17764705015535087,False
force_rmse,3838582,L3N5,4,L3N5 s4,19.20169695686087,0.767989277423989,1.1236320753312905,16.405465885264896,True
force_rmse,3838582,L3N5,7,L3N5 s7,31.944927092643013,0.8156407186690648,2.715445565417085,11.46378582226986,True
force_rmse,3838582,L3N5,42,L3N5 s42,11.50926147420022,0.7763728265238862,1.0743564989113195,9.99006257099233,True
force_rmse,3838582,L3N5,1776,L3N5 s1776,13.95815599694322,0.8445330250675972,11.79982220048153,1.1113407260780994,False
force_rmse,3838582,L4N3,7,L4N3 s7,15.41546243179726,0.7753723255357129,1.0564935853803457,13.85724467128781,True
force_rmse,3838582,L4N3,42,L4N3 s42,12.607447542573848,0.809886800124928,2.047969306208862,5.760614041764231,True
force_rmse,3838582,L4N3,101,L4N3 s101,11.892263800991712,0.8257259389713092,1.1601534754277159,9.538856794736128,True
force_rmse,3838582,L4N3,202,L4N3 s202,17.66636819023037,0.7987275902263791,1.2491149539856543,13.503673577986572,True
force_rmse,3838582,L4N3,303,L4N3 s303,14.35538148912766,0.8081150269731313,1.0942569696426558,12.380333722323531,True
force_rmse,3838582,L4N3,1776,L4N3 s1776,10.390265233491933,0.7893848742178087,1.2645035356073908,7.592608552622546,True
force_rmse,3838582,L4N4,0,L4N4 s0,15.841112422843096,0.6998088506690505,1.0027711299909015,15.099461002942345,True
force_rmse,3838582,L4N4,7,L4N4 s7,19.717378706930685,0.7121068102430937,1.0548637193503148,18.016803069493037,True
force_rmse,3838582,L4N4,42,L4N4 s42,15.099088344160366,0.7284919982471453,1.294255059768757,11.103372737426886,True
force_rmse,3838582,L4N4,1776,L4N4 s1776,14.270223075412511,0.7028454213925167,2.376875554184212,5.708072360009008,True
force_rmse,7600411,L3N4,0,L3N4 s0,6.772685166618639,0.7487737191471382,1.062059810771518,5.67191356492015,True
force_rmse,7600411,L3N4,1,L3N4 s1,5.463767049512735,0.7759377503699537,2.727832319847768,1.718518130690817,False
force_rmse,7600411,L3N4,7,L3N4 s7,37.22055432627476,0.7593240561979255,1.803635935018513,20.215404651328697,True
force_rmse,7600411,L3N4,42,L3N4 s42,6.823506002005842,3.06855626350397,635.9190477885116,0.005904760600520116,False
force_rmse,7600411,L3N4,101,L3N4 s101,4.438130523733627,0.7459622809873312,1.2523542465365345,2.94818199639377,True
force_rmse,7600411,L3N4,202,L3N4 s202,5.711642600231243,0.8431210359313008,7.652568671926223,0.6361944300036565,False
force_rmse,7600411,L3N5,0,L3N5 s0,7.65931235109359,0.9302972736635371,1.2755249187294415,5.27548696118996,True
force_rmse,7600411,L3N5,1,L3N5 s1,7.326855614831945,0.77667101360709,1.0342250207399561,6.333423065454749,True
force_rmse,7600411,L3N5,2,L3N5 s2,5.747126974194495,0.8995919849183872,2.005835693119988,2.4167158884963222,True
force_rmse,7600411,L3N5,3,L3N5 s3,3.175310405760188,1.3426306001985093,150.97216563344338,0.012139190014743376,False
force_rmse,7600411,L3N5,4,L3N5 s4,3.13972529712086,0.767989277423989,1.1236320753312905,2.110776357997426,True
force_rmse,7600411,L3N5,7,L3N5 s7,5.39610379380225,0.8156407186690648,2.715445565417085,1.686818227354021,False
force_rmse,7600411,L3N5,42,L3N5 s42,7.3469531857582435,0.7763728265238862,1.0743564989113195,6.115828745758546,True
force_rmse,7600411,L3N5,1776,L3N5 s1776,7.310895722079162,0.8445330250675972,11.79982220048153,0.5480050959367577,False
force_rmse,7600411,L4N3,7,L4N3 s7,4.2702815536956775,0.7753723255357129,1.0564935853803457,3.3080269265447275,True
force_rmse,7600411,L4N3,42,L4N3 s42,2.288083406973464,0.809886800124928,2.047969306208862,0.7217865044984139,False
force_rmse,7600411,L4N3,101,L4N3 s101,4.445788042642979,0.8257259389713092,1.1601534754277159,3.120330353134576,True
force_rmse,7600411,L4N3,202,L4N3 s202,3.848140315260921,0.7987275902263791,1.2491149539856543,2.441258681040147,True
force_rmse,7600411,L4N3,303,L4N3 s303,3.344957737522269,0.8081150269731313,1.0942569696426558,2.3183244712415014,True
force_rmse,7600411,L4N3,1776,L4N3 s1776,4.663122493196554,0.7893848742178087,1.2645035356073908,3.063445462901009,True
force_rmse,7600411,L4N4,0,L4N4 s0,3.866110240106375,0.6998088506690505,1.0027711299909015,3.157551404043766,True
force_rmse,7600411,L4N4,7,L4N4 s7,3.1302302091055725,0.7121068102430937,1.0548637193503148,2.2923562110485594,True
force_rmse,7600411,L4N4,42,L4N4 s42,4.305722733983292,0.7284919982471453,1.294255059768757,2.763930269181475,True
force_rmse,7600411,L4N4,1776,L4N4 s1776,4.3801117155202025,0.7028454213925167,2.376875554184212,1.5471008937149813,False
force_rmse,7456312,L3N4,0,L3N4 s0,9.93920587264926,0.7487737191471382,1.062059810771518,8.653403565686066,True
force_rmse,7456312,L3N4,1,L3N4 s1,10.244939221430396,0.7759377503699537,2.727832319847768,3.4712549602714873,True
force_rmse,7456312,L3N4,7,L3N4 s7,14.729446260035449,0.7593240561979255,1.803635935018513,7.745533304477065,True
force_rmse,7456312,L3N4,42,L3N4 s42,9.831599125631069,3.06855626350397,635.9190477885116,0.01063506885923048,False
force_rmse,7456312,L3N4,101,L3N4 s101,14.061308718394825,0.7459622809873312,1.2523542465365345,10.63225239522438,True
force_rmse,7456312,L3N4,202,L3N4 s202,10.179234399902468,0.8431210359313008,7.652568671926223,1.2199973321665314,False
force_rmse,7456312,L3N5,0,L3N5 s0,6.578882088857348,0.9302972736635371,1.2755249187294415,4.428439407377789,True
force_rmse,7456312,L3N5,1,L3N5 s1,12.417379136395915,0.77667101360709,1.0342250207399561,11.255488785661226,True
force_rmse,7456312,L3N5,2,L3N5 s2,9.303838163101195,0.8995919849183872,2.005835693119988,4.189897610761117,True
force_rmse,7456312,L3N5,3,L3N5 s3,18.514070497576625,1.3426306001985093,150.97216563344338,0.113739110950226,False
force_rmse,7456312,L3N5,4,L3N5 s4,17.972252521484172,0.767989277423989,1.1236320753312905,15.311295949777596,True
force_rmse,7456312,L3N5,7,L3N5 s7,5.674276999533408,0.8156407186690648,2.715445565417085,1.7892593181546874,False
force_rmse,7456312,L3N5,42,L3N5 s42,8.198088421520868,0.7763728265238862,1.0743564989113195,6.908056685576574,True
force_rmse,7456312,L3N5,1776,L3N5 s1776,8.626130357937322,0.8445330250675972,11.79982220048153,0.6594673377834601,False
force_rmse,7456312,L4N3,7,L4N3 s7,9.90328632202061,0.7753723255357129,1.0564935853803457,8.639819609693872,True
force_rmse,7456312,L4N3,42,L4N3 s42,17.820792773507154,0.809886800124928,2.047969306208862,8.306230919482037,True
force_rmse,7456312,L4N3,101,L4N3 s101,24.234613308760974,0.8257259389713092,1.1601534754277159,20.177405718807563,True
force_rmse,7456312,L4N3,202,L4N3 s202,10.81487565437014,0.7987275902263791,1.2491149539856543,8.018595912397341,True
force_rmse,7456312,L4N3,303,L4N3 s303,16.19702612825532,0.8081150269731313,1.0942569696426558,14.063343006449063,True
force_rmse,7456312,L4N3,1776,L4N3 s1776,21.238108857009795,0.7893848742178087,1.2645035356073908,16.171345834133756,True
force_rmse,7456312,L4N4,0,L4N4 s0,10.596379119324425,0.6998088506690505,1.0027711299909015,9.869221373320919,True
force_rmse,7456312,L4N4,7,L4N4 s7,8.521256789970186,0.7121068102430937,1.0548637193503148,7.402994184439966,True
force_rmse,7456312,L4N4,42,L4N4 s42,16.791560864802573,0.7284919982471453,1.294255059768757,12.41105355958616,True
force_rmse,7456312,L4N4,1776,L4N4 s1776,13.614600840136085,0.7028454213925167,2.376875554184212,5.432238720287198,True
force_rmse,5604005,L3N4,0,L3N4 s0,0.5322698497471928,0.7487737191471382,1.062059810771518,-0.20385280301932268,False
force_rmse,5604005,L3N4,1,L3N4 s1,0.6392746817906132,0.7759377503699537,2.727832319847768,-0.050099512196910716,False
force_rmse,5604005,L3N4,7,L3N4 s7,0.6290639995008412,0.7593240561979255,1.803635935018513,-0.07222081472653032,False
force_rmse,5604005,L3N4,42,L3N4 s42,8.532742127081434,3.06855626350397,635.9190477885116,0.008592580899376825,False
force_rmse,5604005,L3N4,101,L3N4 s101,0.6830883450703295,0.7459622809873312,1.2523542465365345,-0.05020459354123134,False
force_rmse,5604005,L3N4,202,L3N4 s202,0.858893231929121,0.8431210359313008,7.652568671926223,0.002061032925543182,False
force_rmse,5604005,L3N5,0,L3N5 s0,0.8712752846030398,0.9302972736635371,1.2755249187294415,-0.04627270560836197,False
force_rmse,5604005,L3N5,1,L3N5 s1,0.6695140412415137,0.77667101360709,1.0342250207399561,-0.10361088758895892,False
force_rmse,5604005,L3N5,2,L3N5 s2,1.5867155434108822,0.8995919849183872,2.005835693119988,0.3425622352066659,False
force_rmse,5604005,L3N5,3,L3N5 s3,1.3652144939957225,1.3426306001985093,150.97216563344338,0.00014958978499418412,False
force_rmse,5604005,L3N5,4,L3N5 s4,0.8622251269202273,0.767989277423989,1.1236320753312905,0.08386717642289974,False
force_rmse,5604005,L3N5,7,L3N5 s7,0.8445994989038373,0.8156407186690648,2.715445565417085,0.01066446722540892,False
force_rmse,5604005,L3N5,42,L3N5 s42,3.2218024439279533,0.7763728265238862,1.0743564989113195,2.276180783456982,True
force_rmse,5604005,L3N5,1776,L3N5 s1776,0.6555907074223614,0.8445330250675972,11.79982220048153,-0.016012302086850547,False
force_rmse,5604005,L4N3,7,L4N3 s7,0.8430237694409972,0.7753723255357129,1.0564935853803457,0.06403393720647087,False
force_rmse,5604005,L4N3,42,L4N3 s42,0.766010182809555,0.809886800124928,2.047969306208862,-0.021424450641106534,False
force_rmse,5604005,L4N3,101,L4N3 s101,0.8875582696273496,0.8257259389713092,1.1601534754277159,0.05329668183189694,False
force_rmse,5604005,L4N3,202,L4N3 s202,1.130938027016654,0.7987275902263791,1.2491149539856543,0.2659566565353042,False
force_rmse,5604005,L4N3,303,L4N3 s303,0.6412205633081405,0.8081150269731313,1.0942569696426558,-0.15251852928064277,False
force_rmse,5604005,L4N3,1776,L4N3 s1776,0.809921871527512,0.7893848742178087,1.2645035356073908,0.016241154517483137,False
force_rmse,5604005,L4N4,0,L4N4 s0,0.5804694970780873,0.6998088506690505,1.0027711299909015,-0.11900956262277522,False
force_rmse,5604005,L4N4,7,L4N4 s7,21.916489915738183,0.7121068102430937,1.0548637193503148,20.10153796791377,True
force_rmse,5604005,L4N4,42,L4N4 s42,0.618655509722603,0.7284919982471453,1.294255059768757,-0.08486463907984773,False
force_rmse,5604005,L4N4,1776,L4N4 s1776,0.6160345469182239,0.7028454213925167,2.376875554184212,-0.03652310459479984,False
force_rmse,3438805,L3N4,0,L3N4 s0,15.781390702454749,0.7487737191471382,1.062059810771518,14.154209424785016,True
force_rmse,3438805,L3N4,1,L3N4 s1,11.253662113766287,0.7759377503699537,2.727832319847768,3.8410441459910056,True
force_rmse,3438805,L3N4,7,L3N4 s7,15.909644270678983,0.7593240561979255,1.803635935018513,8.399877115070648,True
force_rmse,3438805,L3N4,42,L3N4 s42,20.78817109195497,3.06855626350397,635.9190477885116,0.027864576301139567,False
force_rmse,3438805,L3N4,101,L3N4 s101,7.268802115253701,0.7459622809873312,1.2523542465365345,5.20846226401651,True
force_rmse,3438805,L3N4,202,L3N4 s202,10.675927257527263,0.8431210359313008,7.652568671926223,1.2849027095526806,False
force_rmse,3438805,L3N5,0,L3N5 s0,9.652213824682304,0.9302972736635371,1.2755249187294415,6.837903692000563,True
force_rmse,3438805,L3N5,1,L3N5 s1,11.914163833390244,0.77667101360709,1.0342250207399561,10.76892610064164,True
force_rmse,3438805,L3N5,2,L3N5 s2,11.06151493836805,0.8995919849183872,2.005835693119988,5.066179143339126,True
force_rmse,3438805,L3N5,3,L3N5 s3,4.318395217889758,1.3426306001985093,150.97216563344338,0.01971068378866824,False
force_rmse,3438805,L3N5,4,L3N5 s4,23.06644770037773,0.767989277423989,1.1236320753312905,19.84498210090637,True
force_rmse,3438805,L3N5,7,L3N5 s7,12.416047567232791,0.8156407186690648,2.715445565417085,4.272008614830007,True
force_rmse,3438805,L3N5,42,L3N5 s42,6.899078629997982,0.7763728265238862,1.0743564989113195,5.698951707071567,True
force_rmse,3438805,L3N5,1776,L3N5 s1776,23.051875620112806,0.8445330250675972,11.79982220048153,1.8820065436357984,False
force_rmse,3438805,L4N3,7,L4N3 s7,13.014039466601508,0.7753723255357129,1.0564935853803457,11.584232323246697,True
force_rmse,3438805,L4N3,42,L4N3 s42,13.126902793347274,0.809886800124928,2.047969306208862,6.0142581023458925,True
force_rmse,3438805,L4N3,101,L4N3 s101,6.471812787173513,0.8257259389713092,1.1601534754277159,4.866672356535114,True
force_rmse,3438805,L4N3,202,L4N3 s202,20.30227562627448,0.7987275902263791,1.2491149539856543,15.613893640306298,True
force_rmse,3438805,L4N3,303,L4N3 s303,13.796817076441291,0.8081150269731313,1.0942569696426558,11.869882860978983,True
force_rmse,3438805,L4N3,1776,L4N3 s1776,13.415542336064536,0.7893848742178087,1.2645035356073908,9.98507090435448,True
force_rmse,3438805,L4N4,0,L4N4 s0,15.0796585501636,0.6998088506690505,1.0027711299909015,14.340111386757837,True
force_rmse,3438805,L4N4,7,L4N4 s7,13.77109583025176,0.7121068102430937,1.0548637193503148,12.37978781567313,True
force_rmse,3438805,L4N4,42,L4N4 s42,5.028642363512189,0.7284919982471453,1.294255059768757,3.3224906735410764,True
force_rmse,3438805,L4N4,1776,L4N4 s1776,7.438119385809018,0.7028454213925167,2.376875554184212,2.8336670603388714,True
