metric,source_index,architecture,seed,run_label,error,run_mean,run_sample_std,std_above_run_mean,is_ge_outlier_sigma
force_mae,3937730,L3N4,0,L3N4 s0,11.180817397435506,0.582884143878776,0.8055986490160479,13.155351323516946,True
force_mae,3937730,L3N4,1,L3N4 s1,1.344827556610107,0.6041831642617682,2.2197218485766372,0.3336654062414468,False
force_mae,3937730,L3N4,7,L3N4 s7,262.4850346883138,0.5900155144423305,1.223081324961448,214.12723244885333,True
force_mae,3937730,L3N4,42,L3N4 s42,139243.77760416668,2.3786001279911937,492.2995631657765,282.83876205096425,True
force_mae,3937730,L3N4,101,L3N4 s101,148.747536722819,0.5807663608315538,0.9437260879900847,157.00188036292175,True
force_mae,3937730,L3N4,202,L3N4 s202,1.912268829345703,0.6539855536744487,5.326287525721388,0.23624020851199418,False
force_mae,3937730,L3N5,0,L3N5 s0,46.143373775482175,0.7222488466519684,0.960911105703023,47.26881046462581,True
force_mae,3937730,L3N5,1,L3N5 s1,3.2251123070716856,0.604897708594813,0.7926970774021175,3.3054424863833534,True
force_mae,3937730,L3N5,2,L3N5 s2,270.8245330174764,0.7000906752509899,1.401927933612531,192.68069054459917,True
force_mae,3937730,L3N5,3,L3N5 s3,26224.474267578124,0.9543238453082751,92.9956463971765,281.98653334516746,True
force_mae,3937730,L3N5,4,L3N5 s4,45.98550796508789,0.5974813308890118,0.8508465580341565,53.34454985522409,True
force_mae,3937730,L3N5,7,L3N5 s7,557.8874362945556,0.6349262734162018,2.142844427526728,260.05271444942014,True
force_mae,3937730,L3N5,42,L3N5 s42,13.715319124857585,0.6043628579591266,0.8174316522323556,16.039207964474148,True
force_mae,3937730,L3N5,1776,L3N5 s1776,0.7519705494244894,0.653152918197432,8.15478215671311,0.012117752421590997,False
force_mae,3937730,L4N3,7,L4N3 s7,0.8866013904412587,0.6039136420403755,0.8098434971357961,0.34906466422299576,False
force_mae,3937730,L4N3,42,L4N3 s42,0.2652906566858292,0.6298982761745554,1.4334129704384087,-0.25436327632588057,False
force_mae,3937730,L4N3,101,L4N3 s101,69.58984718322753,0.6427452117045079,0.8778280344541138,78.54283443385181,True
force_mae,3937730,L4N3,202,L4N3 s202,0.7516918877760569,0.6214379529677566,0.9268021611690631,0.14054125062030356,False
force_mae,3937730,L4N3,303,L4N3 s303,1.4607705374558766,0.6292387607715947,0.834900009313988,0.99596570536336,False
force_mae,3937730,L4N3,1776,L4N3 s1776,0.7883328149095178,0.6139854113521747,0.9403830321703833,0.18540041407909408,False
force_mae,3937730,L4N4,0,L4N4 s0,6.976073710123698,0.5445171628077453,0.7618457140108997,8.442072231995173,True
force_mae,3937730,L4N4,7,L4N4 s7,0.4602514833211898,0.5533003617275281,0.7874632206834159,-0.1181628245768531,False
force_mae,3937730,L4N4,42,L4N4 s42,162.48036575317383,0.5667680229394589,0.9724470045362181,166.50120466714236,True
force_mae,3937730,L4N4,1776,L4N4 s1776,370.2244784037272,0.5456845436133745,1.5124562389558096,244.42280334361126,True
force_mae,4707565,L3N4,0,L3N4 s0,8.315827878316243,0.582884143878776,0.8055986490160479,9.599002858163214,True
force_mae,4707565,L3N4,1,L3N4 s1,5.336753908793131,0.6041831642617682,2.2197218485766372,2.1320557562498434,True
force_mae,4707565,L3N4,7,L3N4 s7,7.135731506347656,0.5900155144423305,1.223081324961448,5.351824002473138,True
force_mae,4707565,L3N4,42,L3N4 s42,5.91102622350057,2.3786001279911937,492.2995631657765,0.007175358988323681,False
force_mae,4707565,L3N4,101,L3N4 s101,11.569204394022623,0.5807663608315538,0.9437260879900847,11.643673066825848,True
force_mae,4707565,L3N4,202,L3N4 s202,1487.761707560221,0.6539855536744487,5.326287525721388,279.20154794969204,True
force_mae,4707565,L3N5,0,L3N5 s0,8.288363361358643,0.7222488466519684,0.960911105703023,7.873896419556047,True
force_mae,4707565,L3N5,1,L3N5 s1,7.185768826802572,0.604897708594813,0.7926970774021175,8.301873825213349,True
force_mae,4707565,L3N5,2,L3N5 s2,7.074011548360189,0.7000906752509899,1.401927933612531,4.546539604703278,True
force_mae,4707565,L3N5,3,L3N5 s3,7.387499221165975,0.9543238453082751,92.9956463971765,0.06917716715879531,False
force_mae,4707565,L3N5,4,L3N5 s4,7.359192132949829,0.5974813308890118,0.8508465580341565,7.947039026265149,True
force_mae,4707565,L3N5,7,L3N5 s7,4.701626141866048,0.6349262734162018,2.142844427526728,1.8978045331753892,False
force_mae,4707565,L3N5,42,L3N5 s42,10.75324862798055,0.6043628579591266,0.8174316522323556,12.415577182881824,True
force_mae,4707565,L3N5,1776,L3N5 s1776,4.152913840611776,0.653152918197432,8.15478215671311,0.42916669693417875,False
force_mae,4707565,L4N3,7,L4N3 s7,2.7105608304341637,0.6039136420403755,0.8098434971357961,2.6013016043771997,True
force_mae,4707565,L4N3,42,L4N3 s42,7.822008927663167,0.6298982761745554,1.4334129704384087,5.017472842658113,True
force_mae,4707565,L4N3,101,L4N3 s101,6.3410950342814125,0.6427452117045079,0.8778280344541138,6.491419274528503,True
force_mae,4707565,L4N3,202,L4N3 s202,4.777814881006877,0.6214379529677566,0.9268021611690631,4.484643111747052,True
force_mae,4707565,L4N3,303,L4N3 s303,6.913753382364908,0.6292387607715947,0.834900009313988,7.527266201322849,True
force_mae,4707565,L4N3,1776,L4N3 s1776,3.0288745880126955,0.6139854113521747,0.9403830321703833,2.567984633970915,True
force_mae,4707565,L4N4,0,L4N4 s0,7.005243396759033,0.5445171628077453,0.7618457140108997,8.480360413051892,True
force_mae,4707565,L4N4,7,L4N4 s7,6.679258378346761,0.5533003617275281,0.7874632206834159,7.779357633112943,True
force_mae,4707565,L4N4,42,L4N4 s42,9.14029229482015,0.5667680229394589,0.9724470045362181,8.816443705299495,True
force_mae,4707565,L4N4,1776,L4N4 s1776,4.292144902547201,0.5456845436133745,1.5124562389558096,2.477070253298938,True
force_mae,5550185,L3N4,0,L3N4 s0,2.635717964172364,0.582884143878776,0.8055986490160479,2.548209114800408,True
force_mae,5550185,L3N4,1,L3N4 s1,2.2036612828572597,0.6041831642617682,2.2197218485766372,0.7205759224387203,False
force_mae,5550185,L3N4,7,L3N4 s7,1.3442003885904947,0.5900155144423305,1.223081324961448,0.6166269231295282,False
force_mae,5550185,L3N4,42,L3N4 s42,2.4262826283772787,2.3786001279911937,492.2995631657765,9.685667823765355e-05,False
force_mae,5550185,L3N4,101,L3N4 s101,2.3067890803019204,0.5807663608315538,0.9437260879900847,1.8289445861843137,False
force_mae,5550185,L3N4,202,L3N4 s202,2.649676704406738,0.6539855536744487,5.326287525721388,0.3746870857224319,False
force_mae,5550185,L3N5,0,L3N5 s0,3.4921232223510743,0.7222488466519684,0.960911105703023,2.882550070719192,True
force_mae,5550185,L3N5,1,L3N5 s1,3.1166749318440754,0.604897708594813,0.7926970774021175,3.1686470088688043,True
force_mae,5550185,L3N5,2,L3N5 s2,2.569197146097819,0.7000906752509899,1.401927933612531,1.3332400518124055,False
force_mae,5550185,L3N5,3,L3N5 s3,2.9989805857340497,0.9543238453082751,92.9956463971765,0.021986585605235965,False
force_mae,5550185,L3N5,4,L3N5 s4,3.603590679168701,0.5974813308890118,0.8508465580341565,3.533080459566261,True
force_mae,5550185,L3N5,7,L3N5 s7,2.31980037689209,0.6349262734162018,2.142844427526728,0.7862792472622805,False
force_mae,5550185,L3N5,42,L3N5 s42,2.8540394783020018,0.6043628579591266,0.8174316522323556,2.752128100495187,True
force_mae,5550185,L3N5,1776,L3N5 s1776,2180.0273310343423,0.653152918197432,8.15478215671311,267.251060326861,True
force_mae,5550185,L4N3,7,L4N3 s7,2.316042423248291,0.6039136420403755,0.8098434971357961,2.1141477177544377,True
force_mae,5550185,L4N3,42,L4N3 s42,3.191704336802165,0.6298982761745554,1.4334129704384087,1.7872072553132279,False
force_mae,5550185,L4N3,101,L4N3 s101,1.335700543721517,0.6427452117045079,0.8778280344541138,0.7893975867926459,False
force_mae,5550185,L4N3,202,L4N3 s202,1.8114592870076496,0.6214379529677566,0.9268021611690631,1.2840079403125328,False
force_mae,5550185,L4N3,303,L4N3 s303,3.558611742655436,0.6292387607715947,0.834900009313988,3.5086512746488268,True
force_mae,5550185,L4N3,1776,L4N3 s1776,2.895440991719564,0.6139854113521747,0.9403830321703833,2.4260918182475497,True
force_mae,5550185,L4N4,0,L4N4 s0,3.0213353792826334,0.5445171628077453,0.7618457140108997,3.251075868675757,True
force_mae,5550185,L4N4,7,L4N4 s7,2.7125712712605794,0.5533003617275281,0.7874632206834159,2.7420593785435265,True
force_mae,5550185,L4N4,42,L4N4 s42,2.028759765625,0.5667680229394589,0.9724470045362181,1.5034153386927216,False
force_mae,5550185,L4N4,1776,L4N4 s1776,1.942181936899821,0.5456845436133745,1.5124562389558096,0.9233307763341171,False
force_mae,7140304,L3N4,0,L3N4 s0,0.3975742101669312,0.582884143878776,0.8055986490160479,-0.2300276123081648,False
force_mae,7140304,L3N4,1,L3N4 s1,570.8828290303549,0.6041831642617682,2.2197218485766372,256.9144626079054,True
force_mae,7140304,L3N4,7,L3N4 s7,0.4642227411270141,0.5900155144423305,1.223081324961448,-0.10284906714545852,False
force_mae,7140304,L3N4,42,L3N4 s42,1.417345921198527,2.3786001279911937,492.2995631657765,-0.0019525798491699551,False
force_mae,7140304,L3N4,101,L3N4 s101,0.2348855495452881,0.5807663608315538,0.9437260879900847,-0.3665055101135444,False
force_mae,7140304,L3N4,202,L3N4 s202,0.4138891855875651,0.6539855536744487,5.326287525721388,-0.04507762056168102,False
force_mae,7140304,L3N5,0,L3N5 s0,0.3891227960586548,0.7222488466519684,0.960911105703023,-0.3466772822337104,False
force_mae,7140304,L3N5,1,L3N5 s1,0.3308380047480265,0.604897708594813,0.7926970774021175,-0.34573068535203155,False
force_mae,7140304,L3N5,2,L3N5 s2,0.1829446951548258,0.7000906752509899,1.401927933612531,-0.3688820000637026,False
force_mae,7140304,L3N5,3,L3N5 s3,0.2309911648432413,0.9543238453082751,92.9956463971765,-0.0077781348749998615,False
force_mae,7140304,L3N5,4,L3N5 s4,0.4046535650889079,0.5974813308890118,0.8508465580341565,-0.22663048228769234,False
force_mae,7140304,L3N5,7,L3N5 s7,0.4790616512298584,0.6349262734162018,2.142844427526728,-0.07273725529680306,False
force_mae,7140304,L3N5,42,L3N5 s42,0.3550349076588948,0.6043628579591266,0.8174316522323556,-0.30501381934420146,False
force_mae,7140304,L3N5,1776,L3N5 s1776,0.3290130376815796,0.653152918197432,8.15478215671311,-0.03974844137915037,False
force_mae,7140304,L4N3,7,L4N3 s7,0.2977709054946899,0.6039136420403755,0.8098434971357961,-0.3780270356290223,False
force_mae,7140304,L4N3,42,L4N3 s42,0.3651597817738851,0.6298982761745554,1.4334129704384087,-0.18469101358814982,False
force_mae,7140304,L4N3,101,L4N3 s101,0.476706067721049,0.6427452117045079,0.8778280344541138,-0.1891476889168982,False
force_mae,7140304,L4N3,202,L4N3 s202,0.3802323182423909,0.6214379529677566,0.9268021611690631,-0.2602557965781071,False
force_mae,7140304,L4N3,303,L4N3 s303,0.3144369125366211,0.6292387607715947,0.834900009313988,-0.3770533533634006,False
force_mae,7140304,L4N3,1776,L4N3 s1776,0.2930175940195719,0.6139854113521747,0.9403830321703833,-0.34131604500754986,False
force_mae,7140304,L4N4,0,L4N4 s0,0.3943782250086466,0.5445171628077453,0.7618457140108997,-0.19707262906115222,False
force_mae,7140304,L4N4,7,L4N4 s7,0.5445515712102255,0.5533003617275281,0.7874632206834159,-0.011110094144726888,False
force_mae,7140304,L4N4,42,L4N4 s42,0.312417471408844,0.5667680229394589,0.9724470045362181,-0.26155723689222576,False
force_mae,7140304,L4N4,1776,L4N4 s1776,0.3627538601557413,0.5456845436133745,1.5124562389558096,-0.12094940583796818,False
force_mae,7508701,L3N4,0,L3N4 s0,4.217775058746338,0.582884143878776,0.8055986490160479,4.5120370041672615,True
force_mae,7508701,L3N4,1,L3N4 s1,2.6098476092020677,0.6041831642617682,2.2197218485766372,0.9035656635205899,False
force_mae,7508701,L3N4,7,L3N4 s7,3.5996368726094565,0.5900155144423305,1.223081324961448,2.460687851858085,True
force_mae,7508701,L3N4,42,L3N4 s42,4.462412929534912,2.3786001279911937,492.2995631657765,0.004232814646723578,False
force_mae,7508701,L3N4,101,L3N4 s101,2.851153087615967,0.5807663608315538,0.9437260879900847,2.405768745483983,True
force_mae,7508701,L3N4,202,L3N4 s202,3.998400274912517,0.6539855536744487,5.326287525721388,0.6279072815891785,False
force_mae,7508701,L3N5,0,L3N5 s0,6.829342301686605,0.7222488466519684,0.960911105703023,6.355523855212972,True
force_mae,7508701,L3N5,1,L3N5 s1,11.231133874257406,0.604897708594813,0.7926970774021175,13.405166322156303,True
force_mae,7508701,L3N5,2,L3N5 s2,4.1623254458109535,0.7000906752509899,1.401927933612531,2.4696239282702437,True
force_mae,7508701,L3N5,3,L3N5 s3,45.726561832427976,0.9543238453082751,92.9956463971765,0.48144445166713806,False
force_mae,7508701,L3N5,4,L3N5 s4,3.1565966606140137,0.5974813308890118,0.8508465580341565,3.0077283683649436,True
force_mae,7508701,L3N5,7,L3N5 s7,4.246853605906169,0.6349262734162018,2.142844427526728,1.6855760904018846,False
force_mae,7508701,L3N5,42,L3N5 s42,4.689683055877685,0.6043628579591266,0.8174316522323556,4.997751416600764,True
force_mae,7508701,L3N5,1776,L3N5 s1776,6.776944510142008,0.653152918197432,8.15478215671311,0.7509448412307864,False
force_mae,7508701,L4N3,7,L4N3 s7,3.7210041999816896,0.6039136420403755,0.8098434971357961,3.849003627201608,True
force_mae,7508701,L4N3,42,L4N3 s42,326.13772239685056,0.6298982761745554,1.4334129704384087,227.0858648789257,True
force_mae,7508701,L4N3,101,L4N3 s101,2.704014046986898,0.6427452117045079,0.8778280344541138,2.348146509770801,True
force_mae,7508701,L4N3,202,L4N3 s202,5.153420035044352,0.6214379529677566,0.9268021611690631,4.889913157258911,True
force_mae,7508701,L4N3,303,L4N3 s303,5.323415088653564,0.6292387607715947,0.834900009313988,5.622441340896656,True
force_mae,7508701,L4N3,1776,L4N3 s1776,116.72664111455282,0.6139854113521747,0.9403830321703833,123.47378858507814,True
force_mae,7508701,L4N4,0,L4N4 s0,2.842560354868571,0.5445171628077453,0.7618457140108997,3.016415462866209,True
force_mae,7508701,L4N4,7,L4N4 s7,4.7385896364847815,0.5533003617275281,0.7874632206834159,5.314901273896913,True
force_mae,7508701,L4N4,42,L4N4 s42,2.455128320058187,0.5667680229394589,0.9724470045362181,1.9418644803367249,False
force_mae,7508701,L4N4,1776,L4N4 s1776,2.1674378395080565,0.5456845436133745,1.5124562389558096,1.0722646078106237,False
force_mae,3628756,L3N4,0,L3N4 s0,0.4378165562947591,0.582884143878776,0.8055986490160479,-0.18007426869595838,False
force_mae,3628756,L3N4,1,L3N4 s1,0.4672360738118489,0.6041831642617682,2.2197218485766372,-0.06169560863571017,False
force_mae,3628756,L3N4,7,L3N4 s7,0.6343461672465006,0.5900155144423305,1.223081324961448,0.03624505738043827,False
force_mae,3628756,L3N4,42,L3N4 s42,0.626968797047933,2.3786001279911937,492.2995631657765,-0.0035580598928003073,False
force_mae,3628756,L3N4,101,L3N4 s101,0.548513921101888,0.5807663608315538,0.9437260879900847,-0.034175636490409916,False
force_mae,3628756,L3N4,202,L3N4 s202,0.5074660936991374,0.6539855536744487,5.326287525721388,-0.027508740237500936,False
force_mae,3628756,L3N5,0,L3N5 s0,0.984548282623291,0.7222488466519684,0.960911105703023,0.2729695123873282,False
force_mae,3628756,L3N5,1,L3N5 s1,0.345246156056722,0.604897708594813,0.7926970774021175,-0.3275545727871727,False
force_mae,3628756,L3N5,2,L3N5 s2,0.4481340726216634,0.7000906752509899,1.401927933612531,-0.179721508209111,False
force_mae,3628756,L3N5,3,L3N5 s3,0.4388473510742187,0.9543238453082751,92.9956463971765,-0.005543017487426241,False
force_mae,3628756,L3N5,4,L3N5 s4,0.3252788543701171,0.5974813308890118,0.8508465580341565,-0.3199195835589986,False
force_mae,3628756,L3N5,7,L3N5 s7,0.4509203910827636,0.6349262734162018,2.142844427526728,-0.08586992129233471,False
force_mae,3628756,L3N5,42,L3N5 s42,0.7552527109781901,0.6043628579591266,0.8174316522323556,0.18459017656949378,False
force_mae,3628756,L3N5,1776,L3N5 s1776,0.5092818895975749,0.653152918197432,8.15478215671311,-0.017642534875247508,False
force_mae,3628756,L4N3,7,L4N3 s7,29.68440300623576,0.6039136420403755,0.8098434971357961,35.90877677853245,True
force_mae,3628756,L4N3,42,L4N3 s42,45.8932630221049,0.6298982761745554,1.4334129704384087,31.577337222005575,True
force_mae,3628756,L4N3,101,L4N3 s101,0.5892906506856282,0.6427452117045079,0.8778280344541138,-0.06089411470222746,False
force_mae,3628756,L4N3,202,L4N3 s202,120.51460447311402,0.6214379529677566,0.9268021611690631,129.36219998550035,True
force_mae,3628756,L4N3,303,L4N3 s303,1.084867572784424,0.6292387607715947,0.834900009313988,0.5457285985506284,False
force_mae,3628756,L4N3,1776,L4N3 s1776,5.576901880900065,0.6139854113521747,0.9403830321703833,5.277547871204767,True
force_mae,3628756,L4N4,0,L4N4 s0,0.2982813835144043,0.5445171628077453,0.7618457140108997,-0.32320950917605096,False
force_mae,3628756,L4N4,7,L4N4 s7,0.2682353655497233,0.5533003617275281,0.7874632206834159,-0.3620042037397065,False
force_mae,3628756,L4N4,42,L4N4 s42,0.6067156791687012,0.5667680229394589,0.9724470045362181,0.04107952005908452,False
force_mae,3628756,L4N4,1776,L4N4 s1776,0.1797408103942871,0.5456845436133745,1.5124562389558096,-0.24195327031196132,False
force_mae,6164907,L3N4,0,L3N4 s0,0.4048225184281667,0.582884143878776,0.8055986490160479,-0.22103019371754457,False
force_mae,6164907,L3N4,1,L3N4 s1,0.3512071192264557,0.6041831642617682,2.2197218485766372,-0.1139674528128511,False
force_mae,6164907,L3N4,7,L3N4 s7,0.5209911743799845,0.5900155144423305,1.223081324961448,-0.05643479190929646,False
force_mae,6164907,L3N4,42,L3N4 s42,0.4794306377569834,2.3786001279911937,492.2995631657765,-0.003857751727467379,False
force_mae,6164907,L3N4,101,L3N4 s101,0.4488133569558462,0.5807663608315538,0.9437260879900847,-0.13982129513526168,False
force_mae,6164907,L3N4,202,L3N4 s202,0.355996169646581,0.6539855536744487,5.326287525721388,-0.0559469203622289,False
force_mae,6164907,L3N5,0,L3N5 s0,0.9411931117375693,0.7222488466519684,0.960911105703023,0.2278506968919009,False
force_mae,6164907,L3N5,1,L3N5 s1,0.4618346154689788,0.604897708594813,0.7926970774021175,-0.1804763726323939,False
force_mae,6164907,L3N5,2,L3N5 s2,125.01961908340454,0.7000906752509899,1.401927933612531,88.67754570507998,True
force_mae,6164907,L3N5,3,L3N5 s3,0.4128763576348622,0.9543238453082751,92.9956463971765,-0.005822288554895749,False
force_mae,6164907,L3N5,4,L3N5 s4,0.3799569110075633,0.5974813308890118,0.8508465580341565,-0.2556564610004759,False
force_mae,6164907,L3N5,7,L3N5 s7,0.4149946431318919,0.6349262734162018,2.142844427526728,-0.10263536981924305,False
force_mae,6164907,L3N5,42,L3N5 s42,0.7252349436283112,0.6043628579591266,0.8174316522323556,0.1478681249240721,False
force_mae,6164907,L3N5,1776,L3N5 s1776,0.6948108017444611,0.653152918197432,8.15478215671311,0.005108399310548817,False
force_mae,6164907,L4N3,7,L4N3 s7,0.6852151493231455,0.6039136420403755,0.8098434971357961,0.10039162822238146,False
force_mae,6164907,L4N3,42,L4N3 s42,0.4873967230319976,0.6298982761745554,1.4334129704384087,-0.09941416471135585,False
force_mae,6164907,L4N3,101,L4N3 s101,0.7553228120009104,0.6427452117045079,0.8778280344541138,0.12824561973167103,False
force_mae,6164907,L4N3,202,L4N3 s202,0.714254214366277,0.6214379529677566,0.9268021611690631,0.10014678999177394,False
force_mae,6164907,L4N3,303,L4N3 s303,0.7143076956272125,0.6292387607715947,0.834900009313988,0.10189116529716702,False
force_mae,6164907,L4N3,1776,L4N3 s1776,0.4552704711755116,0.6139854113521747,0.9403830321703833,-0.1687769076504416,False
force_mae,6164907,L4N4,0,L4N4 s0,0.3912770966688791,0.5445171628077453,0.7618457140108997,-0.20114317547591243,False
force_mae,6164907,L4N4,7,L4N4 s7,0.4137899537881215,0.5533003617275281,0.7874632206834159,-0.17716434783878493,False
force_mae,6164907,L4N4,42,L4N4 s42,0.356653747955958,0.5667680229394589,0.9724470045362181,-0.2160675841494408,False
force_mae,6164907,L4N4,1776,L4N4 s1776,0.4682153006394704,0.5456845436133745,1.5124562389558096,-0.05122081616549008,False
force_mae,3673855,L3N4,0,L3N4 s0,0.4554746468861897,0.582884143878776,0.8055986490160479,-0.15815505295124718,False
force_mae,3673855,L3N4,1,L3N4 s1,0.9121775150299072,0.6041831642617682,2.2197218485766372,0.1387535789520816,False
force_mae,3673855,L3N4,7,L3N4 s7,0.234181531270345,0.5900155144423305,1.223081324961448,-0.2909323982877438,False
force_mae,3673855,L3N4,42,L3N4 s42,0.3349953174591064,2.3786001279911937,492.2995631657765,-0.00415114081635682,False
force_mae,3673855,L3N4,101,L3N4 s101,0.433984645207723,0.5807663608315538,0.9437260879900847,-0.15553423550729786,False
force_mae,3673855,L3N4,202,L3N4 s202,0.294482692082723,0.6539855536744487,5.326287525721388,-0.06749595470684526,False
force_mae,3673855,L3N5,0,L3N5 s0,0.4955205122629801,0.7222488466519684,0.960911105703023,-0.23595141428104222,False
force_mae,3673855,L3N5,1,L3N5 s1,0.2492353121439615,0.604897708594813,0.7926970774021175,-0.44867378294928656,False
force_mae,3673855,L3N5,2,L3N5 s2,0.5124137083689372,0.7000906752509899,1.401927933612531,-0.13387062371918143,False
force_mae,3673855,L3N5,3,L3N5 s3,0.6298851172129313,0.9543238453082751,92.9956463971765,-0.0034887517928494584,False
force_mae,3673855,L3N5,4,L3N5 s4,0.3660847504933675,0.5974813308890118,0.8508465580341565,-0.27196041191055165,False
force_mae,3673855,L3N5,7,L3N5 s7,0.4636156876881917,0.6349262734162018,2.142844427526728,-0.07994541438817228,False
force_mae,3673855,L3N5,42,L3N5 s42,0.8186804294586182,0.6043628579591266,0.8174316522323556,0.26218408709058855,False
force_mae,3673855,L3N5,1776,L3N5 s1776,718.5853993733724,0.653152918197432,8.15478215671311,88.03818822605396,True
force_mae,3673855,L4N3,7,L4N3 s7,0.4235222657521565,0.6039136420403755,0.8098434971357961,-0.22274844081136158,False
force_mae,3673855,L4N3,42,L4N3 s42,0.5449516455332438,0.6298982761745554,1.4334129704384087,-0.05926179851388585,False
force_mae,3673855,L4N3,101,L4N3 s101,0.6949373404184978,0.6427452117045079,0.8778280344541138,0.05945598302342442,False
force_mae,3673855,L4N3,202,L4N3 s202,0.6051527659098307,0.6214379529677566,0.9268021611690631,-0.017571373633164467,False
force_mae,3673855,L4N3,303,L4N3 s303,0.3579011122385661,0.6292387607715947,0.834900009313988,-0.32499418553843173,False
force_mae,3673855,L4N3,1776,L4N3 s1776,0.5536429723103841,0.6139854113521747,0.9403830321703833,-0.06416793686985353,False
force_mae,3673855,L4N4,0,L4N4 s0,0.5439858595530193,0.5445171628077453,0.7618457140108997,-0.0006973895697711508,False
force_mae,3673855,L4N4,7,L4N4 s7,0.5983914375305176,0.5533003617275281,0.7874632206834159,0.05726118327641555,False
force_mae,3673855,L4N4,42,L4N4 s42,0.4942957957585652,0.5667680229394589,0.9724470045362181,-0.07452563156946262,False
force_mae,3673855,L4N4,1776,L4N4 s1776,0.4766759713490804,0.5456845436133745,1.5124562389558096,-0.045626822440784906,False
force_mae,6266598,L3N4,0,L3N4 s0,42.44482390085856,0.582884143878776,0.8055986490160479,51.9637660863876,True
force_mae,6266598,L3N4,1,L3N4 s1,48.71209437052409,0.6041831642617682,2.2197218485766372,21.672945750888015,True
force_mae,6266598,L3N4,7,L3N4 s7,42.6813995997111,0.5900155144423305,1.223081324961448,34.41421533158926,True
force_mae,6266598,L3N4,42,L3N4 s42,45.4123716990153,2.3786001279911937,492.2995631657765,0.08741379190810486,False
force_mae,6266598,L3N4,101,L3N4 s101,43.83368899027506,0.5807663608315538,0.9437260879900847,45.83207265315944,True
force_mae,6266598,L3N4,202,L3N4 s202,38.693223253885904,0.6539855536744487,5.326287525721388,7.14179201113621,True
force_mae,6266598,L3N5,0,L3N5 s0,53.00446917215983,0.7222488466519684,0.960911105703023,54.40900829973974,True
force_mae,6266598,L3N5,1,L3N5 s1,37.862176704406735,0.604897708594813,0.7926970774021175,47.00065139373807,True
force_mae,6266598,L3N5,2,L3N5 s2,32.93718516031901,0.7000906752509899,1.401927933612531,22.994829985303515,True
force_mae,6266598,L3N5,3,L3N5 s3,48.90886878967285,0.9543238453082751,92.9956463971765,0.5156644079826576,False
force_mae,6266598,L3N5,4,L3N5 s4,41.67126235961914,0.5974813308890118,0.8508465580341565,48.27401679055891,True
force_mae,6266598,L3N5,7,L3N5 s7,43.616692860921226,0.6349262734162018,2.142844427526728,20.058276763056753,True
force_mae,6266598,L3N5,42,L3N5 s42,40.616001001993816,0.6043628579591266,0.8174316522323556,48.94799220799117,True
force_mae,6266598,L3N5,1776,L3N5 s1776,57.43656063079834,0.653152918197432,8.15478215671311,6.963203507019027,True
force_mae,6266598,L4N3,7,L4N3 s7,43.548957697550456,0.6039136420403755,0.8098434971357961,53.028818787081,True
force_mae,6266598,L4N3,42,L4N3 s42,41.62237275441488,0.6298982761745554,1.4334129704384087,28.59781188229572,True
force_mae,6266598,L4N3,101,L4N3 s101,41.6255703608195,0.6427452117045079,0.8778280344541138,46.686621457243135,True
force_mae,6266598,L4N3,202,L4N3 s202,40.75594374338786,0.6214379529677566,0.9268021611690631,43.304285932819425,True
force_mae,6266598,L4N3,303,L4N3 s303,45.132344563802086,0.6292387607715947,0.834900009313988,53.30351575824912,True
force_mae,6266598,L4N3,1776,L4N3 s1776,44.33161595662435,0.6139854113521747,0.9403830321703833,46.48917414468107,True
force_mae,6266598,L4N4,0,L4N4 s0,43.53424237569173,0.5445171628077453,0.7618457140108997,56.428387562299704,True
force_mae,6266598,L4N4,7,L4N4 s7,59.02394828796387,0.5533003617275281,0.7874632206834159,74.2519096644176,True
force_mae,6266598,L4N4,42,L4N4 s42,49.02360471089681,0.5667680229394589,0.9724470045362181,49.82979685465483,True
force_mae,6266598,L4N4,1776,L4N4 s1776,43.93068250020345,0.5456845436133745,1.5124562389558096,28.685126114156407,True
force_mae,7306805,L3N4,0,L3N4 s0,10.032801055908203,0.582884143878776,0.8055986490160479,11.7303038225939,True
force_mae,7306805,L3N4,1,L3N4 s1,8.343925221761067,0.6041831642617682,2.2197218485766372,3.486807170214723,True
force_mae,7306805,L3N4,7,L3N4 s7,9.258723958333333,0.5900155144423305,1.223081324961448,7.087597747569438,True
force_mae,7306805,L3N4,42,L3N4 s42,14.14068857828776,2.3786001279911937,492.2995631657765,0.02389213667925968,False
force_mae,7306805,L3N4,101,L3N4 s101,10.75846684773763,0.5807663608315538,0.9437260879900847,10.78459164839047,True
force_mae,7306805,L3N4,202,L3N4 s202,11.17176373799642,0.6539855536744487,5.326287525721388,1.9746921534990645,False
force_mae,7306805,L3N5,0,L3N5 s0,64.86441561381022,0.7222488466519684,0.960911105703023,66.75140539689204,True
force_mae,7306805,L3N5,1,L3N5 s1,7.703427759806315,0.604897708594813,0.7926970774021175,8.954908821507583,True
force_mae,7306805,L3N5,2,L3N5 s2,11.181031036376954,0.7000906752509899,1.401927933612531,7.476090681864334,True
force_mae,7306805,L3N5,3,L3N5 s3,18.400693893432617,0.9543238453082751,92.9956463971765,0.18760415916259543,False
force_mae,7306805,L3N5,4,L3N5 s4,56.4520009358724,0.5974813308890118,0.8508465580341565,65.64581954005055,True
force_mae,7306805,L3N5,7,L3N5 s7,14.70351333618164,0.6349262734162018,2.142844427526728,6.565379587076888,True
force_mae,7306805,L3N5,42,L3N5 s42,10.15749028523763,0.6043628579591266,0.8174316522323556,11.686759866943616,True
force_mae,7306805,L3N5,1776,L3N5 s1776,24.76456629435221,0.653152918197432,8.15478215671311,2.956720720774373,True
force_mae,7306805,L4N3,7,L4N3 s7,7.526526769002278,0.6039136420403755,0.8098434971357961,8.54808756438172,True
force_mae,7306805,L4N3,42,L4N3 s42,9.153930409749348,0.6298982761745554,1.4334129704384087,5.946668761457992,True
force_mae,7306805,L4N3,101,L4N3 s101,7.092940394083659,0.6427452117045079,0.8778280344541138,7.347902925417812,True
force_mae,7306805,L4N3,202,L4N3 s202,6.805826568603516,0.6214379529677566,0.9268021611690631,6.672824983311224,True
force_mae,7306805,L4N3,303,L4N3 s303,14.328076044718424,0.6292387607715947,0.834900009313988,16.407757972362162,True
force_mae,7306805,L4N3,1776,L4N3 s1776,11.57778600056966,0.6139854113521747,0.9403830321703833,11.658866880991328,True
force_mae,7306805,L4N4,0,L4N4 s0,13.718980534871418,0.5445171628077453,0.7618457140108997,17.292823375882623,True
force_mae,7306805,L4N4,7,L4N4 s7,24.29535051981608,0.5533003617275281,0.7874632206834159,30.1500432458084,True
force_mae,7306805,L4N4,42,L4N4 s42,13.950698280334471,0.5667680229394589,0.9724470045362181,13.763146161140277,True
force_mae,7306805,L4N4,1776,L4N4 s1776,3.9455782572428384,0.5456845436133745,1.5124562389558096,2.247928651460838,True
force_mae,3587886,L3N4,0,L3N4 s0,4.606199328104655,0.582884143878776,0.8055986490160479,4.994193062686892,True
force_mae,3587886,L3N4,1,L3N4 s1,4.429695320129395,0.6041831642617682,2.2197218485766372,1.7234196069749361,False
force_mae,3587886,L3N4,7,L3N4 s7,3.9887467702229817,0.5900155144423305,1.223081324961448,2.778826874727877,True
force_mae,3587886,L3N4,42,L3N4 s42,3.5406310399373373,2.3786001279911937,492.2995631657765,0.0023604142658051525,False
force_mae,3587886,L3N4,101,L3N4 s101,4.337425549825032,0.5807663608315538,0.9437260879900847,3.9806668871412487,True
force_mae,3587886,L3N4,202,L3N4 s202,6.002671305338541,0.6539855536744487,5.326287525721388,1.0042052228375844,False
force_mae,3587886,L3N5,0,L3N5 s0,4.383501688639323,0.7222488466519684,0.960911105703023,3.810188913685938,True
force_mae,3587886,L3N5,1,L3N5 s1,5.395120239257812,0.604897708594813,0.7926970774021175,6.042942086227758,True
force_mae,3587886,L3N5,2,L3N5 s2,3.642230478922526,0.7000906752509899,1.401927933612531,2.098638405820291,True
force_mae,3587886,L3N5,3,L3N5 s3,4.365023676554362,0.9543238453082751,92.9956463971765,0.036675908640704295,False
force_mae,3587886,L3N5,4,L3N5 s4,4.570254961649577,0.5974813308890118,0.8508465580341565,4.669201036599929,True
force_mae,3587886,L3N5,7,L3N5 s7,5.452105903625489,0.6349262734162018,2.142844427526728,2.24803050017461,True
force_mae,3587886,L3N5,42,L3N5 s42,50.2131711324056,0.6043628579591266,0.8174316522323556,60.68863144578249,True
force_mae,3587886,L3N5,1776,L3N5 s1776,2.793737602233887,0.653152918197432,8.15478215671311,0.2624944042526386,False
force_mae,3587886,L4N3,7,L4N3 s7,4.413688596089681,0.6039136420403755,0.8098434971357961,4.704334809779272,True
force_mae,3587886,L4N3,42,L4N3 s42,4.314384524027506,0.6298982761745554,1.4334129704384087,2.5704289858114318,True
force_mae,3587886,L4N3,101,L4N3 s101,4.873008791605631,0.6427452117045079,0.8778280344541138,4.819011712848468,True
force_mae,3587886,L4N3,202,L4N3 s202,4.3786005020141605,0.6214379529677566,0.9268021611690631,4.053899210061336,True
force_mae,3587886,L4N3,303,L4N3 s303,3.938940111796061,0.6292387607715947,0.834900009313988,3.9641889017871104,True
force_mae,3587886,L4N3,1776,L4N3 s1776,3.661671511332194,0.6139854113521747,0.9403830321703833,3.2408986505701054,True
force_mae,3587886,L4N4,0,L4N4 s0,6.60439453125,0.5445171628077453,0.7618457140108997,7.9542054998757346,True
force_mae,3587886,L4N4,7,L4N4 s7,4.183673985799154,0.5533003617275281,0.7874632206834159,4.610213567715497,True
force_mae,3587886,L4N4,42,L4N4 s42,3.9248640060424806,0.5667680229394589,0.9724470045362181,3.453243176685575,True
force_mae,3587886,L4N4,1776,L4N4 s1776,3.475529607137044,0.5456845436133745,1.5124562389558096,1.937143692531836,False
force_mae,3888505,L3N4,0,L3N4 s0,2.772700134913127,0.582884143878776,0.8055986490160479,2.718246851219246,True
force_mae,3888505,L3N4,1,L3N4 s1,2.415809869766236,0.6041831642617682,2.2197218485766372,0.8161503238192415,False
force_mae,3888505,L3N4,7,L3N4 s7,0.5547473907470704,0.5900155144423305,1.223081324961448,-0.028835469053026197,False
force_mae,3888505,L3N4,42,L3N4 s42,2.5190094629923503,2.3786001279911937,492.2995631657765,0.0002852111712190882,False
force_mae,3888505,L3N4,101,L3N4 s101,3.1066057523091635,0.5807663608315538,0.9437260879900847,2.676453924101066,True
force_mae,3888505,L3N4,202,L3N4 s202,2.087224340438843,0.6539855536744487,5.326287525721388,0.26908776138033924,False
force_mae,3888505,L3N5,0,L3N5 s0,1.7109345595041912,0.7222488466519684,0.960911105703023,1.0289044501456555,False
force_mae,3888505,L3N5,1,L3N5 s1,3.782948923110962,0.604897708594813,0.7926970774021175,4.00916227032334,True
force_mae,3888505,L3N5,2,L3N5 s2,85.37005710601807,0.7000906752509899,1.401927933612531,60.39537725208663,True
force_mae,3888505,L3N5,3,L3N5 s3,2.5970426559448243,0.9543238453082751,92.9956463971765,0.017664470050787508,False
force_mae,3888505,L3N5,4,L3N5 s4,3.051039203008016,0.5974813308890118,0.8508465580341565,2.8836666834356612,True
force_mae,3888505,L3N5,7,L3N5 s7,2.266742753982544,0.6349262734162018,2.142844427526728,0.7615188763142202,False
force_mae,3888505,L3N5,42,L3N5 s42,2.854379669825236,0.6043628579591266,0.8174316522323556,2.752544271709386,True
force_mae,3888505,L3N5,1776,L3N5 s1776,2.8201621691385905,0.653152918197432,8.15478215671311,0.26573478105202997,False
force_mae,3888505,L4N3,7,L4N3 s7,3.3630778471628826,0.6039136420403755,0.8098434971357961,3.407033846515959,True
force_mae,3888505,L4N3,42,L4N3 s42,3.594781875610352,0.6298982761745554,1.4334129704384087,2.0684085190948065,True
force_mae,3888505,L4N3,101,L4N3 s101,2.8318543752034504,0.6427452117045079,0.8778280344541138,2.4937790519076577,True
force_mae,3888505,L4N3,202,L4N3 s202,4.895815642674764,0.6214379529677566,0.9268021611690631,4.61196344677847,True
force_mae,3888505,L4N3,303,L4N3 s303,2.771373955408732,0.6292387607715947,0.834900009313988,2.565738616289231,True
force_mae,3888505,L4N3,1776,L4N3 s1776,3.51173882484436,0.6139854113521747,0.9403830321703833,3.0814607605203537,True
force_mae,3888505,L4N4,0,L4N4 s0,3.5852521419525147,0.5445171628077453,0.7618457140108997,3.9912739853009995,True
force_mae,3888505,L4N4,7,L4N4 s7,2.552322133382161,0.5533003617275281,0.7874632206834159,2.538558905544492,True
force_mae,3888505,L4N4,42,L4N4 s42,2.5529035568237304,0.5667680229394589,0.9724470045362181,2.042410048691038,True
force_mae,3888505,L4N4,1776,L4N4 s1776,3.521765597661336,0.5456845436133745,1.5124562389558096,1.9677138269485597,False
force_mae,3378783,L3N4,0,L3N4 s0,0.5531256993611654,0.582884143878776,0.8055986490160479,-0.03693954123924773,False
force_mae,3378783,L3N4,1,L3N4 s1,1.5709548950195311,0.6041831642617682,2.2197218485766372,0.4355373315704806,False
force_mae,3378783,L3N4,7,L3N4 s7,0.664864428838094,0.5900155144423305,1.223081324961448,0.061197005357041846,False
force_mae,3378783,L3N4,42,L3N4 s42,0.4568103869756063,2.3786001279911937,492.2995631657765,-0.0039036998705774717,False
force_mae,3378783,L3N4,101,L3N4 s101,0.6610096613566081,0.5807663608315538,0.9437260879900847,0.0850281681795549,False
force_mae,3378783,L3N4,202,L3N4 s202,0.4866498529911041,0.6539855536744487,5.326287525721388,-0.03141694846086642,False
force_mae,3378783,L3N5,0,L3N5 s0,0.5171490649382273,0.7222488466519684,0.960911105703023,-0.21344303390445857,False
force_mae,3378783,L3N5,1,L3N5 s1,0.7009117444356282,0.604897708594813,0.7926970774021175,0.12112323683023934,False
force_mae,3378783,L3N5,2,L3N5 s2,1.9692758878072103,0.7000906752509899,1.401927933612531,0.905314162109421,False
force_mae,3378783,L3N5,3,L3N5 s3,0.4078403075536092,0.9543238453082751,92.9956463971765,-0.00587644216612766,False
force_mae,3378783,L3N5,4,L3N5 s4,0.589014732837677,0.5974813308890118,0.8508465580341565,-0.009950793091173176,False
force_mae,3378783,L3N5,7,L3N5 s7,0.4017165978749593,0.6349262734162018,2.142844427526728,-0.10883182770781602,False
force_mae,3378783,L3N5,42,L3N5 s42,3.722517395019531,0.6043628579591266,0.8174316522323556,3.8145752351831694,True
force_mae,3378783,L3N5,1776,L3N5 s1776,0.5977902829647064,0.653152918197432,8.15478215671311,-0.006788977825379495,False
force_mae,3378783,L4N3,7,L4N3 s7,15.88768424987793,0.6039136420403755,0.8098434971357961,18.87249902220891,True
force_mae,3378783,L4N3,42,L4N3 s42,3.586993455886841,0.6298982761745554,1.4334129704384087,2.0629750397806568,True
force_mae,3378783,L4N3,101,L4N3 s101,8.166451503833136,0.6427452117045079,0.8778280344541138,8.570820248190547,True
force_mae,3378783,L4N3,202,L4N3 s202,2.301085917154948,0.6214379529677566,0.9268021611690631,1.812304755600152,False
force_mae,3378783,L4N3,303,L4N3 s303,2.942975807189941,0.6292387607715947,0.834900009313988,2.7712744288019278,True
force_mae,3378783,L4N3,1776,L4N3 s1776,51.82483507792155,0.6139854113521747,0.9403830321703833,54.45743693224224,True
force_mae,3378783,L4N4,0,L4N4 s0,0.3001425623893737,0.5445171628077453,0.7618457140108997,-0.3207665225703105,False
force_mae,3378783,L4N4,7,L4N4 s7,0.5290169636408488,0.5533003617275281,0.7874632206834159,-0.030837501293843782,False
force_mae,3378783,L4N4,42,L4N4 s42,2.7386717160542804,0.5667680229394589,0.9724470045362181,2.233441702204277,True
force_mae,3378783,L4N4,1776,L4N4 s1776,0.4347498675187429,0.5456845436133745,1.5124562389558096,-0.0733473625466481,False
force_mae,7043562,L3N4,0,L3N4 s0,0.703070875008901,0.582884143878776,0.8055986490160479,0.14918934046987314,False
force_mae,7043562,L3N4,1,L3N4 s1,116.0131160736084,0.6041831642617682,2.2197218485766372,51.992520136408466,True
force_mae,7043562,L3N4,7,L3N4 s7,1.8961345434188843,0.5900155144423305,1.223081324961448,1.067892218056492,False
force_mae,7043562,L3N4,42,L3N4 s42,2.69647616147995,2.3786001279911937,492.2995631657765,0.00064569635496856,False
force_mae,7043562,L3N4,101,L3N4 s101,3.386194248994192,0.5807663608315538,0.9437260879900847,2.9727141422333063,True
force_mae,7043562,L3N4,202,L3N4 s202,1.146896918614705,0.6539855536744487,5.326287525721388,0.0925431386420501,False
force_mae,7043562,L3N5,0,L3N5 s0,0.5960978110631306,0.7222488466519684,0.960911105703023,-0.13128273244021152,False
force_mae,7043562,L3N5,1,L3N5 s1,0.7621184825897217,0.604897708594813,0.7926970774021175,0.1983365127447722,False
force_mae,7043562,L3N5,2,L3N5 s2,2.812993975480397,0.7000906752509899,1.401927933612531,1.5071411657978828,False
force_mae,7043562,L3N5,3,L3N5 s3,0.7339949170748393,0.9543238453082751,92.9956463971765,-0.0023692391716105678,False
force_mae,7043562,L3N5,4,L3N5 s4,0.8402474482854208,0.5974813308890118,0.8508465580341565,0.28532302928663117,False
force_mae,7043562,L3N5,7,L3N5 s7,0.5905063350995382,0.6349262734162018,2.142844427526728,-0.02072942755248597,False
force_mae,7043562,L3N5,42,L3N5 s42,1.698812226454417,0.6043628579591266,0.8174316522323556,1.3388879247658398,False
force_mae,7043562,L3N5,1776,L3N5 s1776,1.029908021291097,0.653152918197432,8.15478215671311,0.04620051104412591,False
force_mae,7043562,L4N3,7,L4N3 s7,1.1503518621126811,0.6039136420403755,0.8098434971357961,0.6747454563812815,False
force_mae,7043562,L4N3,42,L4N3 s42,1.1582964837551115,0.6298982761745554,1.4334129704384087,0.36862943093011485,False
force_mae,7043562,L4N3,101,L4N3 s101,0.8483484387397766,0.6427452117045079,0.8778280344541138,0.2342181144432521,False
force_mae,7043562,L4N3,202,L4N3 s202,0.6475870370864868,0.6214379529677566,0.9268021611690631,0.028214310684974958,False
force_mae,7043562,L4N3,303,L4N3 s303,1.1922301729520162,0.6292387607715947,0.834900009313988,0.6743219617915857,False
force_mae,7043562,L4N3,1776,L4N3 s1776,1.109739895661672,0.6139854113521747,0.9403830321703833,0.5271835702578628,False
force_mae,7043562,L4N4,0,L4N4 s0,0.6960041840871175,0.5445171628077453,0.7618457140108997,0.19884212576564403,False
force_mae,7043562,L4N4,7,L4N4 s7,0.515619961420695,0.5533003617275281,0.7874632206834159,-0.0478503621720026,False
force_mae,7043562,L4N4,42,L4N4 s42,2.997050174077352,0.5667680229394589,0.9724470045362181,2.499140970974505,True
force_mae,7043562,L4N4,1776,L4N4 s1776,31.69155502319336,0.5456845436133745,1.5124562389558096,20.592906873843106,True
force_mae,6901110,L3N4,0,L3N4 s0,39.17480767567952,0.582884143878776,0.8055986490160479,47.90465274356731,True
force_mae,6901110,L3N4,1,L3N4 s1,0.6815651774406433,0.6041831642617682,2.2197218485766372,0.0348611305639466,False
force_mae,6901110,L3N4,7,L3N4 s7,0.9343536297480264,0.5900155144423305,1.223081324961448,0.2815332948661853,False
force_mae,6901110,L3N4,42,L3N4 s42,1.0907825708389285,2.3786001279911937,492.2995631657765,-0.002615922607915471,False
force_mae,6901110,L3N4,101,L3N4 s101,0.9157436291376748,0.5807663608315538,0.9437260879900847,0.3549517943490829,False
force_mae,6901110,L3N4,202,L3N4 s202,0.9821508328119912,0.6539855536744487,5.326287525721388,0.06161238527826117,False
force_mae,6901110,L3N5,0,L3N5 s0,1.589626495043437,0.7222488466519684,0.960911105703023,0.9026616960128445,False
force_mae,6901110,L3N5,1,L3N5 s1,0.7848234305779139,0.604897708594813,0.7926970774021175,0.22697916658500392,False
force_mae,6901110,L3N5,2,L3N5 s2,1.450194279352824,0.7000906752509899,1.401927933612531,0.5350514717036446,False
force_mae,6901110,L3N5,3,L3N5 s3,1.793636647860209,0.9543238453082751,92.9956463971765,0.00902529134500878,False
force_mae,6901110,L3N5,4,L3N5 s4,1.6805790583292644,0.5974813308890118,0.8508465580341565,1.2729648104150553,False
force_mae,6901110,L3N5,7,L3N5 s7,1.1456595182418825,0.6349262734162018,2.142844427526728,0.23834359520684814,False
force_mae,6901110,L3N5,42,L3N5 s42,1.0032451391220092,0.6043628579591266,0.8174316522323556,0.4879701930718729,False
force_mae,6901110,L3N5,1776,L3N5 s1776,1.2096479992071787,0.653152918197432,8.15478215671311,0.06824156308720443,False
force_mae,6901110,L4N3,7,L4N3 s7,0.6289564212163289,0.6039136420403755,0.8098434971357961,0.030922986064002702,False
force_mae,6901110,L4N3,42,L4N3 s42,0.7365899085998535,0.6298982761745554,1.4334129704384087,0.0744318871292664,False
force_mae,6901110,L4N3,101,L4N3 s101,0.5888486464818319,0.6427452117045079,0.8778280344541138,-0.06139763496638857,False
force_mae,6901110,L4N3,202,L4N3 s202,1.2564093391100566,0.6214379529677566,0.9268021611690631,0.685120743936711,False
force_mae,6901110,L4N3,303,L4N3 s303,0.9075607309738796,0.6292387607715947,0.834900009313988,0.33335964438540805,False
force_mae,6901110,L4N3,1776,L4N3 s1776,1.4624817927678426,0.6139854113521747,0.9403830321703833,0.9022880596402905,False
force_mae,6901110,L4N4,0,L4N4 s0,37.609005482991535,0.5445171628077453,0.7618457140108997,48.65091138342154,True
force_mae,6901110,L4N4,7,L4N4 s7,4.602915573120117,0.5533003617275281,0.7874632206834159,5.142608702255387,True
force_mae,6901110,L4N4,42,L4N4 s42,0.9009752750396728,0.5667680229394589,0.9724470045362181,0.34367657110487454,False
force_mae,6901110,L4N4,1776,L4N4 s1776,0.7577510515848795,0.5456845436133745,1.5124562389558096,0.14021331824973293,False
force_mae,6116553,L3N4,0,L3N4 s0,16.941798337300618,0.582884143878776,0.8055986490160479,20.306531314820965,True
force_mae,6116553,L3N4,1,L3N4 s1,21.12028471628825,0.6041831642617682,2.2197218485766372,9.24264522835693,True
force_mae,6116553,L3N4,7,L3N4 s7,22.78453121185303,0.5900155144423305,1.223081324961448,18.146394065914034,True
force_mae,6116553,L3N4,42,L3N4 s42,30.603080558776856,2.3786001279911937,492.2995631657765,0.05733192255805715,False
force_mae,6116553,L3N4,101,L3N4 s101,18.822945022583006,0.5807663608315538,0.9437260879900847,19.329950601029815,True
force_mae,6116553,L3N4,202,L3N4 s202,24.659263356526694,0.6539855536744487,5.326287525721388,4.506943661401567,True
force_mae,6116553,L3N5,0,L3N5 s0,33.41423041025798,0.7222488466519684,0.960911105703023,34.02185838999942,True
force_mae,6116553,L3N5,1,L3N5 s1,17.408765729268392,0.604897708594813,0.7926970774021175,21.198347388569157,True
force_mae,6116553,L3N5,2,L3N5 s2,36.14361553192138,0.7000906752509899,1.401927933612531,25.281987759055788,True
force_mae,6116553,L3N5,3,L3N5 s3,22.07741044362386,0.9543238453082751,92.9956463971765,0.2271405965404088,False
force_mae,6116553,L3N5,4,L3N5 s4,31.48037764231364,0.5974813308890118,0.8508465580341565,36.29666949911415,True
force_mae,6116553,L3N5,7,L3N5 s7,41.05312608083089,0.6349262734162018,2.142844427526728,18.861938500157663,True
force_mae,6116553,L3N5,42,L3N5 s42,16.97551638285319,0.6043628579591266,0.8174316522323556,20.0275502914347,True
force_mae,6116553,L3N5,1776,L3N5 s1776,15.296896807352702,0.653152918197432,8.15478215671311,1.7957247180539795,False
force_mae,6116553,L4N3,7,L4N3 s7,24.85655625661214,0.6039136420403755,0.8098434971357961,29.947320316020317,True
force_mae,6116553,L4N3,42,L4N3 s42,37.29114532470703,0.6298982761745554,1.4334129704384087,25.57619318689411,True
force_mae,6116553,L4N3,101,L4N3 s101,32.33593921661377,0.6427452117045079,0.8778280344541138,36.10410326507513,True
force_mae,6116553,L4N3,202,L4N3 s202,28.58983605702718,0.6214379529677566,0.9268021611690631,30.177312133994423,True
force_mae,6116553,L4N3,303,L4N3 s303,22.70475482940674,0.6292387607715947,0.834900009313988,26.440910075895104,True
force_mae,6116553,L4N3,1776,L4N3 s1776,29.1409943262736,0.6139854113521747,0.9403830321703833,30.335520675103755,True
force_mae,6116553,L4N4,0,L4N4 s0,23.609875424702963,0.5445171628077453,0.7618457140108997,30.275629090912258,True
force_mae,6116553,L4N4,7,L4N4 s7,35.2160623550415,0.5533003617275281,0.7874632206834159,44.01826153001939,True
force_mae,6116553,L4N4,42,L4N4 s42,21.16811351776123,0.5667680229394589,0.9724470045362181,21.185057282013034,True
force_mae,6116553,L4N4,1776,L4N4 s1776,39.20204588572184,0.5456845436133745,1.5124562389558096,25.55866434112274,True
force_mae,4157092,L3N4,0,L3N4 s0,15.825366465250651,0.582884143878776,0.8055986490160479,18.92069002348617,True
force_mae,4157092,L3N4,1,L3N4 s1,17.379995123545328,0.6041831642617682,2.2197218485766372,7.55761897376502,True
force_mae,4157092,L3N4,7,L3N4 s7,18.41698783238729,0.5900155144423305,1.223081324961448,14.575459500623861,True
force_mae,4157092,L3N4,42,L3N4 s42,15.577101230621338,2.3786001279911937,492.2995631657765,0.026809898058320427,False
force_mae,4157092,L3N4,101,L3N4 s101,15.238451766967774,0.5807663608315538,0.9437260879900847,15.531715815288791,True
force_mae,4157092,L3N4,202,L3N4 s202,17.309980805714925,0.6539855536744487,5.326287525721388,3.1271303270066335,True
force_mae,4157092,L3N5,0,L3N5 s0,17.31924670537313,0.7222488466519684,0.960911105703023,17.27214698656068,True
force_mae,4157092,L3N5,1,L3N5 s1,17.331516329447428,0.604897708594813,0.7926970774021175,21.100896039216224,True
force_mae,4157092,L3N5,2,L3N5 s2,19.922039858500163,0.7000906752509899,1.401927933612531,13.711082233533547,True
force_mae,4157092,L3N5,3,L3N5 s3,12.190294488271077,0.9543238453082751,92.9956463971765,0.12082254469176897,False
force_mae,4157092,L3N5,4,L3N5 s4,34.16821813583374,0.5974813308890118,0.8508465580341565,39.455688558590914,True
force_mae,4157092,L3N5,7,L3N5 s7,13.957267379760742,0.6349262734162018,2.142844427526728,6.217129407626289,True
force_mae,4157092,L3N5,42,L3N5 s42,17.78197333017985,0.6043628579591266,0.8174316522323556,21.01412445347537,True
force_mae,4157092,L3N5,1776,L3N5 s1776,16.772706286112467,0.653152918197432,8.15478215671311,1.9766994455695222,False
force_mae,4157092,L4N3,7,L4N3 s7,11.329522037506104,0.6039136420403755,0.8098434971357961,13.244050774500742,True
force_mae,4157092,L4N3,42,L4N3 s42,14.941202545166016,0.6298982761745554,1.4334129704384087,9.984076162373746,True
force_mae,4157092,L4N3,101,L4N3 s101,13.30561491648356,0.6427452117045079,0.8778280344541138,14.425228185670312,True
force_mae,4157092,L4N3,202,L4N3 s202,12.020538838704429,0.6214379529677566,0.9268021611690631,12.299389625244194,True
force_mae,4157092,L4N3,303,L4N3 s303,12.353794384002686,0.6292387607715947,0.834900009313988,14.0430656275412,True
force_mae,4157092,L4N3,1776,L4N3 s1776,14.532009347279866,0.6139854113521747,0.9403830321703833,14.800377569345544,True
force_mae,4157092,L4N4,0,L4N4 s0,15.954473876953124,0.5445171628077453,0.7618457140108997,20.227135797635935,True
force_mae,4157092,L4N4,7,L4N4 s7,14.988747787475583,0.5533003617275281,0.7874632206834159,18.331583046151614,True
force_mae,4157092,L4N4,42,L4N4 s42,11.678631941477455,0.5667680229394589,0.9724470045362181,11.426703837539707,True
force_mae,4157092,L4N4,1776,L4N4 s1776,16.0122252146403,0.5456845436133745,1.5124562389558096,10.226107885081639,True
force_mae,5959761,L3N4,0,L3N4 s0,1.5590351581573487,0.582884143878776,0.8055986490160479,1.211708852132307,False
force_mae,5959761,L3N4,1,L3N4 s1,80.66217918395996,0.6041831642617682,2.2197218485766372,36.066679287332406,True
force_mae,5959761,L3N4,7,L3N4 s7,1.691852617263794,0.5900155144423305,1.223081324961448,0.9008698606825624,False
force_mae,5959761,L3N4,42,L3N4 s42,1.750559345881144,2.3786001279911937,492.2995631657765,-0.0012757289039043163,False
force_mae,5959761,L3N4,101,L3N4 s101,0.6533979495366414,0.5807663608315538,0.9437260879900847,0.07696257381183129,False
force_mae,5959761,L3N4,202,L3N4 s202,1.907596000035604,0.6539855536744487,5.326287525721388,0.23536289400587088,False
force_mae,5959761,L3N5,0,L3N5 s0,2.19997132619222,0.7222488466519684,0.960911105703023,1.5378347391032787,False
force_mae,5959761,L3N5,1,L3N5 s1,1.2621356169382731,0.604897708594813,0.7926970774021175,0.8291160987970416,False
force_mae,5959761,L3N5,2,L3N5 s2,1.4195401668548584,0.7000906752509899,1.401927933612531,0.5131857881952384,False
force_mae,5959761,L3N5,3,L3N5 s3,1.2374914169311524,0.9543238453082751,92.9956463971765,0.003044955141378261,False
force_mae,5959761,L3N5,4,L3N5 s4,1.3716242790222168,0.5974813308890118,0.8508465580341565,0.9098502436465492,False
force_mae,5959761,L3N5,7,L3N5 s7,1.3831891536712646,0.6349262734162018,2.142844427526728,0.34919141615833876,False
force_mae,5959761,L3N5,42,L3N5 s42,1.5346827983856202,0.6043628579591266,0.8174316522323556,1.1381011952324662,False
force_mae,5959761,L3N5,1776,L3N5 s1776,1.9565141518910727,0.653152918197432,8.15478215671311,0.15982784195169444,False
force_mae,5959761,L4N3,7,L4N3 s7,1.8097894191741943,0.6039136420403755,0.8098434971357961,1.4890232265847476,False
force_mae,5959761,L4N3,42,L4N3 s42,0.9544236183166503,0.6298982761745554,1.4334129704384087,0.2264004504178855,False
force_mae,5959761,L4N3,101,L4N3 s101,1.8745786587397255,0.6427452117045079,0.8778280344541138,1.403274216232164,False
force_mae,5959761,L4N3,202,L4N3 s202,1.4257425944010416,0.6214379529677566,0.9268021611690631,0.8678277577803007,False
force_mae,5959761,L4N3,303,L4N3 s303,2.918204577763875,0.6292387607715947,0.834900009313988,2.741604732850649,True
force_mae,5959761,L4N3,1776,L4N3 s1776,1.515762503941854,0.6139854113521747,0.9403830321703833,0.9589465799998514,False
force_mae,5959761,L4N4,0,L4N4 s0,1.1516881227493283,0.5445171628077453,0.7618457140108997,0.7969736506687182,False
force_mae,5959761,L4N4,7,L4N4 s7,1.8217599709828696,0.5533003617275281,0.7874632206834159,1.610817592413374,False
force_mae,5959761,L4N4,42,L4N4 s42,1.4635653813680014,0.5667680229394589,0.9724470045362181,0.9222069215548104,False
force_mae,5959761,L4N4,1776,L4N4 s1776,2.373321469624837,0.5456845436133745,1.5124562389558096,1.208389954656309,False
force_mae,4141669,L3N4,0,L3N4 s0,22.938698450724285,0.582884143878776,0.8055986490160479,27.75056082101271,True
force_mae,4141669,L3N4,1,L3N4 s1,24.128944142659503,0.6041831642617682,2.2197218485766372,10.598067047672044,True
force_mae,4141669,L3N4,7,L3N4 s7,18.206732940673827,0.5900155144423305,1.223081324961448,14.403553604080074,True
force_mae,4141669,L3N4,42,L3N4 s42,25.814433924357097,2.3786001279911937,492.2995631657765,0.04760482346492382,False
force_mae,4141669,L3N4,101,L3N4 s101,13.04973487854004,0.5807663608315538,0.9437260879900847,13.212486839549456,True
force_mae,4141669,L3N4,202,L3N4 s202,14.20251922607422,0.6539855536744487,5.326287525721388,2.5437105313920823,True
force_mae,4141669,L3N5,0,L3N5 s0,34.4436222076416,0.7222488466519684,0.960911105703023,35.09312480712601,True
force_mae,4141669,L3N5,1,L3N5 s1,23.253500747680665,0.604897708594813,0.7926970774021175,28.571573788705575,True
force_mae,4141669,L3N5,2,L3N5 s2,30.83769963582357,0.7000906752509899,1.401927933612531,21.49725976492462,True
force_mae,4141669,L3N5,3,L3N5 s3,18.5463254292806,0.9543238453082751,92.9956463971765,0.18917016296481648,False
force_mae,4141669,L3N5,4,L3N5 s4,21.68728167215983,0.5974813308890118,0.8508465580341565,24.786843341057725,True
force_mae,4141669,L3N5,7,L3N5 s7,24.71045004526774,0.6349262734162018,2.142844427526728,11.2353110951874,True
force_mae,4141669,L3N5,42,L3N5 s42,20.32111047108968,0.6043628579591266,0.8174316522323556,24.120362307093597,True
force_mae,4141669,L3N5,1776,L3N5 s1776,24.178063583374023,0.653152918197432,8.15478215671311,2.884799399063115,True
force_mae,4141669,L4N3,7,L4N3 s7,19.747997665405272,0.6039136420403755,0.8098434971357961,23.639239051832234,True
force_mae,4141669,L4N3,42,L4N3 s42,22.8069522857666,0.6298982761745554,1.4334129704384087,15.471503653834807,True
force_mae,4141669,L4N3,101,L4N3 s101,18.541617838541665,0.6427452117045079,0.8778280344541138,20.38995329873208,True
force_mae,4141669,L4N3,202,L4N3 s202,27.52983665466309,0.6214379529677566,0.9268021611690631,29.033595117811583,True
force_mae,4141669,L4N3,303,L4N3 s303,19.803338877360027,0.6292387607715947,0.834900009313988,22.965744283969055,True
force_mae,4141669,L4N3,1776,L4N3 s1776,21.91006571451823,0.6139854113521747,0.9403830321703833,22.64617669038027,True
force_mae,4141669,L4N4,0,L4N4 s0,15.232427342732748,0.5445171628077453,0.7618457140108997,19.27937626976643,True
force_mae,4141669,L4N4,7,L4N4 s7,19.41788813273112,0.5533003617275281,0.7874632206834159,23.95615093569904,True
force_mae,4141669,L4N4,42,L4N4 s42,18.45219993591309,0.5667680229394589,0.9724470045362181,18.39219189276396,True
force_mae,4141669,L4N4,1776,L4N4 s1776,17.716113789876303,0.5456845436133745,1.5124562389558096,11.352678381040159,True
force_mae,5245795,L3N4,0,L3N4 s0,13.240133984883624,0.582884143878776,0.8055986490160479,15.711607580852224,True
force_mae,5245795,L3N4,1,L3N4 s1,7.864376640319824,0.6041831642617682,2.2197218485766372,3.2707672273053237,True
force_mae,5245795,L3N4,7,L3N4 s7,11.463586743672687,0.5900155144423305,1.223081324961448,8.89030926015741,True
force_mae,5245795,L3N4,42,L3N4 s42,11.2421542485555,2.3786001279911937,492.2995631657765,0.01800439160166308,False
force_mae,5245795,L3N4,101,L3N4 s101,15.644374020894368,0.5807663608315538,0.9437260879900847,15.961843009071378,True
force_mae,5245795,L3N4,202,L3N4 s202,9.901919110616047,0.6539855536744487,5.326287525721388,1.736281323958204,False
force_mae,5245795,L3N5,0,L3N5 s0,12.270643170674642,0.7222488466519684,0.960911105703023,12.018171353710834,True
force_mae,5245795,L3N5,1,L3N5 s1,9.627478090922038,0.604897708594813,0.7926970774021175,11.382128986644759,True
force_mae,5245795,L3N5,2,L3N5 s2,10.80262444814046,0.7000906752509899,1.401927933612531,7.206171965528178,True
force_mae,5245795,L3N5,3,L3N5 s3,10.130549812316897,0.9543238453082751,92.9956463971765,0.0986737156255438,False
force_mae,5245795,L3N5,4,L3N5 s4,9.949341901143391,0.5974813308890118,0.8508465580341565,10.991242171633674,True
force_mae,5245795,L3N5,7,L3N5 s7,11.52312412261963,0.6349262734162018,2.142844427526728,5.081189147161089,True
force_mae,5245795,L3N5,42,L3N5 s42,7.885696347554525,0.6043628579591266,0.8174316522323556,8.90757468188383,True
force_mae,5245795,L3N5,1776,L3N5 s1776,11.276568921407064,0.653152918197432,8.15478215671311,1.302722230840258,False
force_mae,5245795,L4N3,7,L4N3 s7,12.341044171651204,0.6039136420403755,0.8098434971357961,14.493084862843228,True
force_mae,5245795,L4N3,42,L4N3 s42,9.522119331359864,0.6298982761745554,1.4334129704384087,6.203530481844061,True
force_mae,5245795,L4N3,101,L4N3 s101,10.869495836893718,0.6427452117045079,0.8778280344541138,11.650061542576294,True
force_mae,5245795,L4N3,202,L4N3 s202,8.868267186482747,0.6214379529677566,0.9268021611690631,8.898154945077476,True
force_mae,5245795,L4N3,303,L4N3 s303,11.05226230621338,0.6292387607715947,0.834900009313988,12.484157898148867,True
force_mae,5245795,L4N3,1776,L4N3 s1776,13.35122636159261,0.6139854113521747,0.9403830321703833,13.544737106584286,True
force_mae,5245795,L4N4,0,L4N4 s0,11.221516100565593,0.5445171628077453,0.7618457140108997,14.014647246023742,True
force_mae,5245795,L4N4,7,L4N4 s7,14.136791038513184,0.5533003617275281,0.7874632206834159,17.249682677239132,True
force_mae,5245795,L4N4,42,L4N4 s42,33.351081403096515,0.5667680229394589,0.9724470045362181,33.71321339592448,True
force_mae,5245795,L4N4,1776,L4N4 s1776,10.842959149678547,0.5456845436133745,1.5124562389558096,6.808312426397439,True
force_mae,3860115,L3N4,0,L3N4 s0,19.67863928476969,0.582884143878776,0.8055986490160479,23.703807304312544,True
force_mae,3860115,L3N4,1,L3N4 s1,26.733448680241903,0.6041831642617682,2.2197218485766372,11.771414302533053,True
force_mae,3860115,L3N4,7,L3N4 s7,15.373855590820312,0.5900155144423305,1.223081324961448,12.087372911890364,True
force_mae,3860115,L3N4,42,L3N4 s42,21.20189439455668,2.3786001279911937,492.2995631657765,0.03823544783489265,False
force_mae,3860115,L3N4,101,L3N4 s101,26.38537418047587,0.5807663608315538,0.9437260879900847,27.343323606325306,True
force_mae,3860115,L3N4,202,L3N4 s202,19.01435519854228,0.6539855536744487,5.326287525721388,3.447123264788661,True
force_mae,3860115,L3N5,0,L3N5 s0,23.273332180579505,0.7222488466519684,0.960911105703023,23.468438651698886,True
force_mae,3860115,L3N5,1,L3N5 s1,27.138479153315227,0.604897708594813,0.7926970774021175,33.47253598017307,True
force_mae,3860115,L3N5,2,L3N5 s2,23.54656105041504,0.7000906752509899,1.401927933612531,16.296465622375155,True
force_mae,3860115,L3N5,3,L3N5 s3,23.07483278910319,0.9543238453082751,92.9956463971765,0.23786607008805663,False
force_mae,3860115,L3N5,4,L3N5 s4,21.020069360733032,0.5974813308890118,0.8508465580341565,24.00266867980228,True
force_mae,3860115,L3N5,7,L3N5 s7,21.361989625295003,0.6349262734162018,2.142844427526728,9.672686960201766,True
force_mae,3860115,L3N5,42,L3N5 s42,18.88311967849732,0.6043628579591266,0.8174316522323556,22.3612050874468,True
force_mae,3860115,L3N5,1776,L3N5 s1776,18.83327047030131,0.653152918197432,8.15478215671311,2.229381141363513,True
force_mae,3860115,L4N3,7,L4N3 s7,22.255210145314532,0.6039136420403755,0.8098434971357961,26.735161274800763,True
force_mae,3860115,L4N3,42,L4N3 s42,29.7132745107015,0.6298982761745554,1.4334129704384087,20.289600299648335,True
force_mae,3860115,L4N3,101,L4N3 s101,18.19662046432495,0.6427452117045079,0.8778280344541138,19.99694081715731,True
force_mae,3860115,L4N3,202,L4N3 s202,24.62911302248637,0.6214379529677566,0.9268021611690631,25.90377545002211,True
force_mae,3860115,L4N3,303,L4N3 s303,22.49658686319987,0.6292387607715947,0.834900009313988,26.191577264918237,True
force_mae,3860115,L4N3,1776,L4N3 s1776,22.9715070883433,0.6139854113521747,0.9403830321703833,23.774909703964415,True
force_mae,3860115,L4N4,0,L4N4 s0,17.785509872436524,0.5445171628077453,0.7618457140108997,22.630556807703076,True
force_mae,3860115,L4N4,7,L4N4 s7,18.83673973083496,0.5533003617275281,0.7874632206834159,23.218150243562842,True
force_mae,3860115,L4N4,42,L4N4 s42,15.25109610557556,0.5667680229394589,0.9724470045362181,15.100389033168328,True
force_mae,3860115,L4N4,1776,L4N4 s1776,11.711912647883098,0.5456845436133745,1.5124562389558096,7.382843758824268,True
force_mae,6844296,L3N4,0,L3N4 s0,2.458235232035319,0.582884143878776,0.8055986490160479,2.3278975088241305,True
force_mae,6844296,L3N4,1,L3N4 s1,2.813513469696045,0.6041831642617682,2.2197218485766372,0.995318538154218,False
force_mae,6844296,L3N4,7,L3N4 s7,2.505751546223958,0.5900155144423305,1.223081324961448,1.5663194202086377,False
force_mae,6844296,L3N4,42,L3N4 s42,2.919663842519124,2.3786001279911937,492.2995631657765,0.0010990538180626684,False
force_mae,6844296,L3N4,101,L3N4 s101,2.5923548380533856,0.5807663608315538,0.9437260879900847,2.1315384864543097,True
force_mae,6844296,L3N4,202,L3N4 s202,2.2712767918904624,0.6539855536744487,5.326287525721388,0.3036432468968091,False
force_mae,6844296,L3N5,0,L3N5 s0,2.8113528569539388,0.7222488466519684,0.960911105703023,2.1740866537009556,True
force_mae,6844296,L3N5,1,L3N5 s1,3.24145097732544,0.604897708594813,0.7926970774021175,3.3260539793729587,True
force_mae,6844296,L3N5,2,L3N5 s2,2.577191003163656,0.7000906752509899,1.401927933612531,1.3389420974555348,False
force_mae,6844296,L3N5,3,L3N5 s3,2.751837412516276,0.9543238453082751,92.9956463971765,0.019329007720759028,False
force_mae,6844296,L3N5,4,L3N5 s4,28.85914971033732,0.5974813308890118,0.8508465580341565,33.2159401863782,True
force_mae,6844296,L3N5,7,L3N5 s7,3.299645519256592,0.6349262734162018,2.142844427526728,1.243543027020403,False
force_mae,6844296,L3N5,42,L3N5 s42,2.301364262898763,0.6043628579591266,0.8174316522323556,2.0760162642408453,True
force_mae,6844296,L3N5,1776,L3N5 s1776,2.859290631612142,0.653152918197432,8.15478215671311,0.27053300395015356,False
force_mae,6844296,L4N3,7,L4N3 s7,2.674294916788737,0.6039136420403755,0.8098434971357961,2.556520219117344,True
force_mae,6844296,L4N3,42,L4N3 s42,2.015848922729492,0.6298982761745554,1.4334129704384087,0.9668885904744144,False
force_mae,6844296,L4N3,101,L4N3 s101,3.3650256792704263,0.6427452117045079,0.8778280344541138,3.101154623364012,True
force_mae,6844296,L4N3,202,L4N3 s202,1.92357873916626,0.6214379529677566,0.9268021611690631,1.404982466329157,False
force_mae,6844296,L4N3,303,L4N3 s303,2.1130903879801437,0.6292387607715947,0.834900009313988,1.777280645173049,False
force_mae,6844296,L4N3,1776,L4N3 s1776,2.6209351221720376,0.6139854113521747,0.9403830321703833,2.134183244659219,True
force_mae,6844296,L4N4,0,L4N4 s0,1.8984377225240072,0.5445171628077453,0.7618457140108997,1.7771584650496455,False
force_mae,6844296,L4N4,7,L4N4 s7,2.567517884572347,0.5533003617275281,0.7874632206834159,2.557855998781428,True
force_mae,6844296,L4N4,42,L4N4 s42,2.029529571533203,0.5667680229394589,0.9724470045362181,1.504206956029823,False
force_mae,6844296,L4N4,1776,L4N4 s1776,2.3599785963694253,0.5456845436133745,1.5124562389558096,1.19956796502663,False
force_mae,7237219,L3N4,0,L3N4 s0,6.853098932902018,0.582884143878776,0.8055986490160479,7.783298540385632,True
force_mae,7237219,L3N4,1,L3N4 s1,5.989153416951497,0.6041831642617682,2.2197218485766372,2.4259662336264154,True
force_mae,7237219,L3N4,7,L3N4 s7,9.771353276570638,0.5900155144423305,1.223081324961448,7.506727128237125,True
force_mae,7237219,L3N4,42,L3N4 s42,7.315742874145508,2.3786001279911937,492.2995631657765,0.010028736800832355,False
force_mae,7237219,L3N4,101,L3N4 s101,31.76970717112223,0.5807663608315538,0.9437260879900847,33.04872166532538,True
force_mae,7237219,L3N4,202,L3N4 s202,11.454284032185871,0.6539855536744487,5.326287525721388,2.027734782689682,True
force_mae,7237219,L3N5,0,L3N5 s0,7.808255894978841,0.7222488466519684,0.960911105703023,7.374258665834234,True
force_mae,7237219,L3N5,1,L3N5 s1,4.470541508992513,0.604897708594813,0.7926970774021175,4.876571278736714,True
force_mae,7237219,L3N5,2,L3N5 s2,7.730607350667317,0.7000906752509899,1.401927933612531,5.014891640899027,True
force_mae,7237219,L3N5,3,L3N5 s3,7.447478485107422,0.9543238453082751,92.9956463971765,0.0698221356736146,False
force_mae,7237219,L3N5,4,L3N5 s4,8.533330281575521,0.5974813308890118,0.8508465580341565,9.327003648016088,True
force_mae,7237219,L3N5,7,L3N5 s7,14.647139231363932,0.6349262734162018,2.142844427526728,6.5390715153879055,True
force_mae,7237219,L3N5,42,L3N5 s42,4.487852350870768,0.6043628579591266,0.8174316522323556,4.7508430610755905,True
force_mae,7237219,L3N5,1776,L3N5 s1776,18.16535415649414,0.653152918197432,8.15478215671311,2.1474762785515327,True
force_mae,7237219,L4N3,7,L4N3 s7,9.55036144256592,0.6039136420403755,0.8098434971357961,11.047131738622072,True
force_mae,7237219,L4N3,42,L4N3 s42,7.6487987518310545,0.6298982761745554,1.4334129704384087,4.89663524776797,True
force_mae,7237219,L4N3,101,L4N3 s101,13.88926518758138,0.6427452117045079,0.8778280344541138,15.090108148704038,True
force_mae,7237219,L4N3,202,L4N3 s202,8.417921574910482,0.6214379529677566,0.9268021611690631,8.412241521004098,True
force_mae,7237219,L4N3,303,L4N3 s303,14.157863235473632,0.6292387607715947,0.834900009313988,16.203885883074907,True
force_mae,7237219,L4N3,1776,L4N3 s1776,4.994809468587239,0.6139854113521747,0.9403830321703833,4.6585528527925675,True
force_mae,7237219,L4N4,0,L4N4 s0,8.368285751342773,0.5445171628077453,0.7618457140108997,10.26949216179891,True
force_mae,7237219,L4N4,7,L4N4 s7,11.395945994059243,0.5533003617275281,0.7874632206834159,13.769081967944745,True
force_mae,7237219,L4N4,42,L4N4 s42,17.209525553385415,0.5667680229394589,0.9724470045362181,17.114307980601225,True
force_mae,7237219,L4N4,1776,L4N4 s1776,8.738363265991211,0.5456845436133745,1.5124562389558096,5.416803813136446,True
force_mae,7711314,L3N4,0,L3N4 s0,27.085667419433594,0.582884143878776,0.8055986490160479,32.89824692224238,True
force_mae,7711314,L3N4,1,L3N4 s1,6.794670422871907,0.6041831642617682,2.2197218485766372,2.7888571996440428,True
force_mae,7711314,L3N4,7,L3N4 s7,5.9834036509195965,0.5900155144423305,1.223081324961448,4.409672542949887,True
force_mae,7711314,L3N4,42,L3N4 s42,5.832833099365234,2.3786001279911937,492.2995631657765,0.007016526582232342,False
force_mae,7711314,L3N4,101,L3N4 s101,6.235821978251139,0.5807663608315538,0.9437260879900847,5.992263739856475,True
force_mae,7711314,L3N4,202,L3N4 s202,5.947769037882487,0.6539855536744487,5.326287525721388,0.9938974301788284,False
force_mae,7711314,L3N5,0,L3N5 s0,6.159572474161783,0.7222488466519684,0.960911105703023,5.658508466849026,True
force_mae,7711314,L3N5,1,L3N5 s1,5.924155807495117,0.604897708594813,0.7926970774021175,6.710328889230865,True
force_mae,7711314,L3N5,2,L3N5 s2,7.8738764444986975,0.7000906752509899,1.401927933612531,5.117085976568051,True
force_mae,7711314,L3N5,3,L3N5 s3,5.194012578328451,0.9543238453082751,92.9956463971765,0.045590185102997456,False
force_mae,7711314,L3N5,4,L3N5 s4,11.84869877497355,0.5974813308890118,0.8508465580341565,13.223556395503298,True
force_mae,7711314,L3N5,7,L3N5 s7,4.243894449869791,0.6349262734162018,2.142844427526728,1.6841951427239457,False
force_mae,7711314,L3N5,42,L3N5 s42,6.227171961466471,0.6043628579591266,0.8174316522323556,6.878629042748465,True
force_mae,7711314,L3N5,1776,L3N5 s1776,8.21263542175293,0.653152918197432,8.15478215671311,0.926999931853783,False
force_mae,7711314,L4N3,7,L4N3 s7,4.755443255106608,0.6039136420403755,0.8098434971357961,5.126335678126828,True
force_mae,7711314,L4N3,42,L4N3 s42,5.146517435709636,0.6298982761745554,1.4334129704384087,3.1509545767216514,True
force_mae,7711314,L4N3,101,L4N3 s101,9.936923535664876,0.6427452117045079,0.8778280344541138,10.587698226954037,True
force_mae,7711314,L4N3,202,L4N3 s202,4.354846477508545,0.6214379529677566,0.9268021611690631,4.028269118224204,True
force_mae,7711314,L4N3,303,L4N3 s303,8.956620152791341,0.6292387607715947,0.834900009313988,9.974106239215525,True
force_mae,7711314,L4N3,1776,L4N3 s1776,5.913600413004557,0.6139854113521747,0.9403830321703833,5.635591902823882,True
force_mae,7711314,L4N4,0,L4N4 s0,6.666200447082519,0.5445171628077453,0.7618457140108997,8.035332051742948,True
force_mae,7711314,L4N4,7,L4N4 s7,9.733899879455567,0.5533003617275281,0.7874632206834159,11.658448644446493,True
force_mae,7711314,L4N4,42,L4N4 s42,5.774549865722657,0.5667680229394589,0.9724470045362181,5.355337430718815,True
force_mae,7711314,L4N4,1776,L4N4 s1776,6.442351754506429,0.5456845436133745,1.5124562389558096,3.8987357511673046,True
force_mae,3319908,L3N4,0,L3N4 s0,14.098267809549968,0.582884143878776,0.8055986490160479,16.77682017240071,True
force_mae,3319908,L3N4,1,L3N4 s1,10.942250823974607,0.6041831642617682,2.2197218485766372,4.657370772082082,True
force_mae,3319908,L3N4,7,L3N4 s7,12.936680094401042,0.5900155144423305,1.223081324961448,10.094720872586198,True
force_mae,3319908,L3N4,42,L3N4 s42,12.480809656778971,2.3786001279911937,492.2995631657765,0.020520451945609326,False
force_mae,3319908,L3N4,101,L3N4 s101,11.535903040568034,0.5807663608315538,0.9437260879900847,11.608385970412614,True
force_mae,3319908,L3N4,202,L3N4 s202,16.358780256907146,0.6539855536744487,5.326287525721388,2.948544296077154,True
force_mae,3319908,L3N5,0,L3N5 s0,13.615842056274412,0.7222488466519684,0.960911105703023,13.418091572777918,True
force_mae,3319908,L3N5,1,L3N5 s1,13.42759313583374,0.604897708594813,0.7926970774021175,16.176034695702885,True
force_mae,3319908,L3N5,2,L3N5 s2,46.72185503641765,0.7000906752509899,1.401927933612531,32.8274822533683,True
force_mae,3319908,L3N5,3,L3N5 s3,16.776654116312663,0.9543238453082751,92.9956463971765,0.17014054833737657,False
force_mae,3319908,L3N5,4,L3N5 s4,9.239545408884684,0.5974813308890118,0.8508465580341565,10.157018320627376,True
force_mae,3319908,L3N5,7,L3N5 s7,12.810251013437908,0.6349262734162018,2.142844427526728,5.6818519271016195,True
force_mae,3319908,L3N5,42,L3N5 s42,15.911800003051756,0.6043628579591266,0.8174316522323556,18.726259379960343,True
force_mae,3319908,L3N5,1776,L3N5 s1776,10.648346551259358,0.653152918197432,8.15478215671311,1.225684934432463,False
force_mae,3319908,L4N3,7,L4N3 s7,12.380984497070312,0.6039136420403755,0.8098434971357961,14.542403435580265,True
force_mae,3319908,L4N3,42,L4N3 s42,23.157462946573894,0.6298982761745554,1.4334129704384087,15.716032389123209,True
force_mae,3319908,L4N3,101,L4N3 s101,13.2646209081014,0.6427452117045079,0.8778280344541138,14.378528824550393,True
force_mae,3319908,L4N3,202,L4N3 s202,30.09653679529826,0.6214379529677566,0.9268021611690631,31.803010477609135,True
force_mae,3319908,L4N3,303,L4N3 s303,13.32681744893392,0.6292387607715947,0.834900009313988,15.208502271542121,True
force_mae,3319908,L4N3,1776,L4N3 s1776,12.81637954711914,0.6139854113521747,0.9403830321703833,12.975982890295361,True
force_mae,3319908,L4N4,0,L4N4 s0,9.838324451446534,0.5445171628077453,0.7618457140108997,12.199067498469674,True
force_mae,3319908,L4N4,7,L4N4 s7,13.634142621358237,0.5533003617275281,0.7874632206834159,16.61136916118855,True
force_mae,3319908,L4N4,42,L4N4 s42,18.382117716471356,0.5667680229394589,0.9724470045362181,18.320123986631476,True
force_mae,3319908,L4N4,1776,L4N4 s1776,22.106843503316245,0.5456845436133745,1.5124562389558096,14.25572416864673,True
force_mae,6371940,L3N4,0,L3N4 s0,19.50907516479492,0.582884143878776,0.8055986490160479,23.49332517381012,True
force_mae,6371940,L3N4,1,L3N4 s1,20.406565348307293,0.6041831642617682,2.2197218485766372,8.921109731268132,True
force_mae,6371940,L3N4,7,L3N4 s7,21.003818003336587,0.5900155144423305,1.223081324961448,16.690470267410635,True
force_mae,6371940,L3N4,42,L3N4 s42,28.034029006958008,2.3786001279911937,492.2995631657765,0.052113450424345856,False
force_mae,6371940,L3N4,101,L3N4 s101,22.974879201253252,0.5807663608315538,0.9437260879900847,23.729462526691307,True
force_mae,6371940,L3N4,202,L3N4 s202,27.585611852010093,0.6539855536744487,5.326287525721388,5.056359831924028,True
force_mae,6371940,L3N5,0,L3N5 s0,22.066813023885093,0.7222488466519684,0.960911105703023,22.21283951299219,True
force_mae,6371940,L3N5,1,L3N5 s1,20.89884745279948,0.604897708594813,0.7926970774021175,25.60114112027942,True
force_mae,6371940,L3N5,2,L3N5 s2,24.038659032185876,0.7000906752509899,1.401927933612531,16.647480799384134,True
force_mae,6371940,L3N5,3,L3N5 s3,11.156383514404297,0.9543238453082751,92.9956463971765,0.1097047019332915,False
force_mae,6371940,L3N5,4,L3N5 s4,20.251460393269856,0.5974813308890118,0.8508465580341565,23.099322523899605,True
force_mae,6371940,L3N5,7,L3N5 s7,24.177653376261397,0.6349262734162018,2.142844427526728,10.986671174266357,True
force_mae,6371940,L3N5,42,L3N5 s42,18.888424555460613,0.6043628579591266,0.8174316522323556,22.36769477615509,True
force_mae,6371940,L3N5,1776,L3N5 s1776,16.40462849934896,0.653152918197432,8.15478215671311,1.931563011549577,False
force_mae,6371940,L4N3,7,L4N3 s7,21.90268478393555,0.6039136420403755,0.8098434971357961,26.29986067335644,True
force_mae,6371940,L4N3,42,L4N3 s42,24.586304219563804,0.6298982761745554,1.4334129704384087,16.712843009968157,True
force_mae,6371940,L4N3,101,L4N3 s101,17.351877975463868,0.6427452117045079,0.8778280344541138,19.034631052937495,True
force_mae,6371940,L4N3,202,L4N3 s202,20.259094365437825,0.6214379529677566,0.9268021611690631,21.188617415068645,True
force_mae,6371940,L4N3,303,L4N3 s303,27.028409830729167,0.6292387607715947,0.834900009313988,31.61956015744804,True
force_mae,6371940,L4N3,1776,L4N3 s1776,21.81886075337728,0.6139854113521747,0.9403830321703833,22.549189656351754,True
force_mae,6371940,L4N4,0,L4N4 s0,21.892863464355468,0.5445171628077453,0.7618457140108997,28.021876226296246,True
force_mae,6371940,L4N4,7,L4N4 s7,24.355149714152017,0.5533003617275281,0.7874632206834159,30.225982277327915,True
force_mae,6371940,L4N4,42,L4N4 s42,21.67777290344238,0.5667680229394589,0.9724470045362181,21.70915719008383,True
force_mae,6371940,L4N4,1776,L4N4 s1776,16.265614318847657,0.5456845436133745,1.5124562389558096,10.39364271860667,True
force_mae,4003634,L3N4,0,L3N4 s0,22.579434172312418,0.582884143878776,0.8055986490160479,27.30460143559086,True
force_mae,4003634,L3N4,1,L3N4 s1,11.773555437723797,0.6041831642617682,2.2197218485766372,5.031879233258086,True
force_mae,4003634,L3N4,7,L3N4 s7,21.77655169169108,0.5900155144423305,1.223081324961448,17.322262833108464,True
force_mae,4003634,L3N4,42,L3N4 s42,22.70175120035807,2.3786001279911937,492.2995631657765,0.04128208227867811,False
force_mae,4003634,L3N4,101,L3N4 s101,12.885449091593424,0.5807663608315538,0.9437260879900847,13.038404773749509,True
force_mae,4003634,L3N4,202,L3N4 s202,26.67524280548096,0.6539855536744487,5.326287525721388,4.8854398351846795,True
force_mae,4003634,L3N5,0,L3N5 s0,23.091046651204422,0.7222488466519684,0.960911105703023,23.27873793090045,True
force_mae,4003634,L3N5,1,L3N5 s1,17.81555716196696,0.604897708594813,0.7926970774021175,21.71152126582342,True
force_mae,4003634,L3N5,2,L3N5 s2,14.879187361399334,0.7000906752509899,1.401927933612531,10.113998263527863,True
force_mae,4003634,L3N5,3,L3N5 s3,21.159041595458984,0.9543238453082751,92.9956463971765,0.21726520039290956,False
force_mae,4003634,L3N5,4,L3N5 s4,20.981742095947265,0.5974813308890118,0.8508465580341565,23.9576226436823,True
force_mae,4003634,L3N5,7,L3N5 s7,13.634142875671388,0.6349262734162018,2.142844427526728,6.066337077609917,True
force_mae,4003634,L3N5,42,L3N5 s42,15.898962910970052,0.6043628579591266,0.8174316522323556,18.710555202067738,True
force_mae,4003634,L3N5,1776,L3N5 s1776,13.485145696004231,0.653152918197432,8.15478215671311,1.573554330601383,False
force_mae,4003634,L4N3,7,L4N3 s7,11.973954518636068,0.6039136420403755,0.8098434971357961,14.039800179674893,True
force_mae,4003634,L4N3,42,L4N3 s42,22.56696052551269,0.6298982761745554,1.4334129704384087,15.304076844392371,True
force_mae,4003634,L4N3,101,L4N3 s101,20.25146993001302,0.6427452117045079,0.8778280344541138,22.337774539750708,True
force_mae,4003634,L4N3,202,L4N3 s202,10.919136810302737,0.6214379529677566,0.9268021611690631,11.111000048106837,True
force_mae,4003634,L4N3,303,L4N3 s303,23.988429896036784,0.6292387607715947,0.834900009313988,27.978429601957636,True
force_mae,4003634,L4N3,1776,L4N3 s1776,20.6728790918986,0.6139854113521747,0.9403830321703833,21.3305567990215,True
force_mae,4003634,L4N4,0,L4N4 s0,15.591121419270833,0.5445171628077453,0.7618457140108997,19.750198734133477,True
force_mae,4003634,L4N4,7,L4N4 s7,14.75489133199056,0.5533003617275281,0.7874632206834159,18.03460859789476,True
force_mae,4003634,L4N4,42,L4N4 s42,28.43492364883423,0.5667680229394589,0.9724470045362181,28.657762835297866,True
force_mae,4003634,L4N4,1776,L4N4 s1776,17.681514167785643,0.5456845436133745,1.5124562389558096,11.329801935957326,True
force_mae,6346262,L3N4,0,L3N4 s0,0.3203394174575805,0.582884143878776,0.8055986490160479,-0.32590015728286736,False
force_mae,6346262,L3N4,1,L3N4 s1,0.3530754804611206,0.6041831642617682,2.2197218485766372,-0.11312574319240341,False
force_mae,6346262,L3N4,7,L3N4 s7,0.207433795928955,0.5900155144423305,1.223081324961448,-0.3128015371548859,False
force_mae,6346262,L3N4,42,L3N4 s42,0.3438168287277222,2.3786001279911937,492.2995631657765,-0.004133221825708345,False
force_mae,6346262,L3N4,101,L3N4 s101,26.567011308670043,0.5807663608315538,0.9437260879900847,27.535791665125096,True
force_mae,6346262,L3N4,202,L3N4 s202,0.250975767771403,0.6539855536744487,5.326287525721388,-0.07566429411796771,False
force_mae,6346262,L3N5,0,L3N5 s0,0.6480655034383138,0.7222488466519684,0.960911105703023,-0.07720104677048195,False
force_mae,6346262,L3N5,1,L3N5 s1,0.2897306362787882,0.604897708594813,0.7926970774021175,-0.39758828599307117,False
force_mae,6346262,L3N5,2,L3N5 s2,0.3313474257787068,0.7000906752509899,1.401927933612531,-0.2630258236756109,False
force_mae,6346262,L3N5,3,L3N5 s3,0.3444776614507039,0.9543238453082751,92.9956463971765,-0.006557792837451443,False
force_mae,6346262,L3N5,4,L3N5 s4,0.3687997500101725,0.5974813308890118,0.8508465580341565,-0.26876947284972036,False
force_mae,6346262,L3N5,7,L3N5 s7,0.4124940554300944,0.6349262734162018,2.142844427526728,-0.10380231767120807,False
force_mae,6346262,L3N5,42,L3N5 s42,0.425493860244751,0.6043628579591266,0.8174316522323556,-0.21881829168945852,False
force_mae,6346262,L3N5,1776,L3N5 s1776,0.2731332063674926,0.653152918197432,8.15478215671311,-0.04660084163218301,False
force_mae,6346262,L4N3,7,L4N3 s7,0.4668605248133341,0.6039136420403755,0.8098434971357961,-0.16923407758630185,False
force_mae,6346262,L4N3,42,L4N3 s42,0.7284547408421834,0.6298982761745554,1.4334129704384087,0.06875650402234366,False
force_mae,6346262,L4N3,101,L4N3 s101,0.3850812196731567,0.6427452117045079,0.8778280344541138,-0.2935244511660899,False
force_mae,6346262,L4N3,202,L4N3 s202,0.457952070236206,0.6214379529677566,0.9268021611690631,-0.17639782208247168,False
force_mae,6346262,L4N3,303,L4N3 s303,0.3211958328882853,0.6292387607715947,0.834900009313988,-0.3689578685433468,False
force_mae,6346262,L4N3,1776,L4N3 s1776,0.303221599260966,0.6139854113521747,0.9403830321703833,-0.33046514181989506,False
force_mae,6346262,L4N4,0,L4N4 s0,0.2107994318008423,0.5445171628077453,0.7618457140108997,-0.4380384700859898,False
force_mae,6346262,L4N4,7,L4N4 s7,0.3587715864181519,0.5533003617275281,0.7874632206834159,-0.24703220442543392,False
force_mae,6346262,L4N4,42,L4N4 s42,0.271003270149231,0.5667680229394589,0.9724470045362181,-0.3041448545890527,False
force_mae,6346262,L4N4,1776,L4N4 s1776,0.359109894434611,0.5456845436133745,1.5124562389558096,-0.12335870908078204,False
force_mae,5122175,L3N4,0,L3N4 s0,6.172230656941732,0.582884143878776,0.8055986490160479,6.938127962217591,True
force_mae,5122175,L3N4,1,L3N4 s1,8.797178586324057,0.6041831642617682,2.2197218485766372,3.691000936588484,True
force_mae,5122175,L3N4,7,L3N4 s7,14.814411608378093,0.5900155144423305,1.223081324961448,11.629967528434072,True
force_mae,5122175,L3N4,42,L3N4 s42,13.571127446492511,2.3786001279911937,492.2995631657765,0.02273519652653512,False
force_mae,5122175,L3N4,101,L3N4 s101,8.763258584340413,0.5807663608315538,0.9437260879900847,8.67041011967323,True
force_mae,5122175,L3N4,202,L3N4 s202,17.86702365875244,0.6539855536744487,5.326287525721388,3.231714026318298,True
force_mae,5122175,L3N5,0,L3N5 s0,9.6436461130778,0.7222488466519684,0.960911105703023,9.284310706242435,True
force_mae,5122175,L3N5,1,L3N5 s1,8.720071093241375,0.604897708594813,0.7926970774021175,10.23742059355407,True
force_mae,5122175,L3N5,2,L3N5 s2,5.616606775919596,0.7000906752509899,1.401927933612531,3.5069677854264425,True
force_mae,5122175,L3N5,3,L3N5 s3,7.412544250488281,0.9543238453082751,92.9956463971765,0.06944648115673605,False
force_mae,5122175,L3N5,4,L3N5 s4,11.459103775024412,0.5974813308890118,0.8508465580341565,12.765665373590625,True
force_mae,5122175,L3N5,7,L3N5 s7,21.742601521809892,0.6349262734162018,2.142844427526728,9.850306899206947,True
force_mae,5122175,L3N5,42,L3N5 s42,18.53588383992513,0.6043628579591266,0.8174316522323556,21.93641625326854,True
force_mae,5122175,L3N5,1776,L3N5 s1776,5.064683659871419,0.653152918197432,8.15478215671311,0.5409746890715363,False
force_mae,5122175,L4N3,7,L4N3 s7,11.070784330368042,0.6039136420403755,0.8098434971357961,12.924559776483038,True
force_mae,5122175,L4N3,42,L4N3 s42,14.147360674540202,0.6298982761745554,1.4334129704384087,9.430263767064517,True
force_mae,5122175,L4N3,101,L4N3 s101,9.996827952067058,0.6427452117045079,0.8778280344541138,10.655939857490972,True
force_mae,5122175,L4N3,202,L4N3 s202,19.199150212605797,0.6214379529677566,0.9268021611690631,20.04496001196654,True
force_mae,5122175,L4N3,303,L4N3 s303,8.319757302602133,0.6292387607715947,0.834900009313988,9.211304894043064,True
force_mae,5122175,L4N3,1776,L4N3 s1776,11.678157297770182,0.6139854113521747,0.9403830321703833,11.765601364459057,True
force_mae,5122175,L4N4,0,L4N4 s0,21.37196439107259,0.5445171628077453,0.7618457140108997,27.338143203056553,True
force_mae,5122175,L4N4,7,L4N4 s7,3.964561525980632,0.5533003617275281,0.7874632206834159,4.33196252809442,True
force_mae,5122175,L4N4,42,L4N4 s42,8.135609372456868,0.5667680229394589,0.9724470045362181,7.7832944255169565,True
force_mae,5122175,L4N4,1776,L4N4 s1776,10.55960152943929,0.5456845436133745,1.5124562389558096,6.620963124684825,True
force_mae,3083175,L3N4,0,L3N4 s0,14.291510645548502,0.582884143878776,0.8055986490160479,17.016694998698593,True
force_mae,3083175,L3N4,1,L3N4 s1,20.796981366475425,0.6041831642617682,2.2197218485766372,9.09699483976426,True
force_mae,3083175,L3N4,7,L3N4 s7,15.266673024495445,0.5900155144423305,1.223081324961448,11.999739682490638,True
force_mae,3083175,L3N4,42,L3N4 s42,18.96576436360677,2.3786001279911937,492.2995631657765,0.03369323370703465,False
force_mae,3083175,L3N4,101,L3N4 s101,15.464401944478352,0.5807663608315538,0.9437260879900847,15.771139288249891,True
force_mae,3083175,L3N4,202,L3N4 s202,16.5427214940389,0.6539855536744487,5.326287525721388,2.9830789013239563,True
force_mae,3083175,L3N5,0,L3N5 s0,26.49897969563802,0.7222488466519684,0.960911105703023,26.825302253247713,True
force_mae,3083175,L3N5,1,L3N5 s1,14.62026201883952,0.604897708594813,0.7926970774021175,17.68060550466118,True
force_mae,3083175,L3N5,2,L3N5 s2,14.955237515767417,0.7000906752509899,1.401927933612531,10.168245099292177,True
force_mae,3083175,L3N5,3,L3N5 s3,12.844201723734535,0.9543238453082751,92.9956463971765,0.12785413445749494,False
force_mae,3083175,L3N5,4,L3N5 s4,16.628257052103677,0.5974813308890118,0.8508465580341565,18.840971465234656,True
force_mae,3083175,L3N5,7,L3N5 s7,15.822979164123534,0.6349262734162018,2.142844427526728,7.087800073399351,True
force_mae,3083175,L3N5,42,L3N5 s42,17.89076671600342,0.6043628579591266,0.8174316522323556,21.147216174999077,True
force_mae,3083175,L3N5,1776,L3N5 s1776,19.442477480570474,0.653152918197432,8.15478215671311,2.3040866330077816,True
force_mae,3083175,L4N3,7,L4N3 s7,16.948812166849773,0.6039136420403755,0.8098434971357961,20.182786652750828,True
force_mae,3083175,L4N3,42,L4N3 s42,14.619697825113931,0.6298982761745554,1.4334129704384087,9.759783005633473,True
force_mae,3083175,L4N3,101,L4N3 s101,15.177340761820476,0.6427452117045079,0.8778280344541138,16.557452006137456,True
force_mae,3083175,L4N3,202,L4N3 s202,12.095492362976074,0.6214379529677566,0.9268021611690631,12.380262898324503,True
force_mae,3083175,L4N3,303,L4N3 s303,13.77732219696045,0.6292387607715947,0.834900009313988,15.748093531574202,True
force_mae,3083175,L4N3,1776,L4N3 s1776,14.604210599263508,0.6139854113521747,0.9403830321703833,14.877156126075777,True
force_mae,3083175,L4N4,0,L4N4 s0,14.055201403299968,0.5445171628077453,0.7618457140108997,17.734147468471452,True
force_mae,3083175,L4N4,7,L4N4 s7,18.95799471537272,0.5533003617275281,0.7874632206834159,23.372132018651364,True
force_mae,3083175,L4N4,42,L4N4 s42,12.965658187866213,0.5667680229394589,0.9724470045362181,12.750196264772356,True
force_mae,3083175,L4N4,1776,L4N4 s1776,11.987833086649577,0.5456845436133745,1.5124562389558096,7.565275773490009,True
force_mae,7012853,L3N4,0,L3N4 s0,19.496975708007813,0.582884143878776,0.8055986490160479,23.478305961945896,True
force_mae,7012853,L3N4,1,L3N4 s1,24.09648036956787,0.6041831642617682,2.2197218485766372,10.583441894023874,True
force_mae,7012853,L3N4,7,L3N4 s7,17.98048356374105,0.5900155144423305,1.223081324961448,14.218570502535366,True
force_mae,7012853,L3N4,42,L3N4 s42,21.248508834838866,2.3786001279911937,492.2995631657765,0.03833013498022023,False
force_mae,7012853,L3N4,101,L3N4 s101,16.628217252095542,0.5807663608315538,0.9437260879900847,17.004352317356506,True
force_mae,7012853,L3N4,202,L3N4 s202,17.397674878438313,0.6539855536744487,5.326287525721388,3.143594716565008,True
force_mae,7012853,L3N5,0,L3N5 s0,24.779341061909992,0.7222488466519684,0.960911105703023,25.03571045487849,True
force_mae,7012853,L3N5,1,L3N5 s1,17.123866271972656,0.604897708594813,0.7926970774021175,20.838942181438295,True
force_mae,7012853,L3N5,2,L3N5 s2,21.45974922180176,0.7000906752509899,1.401927933612531,14.807935592706713,True
force_mae,7012853,L3N5,3,L3N5 s3,17.515087381998697,0.9543238453082751,92.9956463971765,0.1780810626979333,False
force_mae,7012853,L3N5,4,L3N5 s4,14.88420886993408,0.5974813308890118,0.8508465580341565,16.79119155403757,True
force_mae,7012853,L3N5,7,L3N5 s7,23.165138498942056,0.6349262734162018,2.142844427526728,10.51416142772914,True
force_mae,7012853,L3N5,42,L3N5 s42,20.05836429595947,0.6043628579591266,0.8174316522323556,23.798933384672175,True
force_mae,7012853,L3N5,1776,L3N5 s1776,18.533380889892577,0.653152918197432,8.15478215671311,2.192606452028389,True
force_mae,7012853,L4N3,7,L4N3 s7,17.2896702448527,0.6039136420403755,0.8098434971357961,20.603680417050292,True
force_mae,7012853,L4N3,42,L4N3 s42,21.526833534240723,0.6298982761745554,1.4334129704384087,14.578447167026019,True
force_mae,7012853,L4N3,101,L4N3 s101,17.1757537206014,0.6427452117045079,0.8778280344541138,18.833994654976028,True
force_mae,7012853,L4N3,202,L4N3 s202,12.603047943115234,0.6214379529677566,0.9268021611690631,12.927904672809504,True
force_mae,7012853,L4N3,303,L4N3 s303,15.878288014729817,0.6292387607715947,0.834900009313988,18.26452160000322,True
force_mae,7012853,L4N3,1776,L4N3 s1776,15.400898551940918,0.6139854113521747,0.9403830321703833,15.724351285306449,True
force_mae,7012853,L4N4,0,L4N4 s0,18.19967419306437,0.5445171628077453,0.7618457140108997,23.174189610265408,True
force_mae,7012853,L4N4,7,L4N4 s7,17.162715911865234,0.5533003617275281,0.7874632206834159,21.092306426353332,True
force_mae,7012853,L4N4,42,L4N4 s42,18.855205980936685,0.5667680229394589,0.9724470045362181,18.806616579295643,True
force_mae,7012853,L4N4,1776,L4N4 s1776,26.526288096110022,0.5456845436133745,1.5124562389558096,17.177755549762878,True
force_mae,5790076,L3N4,0,L3N4 s0,18.354610427220663,0.582884143878776,0.8055986490160479,22.06027319565163,True
force_mae,5790076,L3N4,1,L3N4 s1,8.114732297261556,0.6041831642617682,2.2197218485766372,3.3835541772118036,True
force_mae,5790076,L3N4,7,L3N4 s7,7.753707186381022,0.5900155144423305,1.223081324961448,5.857085318643462,True
force_mae,5790076,L3N4,42,L3N4 s42,10.517429542541503,2.3786001279911937,492.2995631657765,0.016532270234433762,False
force_mae,5790076,L3N4,101,L3N4 s101,11.904538456598916,0.5807663608315538,0.9437260879900847,11.999002930907993,True
force_mae,5790076,L3N4,202,L3N4 s202,10.627299388249716,0.6539855536744487,5.326287525721388,1.872470043423818,False
force_mae,5790076,L3N5,0,L3N5 s0,14.28898278872172,0.7222488466519684,0.960911105703023,14.118614991075622,True
force_mae,5790076,L3N5,1,L3N5 s1,13.816512044270834,0.604897708594813,0.7926970774021175,16.66666209868472,True
force_mae,5790076,L3N5,2,L3N5 s2,9.734633636474609,0.7000906752509899,1.401927933612531,6.444370459145593,True
force_mae,5790076,L3N5,3,L3N5 s3,7.179857587814331,0.9543238453082751,92.9956463971765,0.06694435689943301,False
force_mae,5790076,L3N5,4,L3N5 s4,10.96818830172221,0.5974813308890118,0.8508465580341565,12.188692394542041,True
force_mae,5790076,L3N5,7,L3N5 s7,8.31063125928243,0.6349262734162018,2.142844427526728,3.582016915117599,True
force_mae,5790076,L3N5,42,L3N5 s42,5.859955739974976,0.6043628579591266,0.8174316522323556,6.42939732962768,True
force_mae,5790076,L3N5,1776,L3N5 s1776,14.91774411201477,0.653152918197432,8.15478215671311,1.7492301964283086,False
force_mae,5790076,L4N3,7,L4N3 s7,9.494432195027668,0.6039136420403755,0.8098434971357961,10.978069941205584,True
force_mae,5790076,L4N3,42,L4N3 s42,10.316740417480467,0.6298982761745554,1.4334129704384087,6.757886485667278,True
force_mae,5790076,L4N3,101,L4N3 s101,6.449501291910807,0.6427452117045079,0.8778280344541138,6.614913003794973,True
force_mae,5790076,L4N3,202,L4N3 s202,15.853618097305295,0.6214379529677566,0.9268021611690631,16.43520136500734,True
force_mae,5790076,L4N3,303,L4N3 s303,19.675570567448933,0.6292387607715947,0.834900009313988,22.81271001820581,True
force_mae,5790076,L4N3,1776,L4N3 s1776,21.4113520304362,0.6139854113521747,0.9403830321703833,22.115846317520383,True
force_mae,5790076,L4N4,0,L4N4 s0,6.081506458918254,0.5445171628077453,0.7618457140108997,7.267861713049279,True
force_mae,5790076,L4N4,7,L4N4 s7,20.12480576833089,0.5533003617275281,0.7874632206834159,24.853866050553876,True
force_mae,5790076,L4N4,42,L4N4 s42,9.830668179194133,0.5667680229394589,0.9724470045362181,9.526380474247887,True
force_mae,5790076,L4N4,1776,L4N4 s1776,11.566070556640623,0.5456845436133745,1.5124562389558096,7.286416445764841,True
force_mae,6660541,L3N4,0,L3N4 s0,12.701985804239907,0.582884143878776,0.8055986490160479,15.043597298932056,True
force_mae,6660541,L3N4,1,L3N4 s1,9.936094093322756,0.6041831642617682,2.2197218485766372,4.204090226460101,True
force_mae,6660541,L3N4,7,L3N4 s7,15.328186289469402,0.5900155144423305,1.223081324961448,12.050033365926526,True
force_mae,6660541,L3N4,42,L3N4 s42,19.328329277038574,2.3786001279911937,492.2995631657765,0.03442970584830631,False
force_mae,6660541,L3N4,101,L3N4 s101,14.896961466471357,0.5807663608315538,0.9437260879900847,15.169862619915426,True
force_mae,6660541,L3N4,202,L3N4 s202,16.959961954752604,0.6539855536744487,5.326287525721388,3.0614149766294654,True
force_mae,6660541,L3N5,0,L3N5 s0,15.052373186747234,0.7222488466519684,0.960911105703023,14.913059340292506,True
force_mae,6660541,L3N5,1,L3N5 s1,11.6768279393514,0.604897708594813,0.7926970774021175,13.967416490347478,True
force_mae,6660541,L3N5,2,L3N5 s2,10.581487655639648,0.7000906752509899,1.401927933612531,7.048434333515255,True
force_mae,6660541,L3N5,3,L3N5 s3,15.710363388061523,0.9543238453082751,92.9956463971765,0.15867451987732262,False
force_mae,6660541,L3N5,4,L3N5 s4,14.047983105977377,0.5974813308890118,0.8508465580341565,15.808375374010039,True
force_mae,6660541,L3N5,7,L3N5 s7,13.31190694173177,0.6349262734162018,2.142844427526728,5.91595941612399,True
force_mae,6660541,L3N5,42,L3N5 s42,14.595060920715332,0.6043628579591266,0.8174316522323556,17.1154346966483,True
force_mae,6660541,L3N5,1776,L3N5 s1776,12.76661885579427,0.653152918197432,8.15478215671311,1.485443228869688,False
force_mae,6660541,L4N3,7,L4N3 s7,17.481628926595054,0.6039136420403755,0.8098434971357961,20.840712241620423,True
force_mae,6660541,L4N3,42,L4N3 s42,17.94476598103841,0.6298982761745554,1.4334129704384087,12.079469114590273,True
force_mae,6660541,L4N3,101,L4N3 s101,15.280318895975748,0.6427452117045079,0.8778280344541138,16.674762151306506,True
force_mae,6660541,L4N3,202,L4N3 s202,17.05071481068929,0.6214379529677566,0.9268021611690631,17.726843490522004,True
force_mae,6660541,L4N3,303,L4N3 s303,20.962050342559813,0.6292387607715947,0.834900009313988,24.353588878858766,True
force_mae,6660541,L4N3,1776,L4N3 s1776,12.433672269185385,0.6139854113521747,0.9403830321703833,12.569013320618549,True
force_mae,6660541,L4N4,0,L4N4 s0,17.812289683024087,0.5445171628077453,0.7618457140108997,22.665708033331917,True
force_mae,6660541,L4N4,7,L4N4 s7,14.952135721842447,0.5533003617275281,0.7874632206834159,18.28508936280046,True
force_mae,6660541,L4N4,42,L4N4 s42,12.981721941630044,0.5667680229394589,0.9724470045362181,12.766715163682937,True
force_mae,6660541,L4N4,1776,L4N4 s1776,13.649921290079751,0.5456845436133745,1.5124562389558096,8.664208860359134,True
force_mae,5601802,L3N4,0,L3N4 s0,6.595257949829102,0.582884143878776,0.8055986490160479,7.463237200427027,True
force_mae,5601802,L3N4,1,L3N4 s1,8.063696161905925,0.6041831642617682,2.2197218485766372,3.3605620462885724,True
force_mae,5601802,L3N4,7,L3N4 s7,3.500335184733073,0.5900155144423305,1.223081324961448,2.379498084792094,True
force_mae,5601802,L3N4,42,L3N4 s42,7.13604113260905,2.3786001279911937,492.2995631657765,0.009663711610923855,False
force_mae,5601802,L3N4,101,L3N4 s101,5.065815226236979,0.5807663608315538,0.9437260879900847,4.7524900736372855,True
force_mae,5601802,L3N4,202,L3N4 s202,8.515669377644857,0.6539855536744487,5.326287525721388,1.4760156649458438,False
force_mae,5601802,L3N5,0,L3N5 s0,9.42665990193685,0.7222488466519684,0.960911105703023,9.05849771495413,True
force_mae,5601802,L3N5,1,L3N5 s1,7.49251454671224,0.604897708594813,0.7926970774021175,8.688838440895996,True
force_mae,5601802,L3N5,2,L3N5 s2,4.975681304931641,0.7000906752509899,1.401927933612531,3.0497934502690005,True
force_mae,5601802,L3N5,3,L3N5 s3,9.271105321248372,0.9543238453082751,92.9956463971765,0.0894319443774801,False
force_mae,5601802,L3N5,4,L3N5 s4,5.667070770263672,0.5974813308890118,0.8508465580341565,5.958288708469038,True
force_mae,5601802,L3N5,7,L3N5 s7,10.25761833190918,0.6349262734162018,2.142844427526728,4.490616273809244,True
force_mae,5601802,L3N5,42,L3N5 s42,6.712353134155274,0.6043628579591266,0.8174316522323556,7.472172455661095,True
force_mae,5601802,L3N5,1776,L3N5 s1776,3.8884740193684895,0.653152918197432,8.15478215671311,0.3967391205548887,False
force_mae,5601802,L4N3,7,L4N3 s7,7.371190770467122,0.6039136420403755,0.8098434971357961,8.356277666439047,True
force_mae,5601802,L4N3,42,L4N3 s42,11.698305130004885,0.6298982761745554,1.4334129704384087,7.7217152921708685,True
force_mae,5601802,L4N3,101,L4N3 s101,6.055221176147461,0.6427452117045079,0.8778280344541138,6.16575884114792,True
force_mae,5601802,L4N3,202,L4N3 s202,6.91091562906901,0.6214379529677566,0.9268021611690631,6.7862138648530355,True
force_mae,5601802,L4N3,303,L4N3 s303,6.883705520629883,0.6292387607715947,0.834900009313988,7.491276428416133,True
force_mae,5601802,L4N3,1776,L4N3 s1776,6.955973307291667,0.6139854113521747,0.9403830321703833,6.744047562515376,True
force_mae,5601802,L4N4,0,L4N4 s0,8.293392817179361,0.5445171628077453,0.7618457140108997,10.171187567067882,True
force_mae,5601802,L4N4,7,L4N4 s7,19.31565933227539,0.5533003617275281,0.7874632206834159,23.826330522795175,True
force_mae,5601802,L4N4,42,L4N4 s42,8.463242975870768,0.5667680229394589,0.9724470045362181,8.120211092323038,True
force_mae,5601802,L4N4,1776,L4N4 s1776,6.876590474446615,0.5456845436133745,1.5124562389558096,4.1858440381746576,True
force_mae,6783556,L3N4,0,L3N4 s0,13.489466683069866,0.582884143878776,0.8055986490160479,16.021107476973913,True
force_mae,6783556,L3N4,1,L3N4 s1,9.072376791636149,0.6041831642617682,2.2197218485766372,3.814979625850185,True
force_mae,6783556,L3N4,7,L3N4 s7,5.352766831715901,0.5900155144423305,1.223081324961448,3.8940593892427344,True
force_mae,6783556,L3N4,42,L3N4 s42,5.33462069829305,2.3786001279911937,492.2995631657765,0.006004515931911256,False
force_mae,6783556,L3N4,101,L3N4 s101,18.979719734191896,0.5807663608315538,0.9437260879900847,19.4960737098471,True
force_mae,6783556,L3N4,202,L3N4 s202,6.325068680445353,0.6539855536744487,5.326287525721388,1.0647346954861994,False
force_mae,6783556,L3N5,0,L3N5 s0,10.42657265663147,0.7222488466519684,0.960911105703023,10.099085911677138,True
force_mae,6783556,L3N5,1,L3N5 s1,7.949665896097819,0.604897708594813,0.7926970774021175,9.265542155868413,True
force_mae,6783556,L3N5,2,L3N5 s2,17.291502873102825,0.7000906752509899,1.401927933612531,11.834711185972715,True
force_mae,6783556,L3N5,3,L3N5 s3,6.220706987380981,0.9543238453082751,92.9956463971765,0.056630426757618646,False
force_mae,6783556,L3N5,4,L3N5 s4,7.587035624186198,0.5974813308890118,0.8508465580341565,8.214823492318336,True
force_mae,6783556,L3N5,7,L3N5 s7,10.811150550842283,0.6349262734162018,2.142844427526728,4.7489328421156,True
force_mae,6783556,L3N5,42,L3N5 s42,9.544920984903971,0.6043628579591266,0.8174316522323556,10.937376969106506,True
force_mae,6783556,L3N5,1776,L3N5 s1776,9.62506957054138,0.653152918197432,8.15478215671311,1.100203105359248,False
force_mae,6783556,L4N3,7,L4N3 s7,12.399677340189616,0.6039136420403755,0.8098434971357961,14.565485479438633,True
force_mae,6783556,L4N3,42,L4N3 s42,9.832874075571697,0.6298982761745554,1.4334129704384087,6.420324072121669,True
force_mae,6783556,L4N3,101,L4N3 s101,9.805463234583536,0.6427452117045079,0.8778280344541138,10.43794190120273,True
force_mae,6783556,L4N3,202,L4N3 s202,13.27644567489624,0.6214379529677566,0.9268021611690631,13.654486633873972,True
force_mae,6783556,L4N3,303,L4N3 s303,12.863454469045005,0.6292387607715947,0.834900009313988,14.653510087185044,True
force_mae,6783556,L4N3,1776,L4N3 s1776,12.747081915537516,0.6139854113521747,0.9403830321703833,12.902292033260554,True
force_mae,6783556,L4N4,0,L4N4 s0,18.515193065007526,0.5445171628077453,0.7618457140108997,23.58834022651294,True
force_mae,6783556,L4N4,7,L4N4 s7,11.84710914293925,0.5533003617275281,0.7874632206834159,14.342014311995626,True
force_mae,6783556,L4N4,42,L4N4 s42,7.23204402923584,0.5667680229394589,0.9724470045362181,6.85412775730149,True
force_mae,6783556,L4N4,1776,L4N4 s1776,9.165461095174154,0.5456845436133745,1.5124562389558096,5.699190713452853,True
force_mae,5644498,L3N4,0,L3N4 s0,5.892134094238282,0.582884143878776,0.8055986490160479,6.590440484035299,True
force_mae,5644498,L3N4,1,L3N4 s1,5.466161028544108,0.6041831642617682,2.2197218485766372,2.1903545560899933,True
force_mae,5644498,L3N4,7,L3N4 s7,6.924275716145833,0.5900155144423305,1.223081324961448,5.178936242774503,True
force_mae,5644498,L3N4,42,L3N4 s42,6.442480182647705,2.3786001279911937,492.2995631657765,0.008254892668446355,False
force_mae,5644498,L3N4,101,L3N4 s101,3.978170951207479,0.5807663608315538,0.9437260879900847,3.5999901174837716,True
force_mae,5644498,L3N4,202,L3N4 s202,7.011929416656495,0.6539855536744487,5.326287525721388,1.193691446862124,False
force_mae,5644498,L3N5,0,L3N5 s0,5.185181013743082,0.7222488466519684,0.960911105703023,4.644479744904122,True
force_mae,5644498,L3N5,1,L3N5 s1,8.952847735087078,0.604897708594813,0.7926970774021175,10.531072038073804,True
force_mae,5644498,L3N5,2,L3N5 s2,7.829625654220581,0.7000906752509899,1.401927933612531,5.085521736197942,True
force_mae,5644498,L3N5,3,L3N5 s3,7.033012739817301,0.9543238453082751,92.9956463971765,0.0653653061192506,False
force_mae,5644498,L3N5,4,L3N5 s4,3.815707715352376,0.5974813308890118,0.8508465580341565,3.7823816222503557,True
force_mae,5644498,L3N5,7,L3N5 s7,9.523568598429362,0.6349262734162018,2.142844427526728,4.1480576988374445,True
force_mae,5644498,L3N5,42,L3N5 s42,19.711632124582927,0.6043628579591266,0.8174316522323556,23.374760708669676,True
force_mae,5644498,L3N5,1776,L3N5 s1776,7.871008777618409,0.653152918197432,8.15478215671311,0.8851071335460697,False
force_mae,5644498,L4N3,7,L4N3 s7,5.983821105957031,0.6039136420403755,0.8098434971357961,6.643144611204481,True
force_mae,5644498,L4N3,42,L4N3 s42,6.001061121622722,0.6298982761745554,1.4334129704384087,3.7471147228459913,True
force_mae,5644498,L4N3,101,L4N3 s101,5.362685457865397,0.6427452117045079,0.8778280344541138,5.376839267950734,True
force_mae,5644498,L4N3,202,L4N3 s202,3.94434601465861,0.6214379529677566,0.9268021611690631,3.5853477699052356,True
force_mae,5644498,L4N3,303,L4N3 s303,7.583311613400777,0.6292387607715947,0.834900009313988,8.329228380705294,True
force_mae,5644498,L4N3,1776,L4N3 s1776,4.587322616577149,0.6139854113521747,0.9403830321703833,4.225232771432083,True
force_mae,5644498,L4N4,0,L4N4 s0,3.5633849143981933,0.5445171628077453,0.7618457140108997,3.9625710246461487,True
force_mae,5644498,L4N4,7,L4N4 s7,4.180509757995606,0.5533003617275281,0.7874632206834159,4.606195312995228,True
force_mae,5644498,L4N4,42,L4N4 s42,4.035289573669433,0.5667680229394589,0.9724470045362181,3.5667975062396233,True
force_mae,5644498,L4N4,1776,L4N4 s1776,1.9526939074198404,0.5456845436133745,1.5124562389558096,0.9302810405793005,False
force_mae,5080875,L3N4,0,L3N4 s0,2.3283961137135822,0.582884143878776,0.8055986490160479,2.1667265355605565,True
force_mae,5080875,L3N4,1,L3N4 s1,3.4002845287323,0.6041831642617682,2.2197218485766372,1.259662946627069,False
force_mae,5080875,L3N4,7,L3N4 s7,2.1429851055145264,0.5900155144423305,1.223081324961448,1.2697189952770689,False
force_mae,5080875,L3N4,42,L3N4 s42,1.99824964205424,2.3786001279911937,492.2995631657765,-0.0007725996819722444,False
force_mae,5080875,L3N4,101,L3N4 s101,1.927825752894084,0.5807663608315538,0.9437260879900847,1.4273838661506655,False
force_mae,5080875,L3N4,202,L3N4 s202,3.836443853378296,0.6539855536744487,5.326287525721388,0.5975002822013102,False
force_mae,5080875,L3N5,0,L3N5 s0,4.657894372940064,0.7222488466519684,0.960911105703023,4.095743615543598,True
force_mae,5080875,L3N5,1,L3N5 s1,2.762868070602417,0.604897708594813,0.7926970774021175,2.722314013166109,True
force_mae,5080875,L3N5,2,L3N5 s2,1.5481102784474692,0.7000906752509899,1.401927933612531,0.6048952894541992,False
force_mae,5080875,L3N5,3,L3N5 s3,3.256874513626099,0.9543238453082751,92.9956463971765,0.02475976841414517,False
force_mae,5080875,L3N5,4,L3N5 s4,3.956103467941284,0.5974813308890118,0.8508465580341565,3.947388756924892,True
force_mae,5080875,L3N5,7,L3N5 s7,2.4656768321990965,0.6349262734162018,2.142844427526728,0.8543553303568322,False
force_mae,5080875,L3N5,42,L3N5 s42,3.497098239262898,0.6043628579591266,0.8174316522323556,3.5388100930565747,True
force_mae,5080875,L3N5,1776,L3N5 s1776,2.27719111442566,0.653152918197432,8.15478215671311,0.19915163458919635,False
force_mae,5080875,L4N3,7,L4N3 s7,4.4414557933807375,0.6039136420403755,0.8098434971357961,4.7386219249925965,True
force_mae,5080875,L4N3,42,L4N3 s42,2.9710352102915447,0.6298982761745554,1.4334129704384087,1.6332606041655626,False
force_mae,5080875,L4N3,101,L4N3 s101,3.220643949508667,0.6427452117045079,0.8778280344541138,2.9366785254326624,True
force_mae,5080875,L4N3,202,L4N3 s202,1.7946142037709554,0.6214379529677566,0.9268021611690631,1.2658324505020153,False
force_mae,5080875,L4N3,303,L4N3 s303,4.116386747360229,0.6292387607715947,0.834900009313988,4.176725293671895,True
force_mae,5080875,L4N3,1776,L4N3 s1776,2.958159653345744,0.6139854113521747,0.9403830321703833,2.492786621833517,True
force_mae,5080875,L4N4,0,L4N4 s0,2.4089697043100995,0.5445171628077453,0.7618457140108997,2.447283626085582,True
force_mae,5080875,L4N4,7,L4N4 s7,18.829587570826213,0.5533003617275281,0.7874632206834159,23.209067711425604,True
force_mae,5080875,L4N4,42,L4N4 s42,2.217245594660441,0.5667680229394589,0.9724470045362181,1.6972416635785021,False
force_mae,5080875,L4N4,1776,L4N4 s1776,1.9223055362701416,0.5456845436133745,1.5124562389558096,0.9101889741994634,False
force_mae,5225014,L3N4,0,L3N4 s0,12.293382040659589,0.582884143878776,0.8055986490160479,14.5363921738001,True
force_mae,5225014,L3N4,1,L3N4 s1,6.380730549494426,0.6041831642617682,2.2197218485766372,2.602374432155443,True
force_mae,5225014,L3N4,7,L3N4 s7,16.573314476013184,0.5900155144423305,1.223081324961448,13.06805903693661,True
force_mae,5225014,L3N4,42,L3N4 s42,9.856949965159098,2.3786001279911937,492.2995631657765,0.01519064893959626,False
force_mae,5225014,L3N4,101,L3N4 s101,6.717025216420492,0.5807663608315538,0.9437260879900847,6.502160885112046,True
force_mae,5225014,L3N4,202,L3N4 s202,5.429304854075114,0.6539855536744487,5.326287525721388,0.8965568000863603,False
force_mae,5225014,L3N5,0,L3N5 s0,4.712126938501994,0.7222488466519684,0.960911105703023,4.152182307156234,True
force_mae,5225014,L3N5,1,L3N5 s1,10.11347297032674,0.604897708594813,0.7926970774021175,11.995219274548226,True
force_mae,5225014,L3N5,2,L3N5 s2,8.027957312266032,0.7000906752509899,1.401927933612531,5.2269923876417606,True
force_mae,5225014,L3N5,3,L3N5 s3,3.943525918324789,0.9543238453082751,92.9956463971765,0.03214346250414655,False
force_mae,5225014,L3N5,4,L3N5 s4,8.842803764343262,0.5974813308890118,0.8508465580341565,9.69072784698654,True
force_mae,5225014,L3N5,7,L3N5 s7,6.5095224221547445,0.6349262734162018,2.142844427526728,2.7414944702817294,True
force_mae,5225014,L3N5,42,L3N5 s42,10.28430134455363,0.6043628579591266,0.8174316522323556,11.841893398866054,True
force_mae,5225014,L3N5,1776,L3N5 s1776,5.489117844899496,0.653152918197432,8.15478215671311,0.5930219635261553,False
force_mae,5225014,L4N3,7,L4N3 s7,6.810491784413656,0.6039136420403755,0.8098434971357961,7.6639229237801105,True
force_mae,5225014,L4N3,42,L4N3 s42,13.148087882995606,0.6298982761745554,1.4334129704384087,8.733135436183732,True
force_mae,5225014,L4N3,101,L4N3 s101,7.918296337127685,0.6427452117045079,0.8778280344541138,8.288128015810695,True
force_mae,5225014,L4N3,202,L4N3 s202,5.796909809112549,0.6214379529677566,0.9268021611690631,5.584225062246813,True
force_mae,5225014,L4N3,303,L4N3 s303,18.335466448465983,0.6292387607715947,0.834900009313988,21.207602695133584,True
force_mae,5225014,L4N3,1776,L4N3 s1776,7.111359182993571,0.6139854113521747,0.9403830321703833,6.909284354743833,True
force_mae,5225014,L4N4,0,L4N4 s0,17.756417751312256,0.5445171628077453,0.7618457140108997,22.592370439270148,True
force_mae,5225014,L4N4,7,L4N4 s7,10.416188017527263,0.5533003617275281,0.7874632206834159,12.524886746126414,True
force_mae,5225014,L4N4,42,L4N4 s42,5.975299596786499,0.5667680229394589,0.9724470045362181,5.561775139023119,True
force_mae,5225014,L4N4,1776,L4N4 s1776,7.355011526743571,0.5456845436133745,1.5124562389558096,4.502164629788769,True
force_mae,3838582,L3N4,0,L3N4 s0,12.155140813191732,0.582884143878776,0.8055986490160479,14.364791554016659,True
force_mae,3838582,L3N4,1,L3N4 s1,12.053422037760416,0.6041831642617682,2.2197218485766372,5.157961066536466,True
force_mae,3838582,L3N4,7,L3N4 s7,13.263729349772136,0.5900155144423305,1.223081324961448,10.362118672467904,True
force_mae,3838582,L3N4,42,L3N4 s42,11.06900380452474,2.3786001279911937,492.2995631657765,0.017652673954551428,False
force_mae,3838582,L3N4,101,L3N4 s101,11.139500745137532,0.5807663608315538,0.9437260879900847,11.188346405463482,True
force_mae,3838582,L3N4,202,L3N4 s202,13.501778157552083,0.6539855536744487,5.326287525721388,2.4121477749434,True
force_mae,3838582,L3N5,0,L3N5 s0,22.20300699869792,0.7222488466519684,0.960911105703023,22.354573721291494,True
force_mae,3838582,L3N5,1,L3N5 s1,16.397516632080077,0.604897708594813,0.7926970774021175,19.92264053154068,True
force_mae,3838582,L3N5,2,L3N5 s2,8.596975644429525,0.7000906752509899,1.401927933612531,5.632875114221885,True
force_mae,3838582,L3N5,3,L3N5 s3,21.969235356648763,0.9543238453082751,92.9956463971765,0.2259773691080934,False
force_mae,3838582,L3N5,4,L3N5 s4,15.411717859903971,0.5974813308890118,0.8508465580341565,17.411172894960753,True
force_mae,3838582,L3N5,7,L3N5 s7,24.781464513142904,0.6349262734162018,2.142844427526728,11.268451376844304,True
force_mae,3838582,L3N5,42,L3N5 s42,8.406013043721517,0.6043628579591266,0.8174316522323556,9.544100922023954,True
force_mae,3838582,L3N5,1776,L3N5 s1776,10.76261723836263,0.653152918197432,8.15478215671311,1.2396976554233239,False
force_mae,3838582,L4N3,7,L4N3 s7,10.727462832132977,0.6039136420403755,0.8098434971357961,12.500624164912034,True
force_mae,3838582,L4N3,42,L4N3 s42,9.5695369720459,0.6298982761745554,1.4334129704384087,6.236610718777826,True
force_mae,3838582,L4N3,101,L4N3 s101,8.681163088480632,0.6427452117045079,0.8778280344541138,9.157166963544169,True
force_mae,3838582,L4N3,202,L4N3 s202,12.72177619934082,0.6214379529677566,0.9268021611690631,13.056009959137086,True
force_mae,3838582,L4N3,303,L4N3 s303,10.224050458272298,0.6292387607715947,0.834900009313988,11.492168631528067,True
force_mae,3838582,L4N3,1776,L4N3 s1776,8.474595387776693,0.6139854113521747,0.9403830321703833,8.358944927241406,True
force_mae,3838582,L4N4,0,L4N4 s0,12.0157590230306,0.5445171628077453,0.7618457140108997,15.05717187779406,True
force_mae,3838582,L4N4,7,L4N4 s7,13.887506739298503,0.5533003617275281,0.7874632206834159,16.933116401295052,True
force_mae,3838582,L4N4,42,L4N4 s42,13.029420471191406,0.5667680229394589,0.9724470045362181,12.815765167784816,True
force_mae,3838582,L4N4,1776,L4N4 s1776,11.490700658162435,0.5456845436133745,1.5124562389558096,7.236583666120107,True
force_mae,5158645,L3N4,0,L3N4 s0,1.513652261098226,0.582884143878776,0.8055986490160479,1.155374476305643,False
force_mae,5158645,L3N4,1,L3N4 s1,0.9829222997029622,0.6041831642617682,2.2197218485766372,0.17062459230378557,False
force_mae,5158645,L3N4,7,L3N4 s7,1.0667940775553386,0.5900155144423305,1.223081324961448,0.38981754800976653,False
force_mae,5158645,L3N4,42,L3N4 s42,2.1174861113230388,2.3786001279911937,492.2995631657765,-0.0005303966044353926,False
force_mae,5158645,L3N4,101,L3N4 s101,1.2125744342803957,0.5807663608315538,0.9437260879900847,0.6694824711208789,False
force_mae,5158645,L3N4,202,L3N4 s202,0.991636323928833,0.6539855536744487,5.326287525721388,0.06339326756654078,False
force_mae,5158645,L3N5,0,L3N5 s0,1.579192876815796,0.7222488466519684,0.960911105703023,0.8918036487223956,False
force_mae,5158645,L3N5,1,L3N5 s1,1.1770904699961344,0.604897708594813,0.7926970774021175,0.7218302901740874,False
force_mae,5158645,L3N5,2,L3N5 s2,1.1647967497507732,0.7000906752509899,1.401927933612531,0.33147643566978113,False
force_mae,5158645,L3N5,3,L3N5 s3,1989.775863647461,0.9543238453082751,92.9956463971765,21.386178997112026,True
force_mae,5158645,L3N5,4,L3N5 s4,1.4488240400950114,0.5974813308890118,0.8508465580341565,1.0005831264957918,False
force_mae,5158645,L3N5,7,L3N5 s7,0.8246086438496908,0.6349262734162018,2.142844427526728,0.08851896479130801,False
force_mae,5158645,L3N5,42,L3N5 s42,1.342543967564901,0.6043628579591266,0.8174316522323556,0.9030493345710887,False
force_mae,5158645,L3N5,1776,L3N5 s1776,1.5650739987691245,0.653152918197432,8.15478215671311,0.11182654092371905,False
force_mae,5158645,L4N3,7,L4N3 s7,0.7824588139851888,0.6039136420403755,0.8098434971357961,0.2204687357202728,False
force_mae,5158645,L4N3,42,L4N3 s42,1.492707093556722,0.6298982761745554,1.4334129704384087,0.6019261965505146,False
force_mae,5158645,L4N3,101,L4N3 s101,1.5705117384592693,0.6427452117045079,0.8778280344541138,1.0568886961233839,False
force_mae,5158645,L4N3,202,L4N3 s202,0.746565294265747,0.6214379529677566,0.9268021611690631,0.13500976426312544,False
force_mae,5158645,L4N3,303,L4N3 s303,1.1368611812591554,0.6292387607715947,0.834900009313988,0.6080038505505092,False
force_mae,5158645,L4N3,1776,L4N3 s1776,1.2378790060679117,0.6139854113521747,0.9403830321703833,0.6634462483609518,False
force_mae,5158645,L4N4,0,L4N4 s0,0.4749583721160889,0.5445171628077453,0.7618457140108997,-0.09130298879736332,False
force_mae,5158645,L4N4,7,L4N4 s7,1.5858793576558432,0.5533003617275281,0.7874632206834159,1.311272664940682,False
force_mae,5158645,L4N4,42,L4N4 s42,0.7307664076487224,0.5667680229394589,0.9724470045362181,0.16864506131876866,False
force_mae,5158645,L4N4,1776,L4N4 s1776,0.6231124083201091,0.5456845436133745,1.5124562389558096,0.05119345784192096,False
force_mae,4683356,L3N4,0,L3N4 s0,14.548075485229491,0.582884143878776,0.8055986490160479,17.335172245395018,True
force_mae,4683356,L3N4,1,L3N4 s1,14.25351440111796,0.6041831642617682,2.2197218485766372,6.149117848080207,True
force_mae,4683356,L3N4,7,L3N4 s7,16.405974197387696,0.5900155144423305,1.223081324961448,12.931240433618665,True
force_mae,4683356,L3N4,42,L3N4 s42,14.106125720342,2.3786001279911937,492.2995631657765,0.023821929714777527,False
force_mae,4683356,L3N4,101,L3N4 s101,15.4115851243337,0.5807663608315538,0.9437260879900847,15.715173027682548,True
force_mae,4683356,L3N4,202,L3N4 s202,14.818271112442016,0.6539855536744487,5.326287525721388,2.6593167361630874,True
force_mae,4683356,L3N5,0,L3N5 s0,18.10912977854411,0.7222488466519684,0.960911105703023,18.09416170621894,True
force_mae,4683356,L3N5,1,L3N5 s1,17.40771052042643,0.604897708594813,0.7926970774021175,21.19701622579331,True
force_mae,4683356,L3N5,2,L3N5 s2,16.83909740447998,0.7000906752509899,1.401927933612531,11.51200881463393,True
force_mae,4683356,L3N5,3,L3N5 s3,16.168707021077473,0.9543238453082751,92.9956463971765,0.16360317676367195,False
force_mae,4683356,L3N5,4,L3N5 s4,15.89729193051656,0.5974813308890118,0.8508465580341565,17.981868123174976,True
force_mae,4683356,L3N5,7,L3N5 s7,12.903262186050416,0.6349262734162018,2.142844427526728,5.725257398547749,True
force_mae,4683356,L3N5,42,L3N5 s42,14.857017087936402,0.6043628579591266,0.8174316522323556,17.4358971677377,True
force_mae,4683356,L3N5,1776,L3N5 s1776,16.939855273564657,0.653152918197432,8.15478215671311,1.9971964967770264,False
force_mae,4683356,L4N3,7,L4N3 s7,13.089758936564127,0.6039136420403755,0.8098434971357961,15.417602708032986,True
force_mae,4683356,L4N3,42,L4N3 s42,12.090731239318847,0.6298982761745554,1.4334129704384087,7.995485738934678,True
force_mae,4683356,L4N3,101,L4N3 s101,15.951423581441244,0.6427452117045079,0.8778280344541138,17.439268021619508,True
force_mae,4683356,L4N3,202,L4N3 s202,17.479869016011556,0.6214379529677566,0.9268021611690631,18.189891833850137,True
force_mae,4683356,L4N3,303,L4N3 s303,16.386923281351724,0.6292387607715947,0.834900009313988,18.873738585208233,True
force_mae,4683356,L4N3,1776,L4N3 s1776,17.92107048034668,0.6139854113521747,0.9403830321703833,18.404293226186923,True
force_mae,4683356,L4N4,0,L4N4 s0,15.22949873606364,0.5445171628077453,0.7618457140108997,19.27553217559454,True
force_mae,4683356,L4N4,7,L4N4 s7,15.0975909392039,0.5533003617275281,0.7874632206834159,18.4698030275672,True
force_mae,4683356,L4N4,42,L4N4 s42,14.654483604431151,0.5667680229394589,0.9724470045362181,14.486872308491959,True
force_mae,4683356,L4N4,1776,L4N4 s1776,17.895949363708496,0.5456845436133745,1.5124562389558096,11.471581374198063,True
force_mae,5813022,L3N4,0,L3N4 s0,13.22397003173828,0.582884143878776,0.8055986490160479,15.691543057202528,True
force_mae,5813022,L3N4,1,L3N4 s1,12.88467928568522,0.6041831642617682,2.2197218485766372,5.532448189081949,True
force_mae,5813022,L3N4,7,L3N4 s7,20.1095329284668,0.5900155144423305,1.223081324961448,15.959296422615012,True
force_mae,5813022,L3N4,42,L3N4 s42,18.27657267252604,2.3786001279911937,492.2995631657765,0.0322932899682086,False
force_mae,5813022,L3N4,101,L3N4 s101,7.390755716959635,0.5807663608315538,0.9437260879900847,7.2160655965670735,True
force_mae,5813022,L3N4,202,L3N4 s202,16.440859603881837,0.6539855536744487,5.326287525721388,2.9639545319268557,True
force_mae,5813022,L3N5,0,L3N5 s0,11.45775032043457,0.7222488466519684,0.960911105703023,11.172210842467349,True
force_mae,5813022,L3N5,1,L3N5 s1,8.891179911295573,0.604897708594813,0.7926970774021175,10.453277095277237,True
force_mae,5813022,L3N5,2,L3N5 s2,11.031706682840984,0.7000906752509899,1.401927933612531,7.369577108694288,True
force_mae,5813022,L3N5,3,L3N5 s3,14.238110860188804,0.9543238453082751,92.9956463971765,0.14284310641969844,False
force_mae,5813022,L3N5,4,L3N5 s4,9.14670925140381,0.5974813308890118,0.8508465580341565,10.047907980338325,True
force_mae,5813022,L3N5,7,L3N5 s7,9.57256139119466,0.6349262734162018,2.142844427526728,4.170921137795467,True
force_mae,5813022,L3N5,42,L3N5 s42,10.212664031982422,0.6043628579591266,0.8174316522323556,11.754256331747879,True
force_mae,5813022,L3N5,1776,L3N5 s1776,8.649062347412109,0.653152918197432,8.15478215671311,0.9805178453028758,False
force_mae,5813022,L4N3,7,L4N3 s7,14.89381783803304,0.6039136420403755,0.8098434971357961,17.645266334214334,True
force_mae,5813022,L4N3,42,L4N3 s42,12.657693481445312,0.6298982761745554,1.4334129704384087,8.391018815458368,True
force_mae,5813022,L4N3,101,L4N3 s101,18.66497294108073,0.6427452117045079,0.8778280344541138,20.530476382636294,True
force_mae,5813022,L4N3,202,L4N3 s202,11.10844701131185,0.6214379529677566,0.9268021611690631,11.315261765375944,True
force_mae,5813022,L4N3,303,L4N3 s303,18.26523094177246,0.6292387607715947,0.834900009313988,21.123478242013466,True
force_mae,5813022,L4N3,1776,L4N3 s1776,11.288524754842122,0.6139854113521747,0.9403830321703833,11.351267492410349,True
force_mae,5813022,L4N4,0,L4N4 s0,11.655683898925782,0.5445171628077453,0.7618457140108997,14.5845366480057,True
force_mae,5813022,L4N4,7,L4N4 s7,7.323872375488281,0.5533003617275281,0.7874632206834159,8.597953321406903,True
force_mae,5813022,L4N4,42,L4N4 s42,12.339271036783854,0.5667680229394589,0.9724470045362181,12.106061264962165,True
force_mae,5813022,L4N4,1776,L4N4 s1776,16.33284962972005,0.5456845436133745,1.5124562389558096,10.438097102899347,True
force_mae,6770207,L3N4,0,L3N4 s0,0.4272787551085154,0.582884143878776,0.8055986490160479,-0.19315497730826117,False
force_mae,6770207,L3N4,1,L3N4 s1,0.4845852156480153,0.6041831642617682,2.2197218485766372,-0.05387970059872288,False
force_mae,6770207,L3N4,7,L3N4 s7,0.2912127077579498,0.5900155144423305,1.223081324961448,-0.2443033023121329,False
force_mae,6770207,L3N4,42,L3N4 s42,0.2902388195196787,2.3786001279911937,492.2995631657765,-0.004242053953983059,False
force_mae,6770207,L3N4,101,L3N4 s101,0.5456144571304321,0.5807663608315538,0.9437260879900847,-0.03724799404029082,False
force_mae,6770207,L3N4,202,L3N4 s202,0.4531331141789754,0.6539855536744487,5.326287525721388,-0.03770965020673944,False
force_mae,6770207,L3N5,0,L3N5 s0,20.967223378022517,0.7222488466519684,0.960911105703023,21.068519669734584,True
force_mae,6770207,L3N5,1,L3N5 s1,0.2444417615731557,0.604897708594813,0.7926970774021175,-0.4547209234112088,False
force_mae,6770207,L3N5,2,L3N5 s2,0.3080576161543528,0.7000906752509899,1.401927933612531,-0.27963852470392986,False
force_mae,6770207,L3N5,3,L3N5 s3,0.4893239642182986,0.9543238453082751,92.9956463971765,-0.005000232796963436,False
force_mae,6770207,L3N5,4,L3N5 s4,0.4352037330468495,0.5974813308890118,0.8508465580341565,-0.1907248684382029,False
force_mae,6770207,L3N5,7,L3N5 s7,0.2765972991784414,0.6349262734162018,2.142844427526728,-0.16722118023814908,False
force_mae,6770207,L3N5,42,L3N5 s42,0.3107970138390859,0.6043628579591266,0.8174316522323556,-0.35913197552153797,False
force_mae,6770207,L3N5,1776,L3N5 s1776,0.2436614533265431,0.653152918197432,8.15478215671311,-0.0502148870443818,False
force_mae,6770207,L4N3,7,L4N3 s7,0.7722633187969525,0.6039136420403755,0.8098434971357961,0.20787927217046961,False
force_mae,6770207,L4N3,42,L4N3 s42,0.3387141684691111,0.6298982761745554,1.4334129704384087,-0.20314041641215635,False
force_mae,6770207,L4N3,101,L4N3 s101,0.7229973574479421,0.6427452117045079,0.8778280344541138,0.09142126087752461,False
force_mae,6770207,L4N3,202,L4N3 s202,0.4990343828996023,0.6214379529677566,0.9268021611690631,-0.13207087250827637,False
force_mae,6770207,L4N3,303,L4N3 s303,0.4839260876178741,0.6292387607715947,0.834900009313988,-0.17404799560742562,False
force_mae,6770207,L4N3,1776,L4N3 s1776,0.3304302990436554,0.6139854113521747,0.9403830321703833,-0.3015315064267805,False
force_mae,6770207,L4N4,0,L4N4 s0,0.9566914161046346,0.5445171628077453,0.7618457140108997,0.541020636746658,False
force_mae,6770207,L4N4,7,L4N4 s7,0.5107783461610477,0.5533003617275281,0.7874632206834159,-0.05399873219421828,False
force_mae,6770207,L4N4,42,L4N4 s42,0.612223760286967,0.5667680229394589,0.9724470045362181,0.04674366534676811,False
force_mae,6770207,L4N4,1776,L4N4 s1776,13.689324220021566,0.5456845436133745,1.5124562389558096,8.690261138056119,True
force_mae,5830229,L3N4,0,L3N4 s0,14.564008903503415,0.582884143878776,0.8055986490160479,17.354950603133556,True
force_mae,5830229,L3N4,1,L3N4 s1,11.870659899711608,0.6041831642617682,2.2197218485766372,5.075625463016593,True
force_mae,5830229,L3N4,7,L3N4 s7,13.741902764638263,0.5900155144423305,1.223081324961448,10.75307666120279,True
force_mae,5830229,L3N4,42,L3N4 s42,13.21659075419108,2.3786001279911937,492.2995631657765,0.022015031978710718,False
force_mae,5830229,L3N4,101,L3N4 s101,12.664389069875082,0.5807663608315538,0.9437260879900847,12.80416305411119,True
force_mae,5830229,L3N4,202,L3N4 s202,11.246791084607445,0.6539855536744487,5.326287525721388,1.9887783901599105,False
force_mae,5830229,L3N5,0,L3N5 s0,18.661566066741944,0.7222488466519684,0.960911105703023,18.669070545256307,True
force_mae,5830229,L3N5,1,L3N5 s1,14.32747631072998,0.604897708594813,0.7926970774021175,17.311251666409273,True
force_mae,5830229,L3N5,2,L3N5 s2,14.484215227762858,0.7000906752509899,1.401927933612531,9.832263286881311,True
force_mae,5830229,L3N5,3,L3N5 s3,11.226053802172345,0.9543238453082751,92.9956463971765,0.11045387988373546,False
force_mae,5830229,L3N5,4,L3N5 s4,13.38767905831337,0.5974813308890118,0.8508465580341565,15.032319995482553,True
force_mae,5830229,L3N5,7,L3N5 s7,17.149955026308696,0.6349262734162018,2.142844427526728,7.707059150324855,True
force_mae,5830229,L3N5,42,L3N5 s42,15.346119324366253,0.6043628579591266,0.8174316522323556,18.03423738993749,True
force_mae,5830229,L3N5,1776,L3N5 s1776,16.09103342692057,0.653152918197432,8.15478215671311,1.8931076529143702,False
force_mae,5830229,L4N3,7,L4N3 s7,12.692795419692994,0.6039136420403755,0.8098434971357961,14.927429584120661,True
force_mae,5830229,L4N3,42,L4N3 s42,13.598866685231526,0.6298982761745554,1.4334129704384087,9.047614802236941,True
force_mae,5830229,L4N3,101,L4N3 s101,14.083966612815855,0.6427452117045079,0.8778280344541138,15.311907199990378,True
force_mae,5830229,L4N3,202,L4N3 s202,13.29781269232432,0.6214379529677566,0.9268021611690631,13.677541195379447,True
force_mae,5830229,L4N3,303,L4N3 s303,18.12997315724691,0.6292387607715947,0.834900009313988,20.961473471362318,True
force_mae,5830229,L4N3,1776,L4N3 s1776,12.263664563496908,0.6139854113521747,0.9403830321703833,12.388227725948575,True
force_mae,5830229,L4N4,0,L4N4 s0,14.323922433455785,0.5445171628077453,0.7618457140108997,18.08687115676403,True
force_mae,5830229,L4N4,7,L4N4 s7,16.450569248199464,0.5533003617275281,0.7874632206834159,20.18795096572913,True
force_mae,5830229,L4N4,42,L4N4 s42,10.469523374239603,0.5667680229394589,0.9724470045362181,10.183336783502142,True
force_mae,5830229,L4N4,1776,L4N4 s1776,8.228696608543396,0.5456845436133745,1.5124562389558096,5.07982437246206,True
force_mae,5604005,L3N4,0,L3N4 s0,0.3707916100819906,0.582884143878776,0.8055986490160479,-0.26327319944718575,False
force_mae,5604005,L3N4,1,L3N4 s1,0.4578454176584879,0.6041831642617682,2.2197218485766372,-0.06592616399082486,False
force_mae,5604005,L3N4,7,L3N4 s7,0.5205848058064778,0.5900155144423305,1.223081324961448,-0.056767041748463566,False
force_mae,5604005,L3N4,42,L3N4 s42,6.7969475269317625,2.3786001279911937,492.2995631657765,0.008974916350784448,False
force_mae,5604005,L3N4,101,L3N4 s101,0.5629554430643717,0.5807663608315538,0.9437260879900847,-0.01887297383620612,False
force_mae,5604005,L3N4,202,L3N4 s202,0.6197227160135905,0.6539855536744487,5.326287525721388,-0.006432780336284531,False
force_mae,5604005,L3N5,0,L3N5 s0,0.7668208122253418,0.7222488466519684,0.960911105703023,0.04638510816332339,False
force_mae,5604005,L3N5,1,L3N5 s1,0.5235710461934407,0.604897708594813,0.7926970774021175,-0.10259488109619586,False
force_mae,5604005,L3N5,2,L3N5 s2,1.2218547821044925,0.7000906752509899,1.401927933612531,0.3721761257078349,False
force_mae,5604005,L3N5,3,L3N5 s3,1.0601173241933186,0.9543238453082751,92.9956463971765,0.0011376175443010372,False
force_mae,5604005,L3N5,4,L3N5 s4,0.6864812692006429,0.5974813308890118,0.8508465580341565,0.10460163171754674,False
force_mae,5604005,L3N5,7,L3N5 s7,0.7085249582926433,0.6349262734162018,2.142844427526728,0.034346256746874124,False
force_mae,5604005,L3N5,42,L3N5 s42,2.442319250106812,0.6043628579591266,0.8174316522323556,2.2484526836321295,True
force_mae,5604005,L3N5,1776,L3N5 s1776,0.5423744122187296,0.653152918197432,8.15478215671311,-0.013584483785076748,False
force_mae,5604005,L4N3,7,L4N3 s7,0.5486104647318523,0.6039136420403755,0.8098434971357961,-0.06828872183837496,False
force_mae,5604005,L4N3,42,L4N3 s42,0.6674593607584636,0.6298982761745554,1.4334129704384087,0.026203951937465813,False
force_mae,5604005,L4N3,101,L4N3 s101,0.742507521311442,0.6427452117045079,0.8778280344541138,0.11364675732755823,False
force_mae,5604005,L4N3,202,L4N3 s202,0.8276870409647624,0.6214379529677566,0.9268021611690631,0.22253841935030055,False
force_mae,5604005,L4N3,303,L4N3 s303,0.5265679359436035,0.6292387607715947,0.834900009313988,-0.12297379767950017,False
force_mae,5604005,L4N3,1776,L4N3 s1776,0.6359458287556966,0.6139854113521747,0.9403830321703833,0.023352630420008524,False
force_mae,5604005,L4N4,0,L4N4 s0,0.4515475591023763,0.5445171628077453,0.7618457140108997,-0.12203206239214845,False
force_mae,5604005,L4N4,7,L4N4 s7,16.719880676269533,0.5533003617275281,0.7874632206834159,20.529949704205244,True
force_mae,5604005,L4N4,42,L4N4 s42,0.5588129997253418,0.5667680229394589,0.9724470045362181,-0.008180418240797654,False
force_mae,5604005,L4N4,1776,L4N4 s1776,0.4803354899088541,0.5456845436133745,1.5124562389558096,-0.04320723603192444,False
force_mae,4062509,L3N4,0,L3N4 s0,13.31096674601237,0.582884143878776,0.8055986490160479,15.799533201401937,True
force_mae,4062509,L3N4,1,L3N4 s1,9.040943336486816,0.6041831642617682,2.2197218485766372,3.8008186375401007,True
force_mae,4062509,L3N4,7,L3N4 s7,6.176972961425781,0.5900155144423305,1.223081324961448,4.567936189492185,True
force_mae,4062509,L3N4,42,L3N4 s42,5.540045102437337,2.3786001279911937,492.2995631657765,0.00642179114301095,False
force_mae,4062509,L3N4,101,L3N4 s101,6.414591344197591,0.5807663608315538,0.9437260879900847,6.181693033187963,True
force_mae,4062509,L3N4,202,L3N4 s202,8.525534756978352,0.6539855536744487,5.326287525721388,1.4778678704991217,False
force_mae,4062509,L3N5,0,L3N5 s0,8.624422836303712,0.7222488466519684,0.960911105703023,8.223626454884549,True
force_mae,4062509,L3N5,1,L3N5 s1,13.046866099039711,0.604897708594813,0.7926970774021175,15.695741469390288,True
force_mae,4062509,L3N5,2,L3N5 s2,10.058989842732748,0.7000906752509899,1.401927933612531,6.675734852764834,True
force_mae,4062509,L3N5,3,L3N5 s3,8.836625798543293,0.9543238453082751,92.9956463971765,0.08475990284072414,False
force_mae,4062509,L3N5,4,L3N5 s4,8.892179870605469,0.5974813308890118,0.8508465580341565,9.748759587017654,True
force_mae,4062509,L3N5,7,L3N5 s7,4.608501879374186,0.6349262734162018,2.142844427526728,1.8543462861390676,False
force_mae,4062509,L3N5,42,L3N5 s42,6.227538172403971,0.6043628579591266,0.8174316522323556,6.879077044653578,True
force_mae,4062509,L3N5,1776,L3N5 s1776,13.832295608520509,0.653152918197432,8.15478215671311,1.616124433130793,False
force_mae,4062509,L4N3,7,L4N3 s7,8.11470209757487,0.6039136420403755,0.8098434971357961,9.274370272896162,True
force_mae,4062509,L4N3,42,L4N3 s42,7.91862055460612,0.6298982761745554,1.4334129704384087,5.0848725585358086,True
force_mae,4062509,L4N3,101,L4N3 s101,6.385471216837565,0.6427452117045079,0.8778280344541138,6.5419715248718715,True
force_mae,4062509,L4N3,202,L4N3 s202,10.2812131245931,0.6214379529677566,0.9268021611690631,10.422693835155236,True
force_mae,4062509,L4N3,303,L4N3 s303,17.614516576131184,0.6292387607715947,0.834900009313988,20.34408626886455,True
force_mae,4062509,L4N3,1776,L4N3 s1776,5.182003021240234,0.6139854113521747,0.9403830321703833,4.857613816515995,True
force_mae,4062509,L4N4,0,L4N4 s0,8.880407460530598,0.5445171628077453,0.7618457140108997,10.94170400176799,True
force_mae,4062509,L4N4,7,L4N4 s7,12.114815012613931,0.5533003617275281,0.7874632206834159,14.681974150935593,True
force_mae,4062509,L4N4,42,L4N4 s42,4.344371159871419,0.5667680229394589,0.9724470045362181,3.8846365090440935,True
force_mae,4062509,L4N4,1776,L4N4 s1776,16.057101186116537,0.5456845436133745,1.5124562389558096,10.255778807334055,True
force_mae,7600411,L3N4,0,L3N4 s0,4.9654151121775305,0.582884143878776,0.8055986490160479,5.440092251459885,True
force_mae,7600411,L3N4,1,L3N4 s1,4.093629948298136,0.6041831642617682,2.2197218485766372,1.5720198394559761,False
force_mae,7600411,L3N4,7,L3N4 s7,25.224323813120524,0.5900155144423305,1.223081324961448,20.14118586877669,True
force_mae,7600411,L3N4,42,L3N4 s42,4.535192696253459,2.3786001279911937,492.2995631657765,0.0043806509889915465,False
force_mae,7600411,L3N4,101,L3N4 s101,3.4161855538686114,0.5807663608315538,0.9437260879900847,3.004493813534217,True
force_mae,7600411,L3N4,202,L3N4 s202,4.261948442459106,0.6539855536744487,5.326287525721388,0.677387931342666,False
force_mae,7600411,L3N5,0,L3N5 s0,5.604666090011596,0.7222488466519684,0.960911105703023,5.081029050848099,True
force_mae,7600411,L3N5,1,L3N5 s1,4.978058862686157,0.604897708594813,0.7926970774021175,5.516812511058291,True
force_mae,7600411,L3N5,2,L3N5 s2,4.520121129353841,0.7000906752509899,1.401927933612531,2.7248408156468353,True
force_mae,7600411,L3N5,3,L3N5 s3,2.5559261480967206,0.9543238453082751,92.9956463971765,0.017222336365598646,False
force_mae,7600411,L3N5,4,L3N5 s4,1.9845903237660727,0.5974813308890118,0.8508465580341565,1.6302692650974757,False
force_mae,7600411,L3N5,7,L3N5 s7,4.09840825398763,0.6349262734162018,2.142844427526728,1.6163011817750021,False
force_mae,7600411,L3N5,42,L3N5 s42,5.748329655329386,0.6043628579591266,0.8174316522323556,6.292840243367629,True
force_mae,7600411,L3N5,1776,L3N5 s1776,5.021397765477499,0.653152918197432,8.15478215671311,0.5356666509704465,False
force_mae,7600411,L4N3,7,L4N3 s7,3.355745553970337,0.6039136420403755,0.8098434971357961,3.3979798833508807,True
force_mae,7600411,L4N3,42,L4N3 s42,1.951521158218384,0.6298982761745554,1.4334129704384087,0.9220112481887275,False
force_mae,7600411,L4N3,101,L4N3 s101,3.1810075918833416,0.6427452117045079,0.8778280344541138,2.891525766498535,True
force_mae,7600411,L4N3,202,L4N3 s202,3.003225056330363,0.6214379529677566,0.9268021611690631,2.5698980895321104,True
force_mae,7600411,L4N3,303,L4N3 s303,2.568500153223673,0.6292387607715947,0.834900009313988,2.3227468808456604,True
force_mae,7600411,L4N3,1776,L4N3 s1776,3.683409643173218,0.6139854113521747,0.9403830321703833,3.264014903306879,True
force_mae,7600411,L4N4,0,L4N4 s0,3.006349229812622,0.5445171628077453,0.7618457140108997,3.2314050229987314,True
force_mae,7600411,L4N4,7,L4N4 s7,2.04753958384196,0.5533003617275281,0.7874632206834159,1.8975352535419068,False
force_mae,7600411,L4N4,42,L4N4 s42,2.8389647642771405,0.5667680229394589,0.9724470045362181,2.3365764208624853,True
force_mae,7600411,L4N4,1776,L4N4 s1776,3.4690176963806154,0.5456845436133745,1.5124562389558096,1.9328381724191188,False
force_mae,4429570,L3N4,0,L3N4 s0,7.83490301767985,0.582884143878776,0.8055986490160479,9.002024621886637,True
force_mae,4429570,L3N4,1,L3N4 s1,6.927006721496582,0.6041831642617682,2.2197218485766372,2.8484756147664303,True
force_mae,4429570,L3N4,7,L3N4 s7,5.880810292561849,0.5900155144423305,1.223081324961448,4.3257914826606365,True
force_mae,4429570,L3N4,42,L3N4 s42,10.049595832824709,2.3786001279911937,492.2995631657765,0.01558196731986616,False
force_mae,4429570,L3N4,101,L3N4 s101,11.417162958780924,0.5807663608315538,0.9437260879900847,11.482565477265076,True
force_mae,4429570,L3N4,202,L3N4 s202,11.092124621073404,0.6539855536744487,5.326287525721388,1.959740066038816,False
force_mae,4429570,L3N5,0,L3N5 s0,13.289159520467122,0.7222488466519684,0.960911105703023,13.078119921010732,True
force_mae,4429570,L3N5,1,L3N5 s1,10.540009943644206,0.604897708594813,0.7926970774021175,12.53330246606868,True
force_mae,4429570,L3N5,2,L3N5 s2,9.468600654602051,0.7000906752509899,1.401927933612531,6.2546082213770395,True
force_mae,4429570,L3N5,3,L3N5 s3,9.37979564666748,0.9543238453082751,92.9956463971765,0.09060071226748326,False
force_mae,4429570,L3N5,4,L3N5 s4,9.709139442443847,0.5974813308890118,0.8508465580341565,10.708932210535021,True
force_mae,4429570,L3N5,7,L3N5 s7,11.265759976704915,0.6349262734162018,2.142844427526728,4.961085166392049,True
force_mae,4429570,L3N5,42,L3N5 s42,7.752300961812337,0.6043628579591266,0.8174316522323556,8.744386254597105,True
force_mae,4429570,L3N5,1776,L3N5 s1776,6.836475054423015,0.653152918197432,8.15478215671311,0.7582449190424297,False
force_mae,4429570,L4N3,7,L4N3 s7,12.66854445139567,0.6039136420403755,0.8098434971357961,14.897484331262433,True
force_mae,4429570,L4N3,42,L4N3 s42,7.88918997446696,0.6298982761745554,1.4334129704384087,5.064340736411889,True
force_mae,4429570,L4N3,101,L4N3 s101,14.746171951293944,0.6427452117045079,0.8778280344541138,16.066275154176175,True
force_mae,4429570,L4N3,202,L4N3 s202,8.580673980712891,0.6214379529677566,0.9268021611690631,8.587847936937694,True
force_mae,4429570,L4N3,303,L4N3 s303,9.621034940083822,0.6292387607715947,0.834900009313988,10.769907868009865,True
force_mae,4429570,L4N3,1776,L4N3 s1776,7.797814496358236,0.6139854113521747,0.9403830321703833,7.6392585140822264,True
force_mae,4429570,L4N4,0,L4N4 s0,15.70273583730062,0.5445171628077453,0.7618457140108997,19.896704012009454,True
force_mae,4429570,L4N4,7,L4N4 s7,11.129498926798504,0.5533003617275281,0.7874632206834159,13.43072068291927,True
force_mae,4429570,L4N4,42,L4N4 s42,13.692659505208333,0.5667680229394589,0.9724470045362181,13.497796199731116,True
force_mae,4429570,L4N4,1776,L4N4 s1776,8.240628496805828,0.5456845436133745,1.5124562389558096,5.08771345245995,True
force_mae,5298929,L3N4,0,L3N4 s0,14.819677225748698,0.582884143878776,0.8055986490160479,17.672314991166672,True
force_mae,5298929,L3N4,1,L3N4 s1,8.477472813924154,0.6041831642617682,2.2197218485766372,3.546971281429253,True
force_mae,5298929,L3N4,7,L3N4 s7,12.254842885335286,0.5900155144423305,1.223081324961448,9.537245915565455,True
force_mae,5298929,L3N4,42,L3N4 s42,8.72771364847819,2.3786001279911937,492.2995631657765,0.012896849795393791,False
force_mae,5298929,L3N4,101,L3N4 s101,9.23005142211914,0.5807663608315538,0.9437260879900847,9.165037579610132,True
force_mae,5298929,L3N4,202,L3N4 s202,12.161455726623537,0.6539855536744487,5.326287525721388,2.1605048764975425,True
force_mae,5298929,L3N5,0,L3N5 s0,10.1151762008667,0.7222488466519684,0.960911105703023,9.775022162266161,True
force_mae,5298929,L3N5,1,L3N5 s1,11.728141276041669,0.604897708594813,0.7926970774021175,14.03214908259878,True
force_mae,5298929,L3N5,2,L3N5 s2,7.623121770222982,0.7000906752509899,1.401927933612531,4.938221807973048,True
force_mae,5298929,L3N5,3,L3N5 s3,11.159433110555012,0.9543238453082751,92.9956463971765,0.10973749482488226,False
force_mae,5298929,L3N5,4,L3N5 s4,10.091688410441082,0.5974813308890118,0.8508465580341565,11.158542030760536,True
force_mae,5298929,L3N5,7,L3N5 s7,8.621077346801759,0.6349262734162018,2.142844427526728,3.7268926156264066,True
force_mae,5298929,L3N5,42,L3N5 s42,9.626867357889813,0.6043628579591266,0.8174316522323556,11.037625562077002,True
force_mae,5298929,L3N5,1776,L3N5 s1776,12.482582219441731,0.653152918197432,8.15478215671311,1.4506125453647072,False
force_mae,5298929,L4N3,7,L4N3 s7,13.606441243489584,0.6039136420403755,0.8098434971357961,16.05560536997054,True
force_mae,5298929,L4N3,42,L4N3 s42,12.314385604858398,0.6298982761745554,1.4334129704384087,8.151514999274875,True
force_mae,5298929,L4N3,101,L4N3 s101,11.377512105305987,0.6427452117045079,0.8778280344541138,12.228781119159633,True
force_mae,5298929,L4N3,202,L4N3 s202,6.751938756306966,0.6214379529677566,0.9268021611690631,6.614681169502486,True
force_mae,5298929,L4N3,303,L4N3 s303,9.30308977762858,0.6292387607715947,0.834900009313988,10.389089615634363,True
force_mae,5298929,L4N3,1776,L4N3 s1776,19.10879275004069,0.6139854113521747,0.9403830321703833,19.667312899088476,True
force_mae,5298929,L4N4,0,L4N4 s0,8.728652572631836,0.5445171628077453,0.7618457140108997,10.7425102738151,True
force_mae,5298929,L4N4,7,L4N4 s7,7.545191701253255,0.5533003617275281,0.7874632206834159,8.87900686137147,True
force_mae,5298929,L4N4,42,L4N4 s42,15.78050053914388,0.5667680229394589,0.9724470045362181,15.644793438857052,True
force_mae,5298929,L4N4,1776,L4N4 s1776,9.08830846150716,0.5456845436133745,1.5124562389558096,5.648179231811401,True
force_mae,5619249,L3N4,0,L3N4 s0,10.472276560465495,0.582884143878776,0.8055986490160479,12.275830438228203,True
force_mae,5619249,L3N4,1,L3N4 s1,13.289969539642334,0.6041831642617682,2.2197218485766372,5.715034243373841,True
force_mae,5619249,L3N4,7,L3N4 s7,11.48020445505778,0.5900155144423305,1.223081324961448,8.903896019309029,True
force_mae,5619249,L3N4,42,L3N4 s42,9.692484696706137,2.3786001279911937,492.2995631657765,0.01485657334668825,False
force_mae,5619249,L3N4,101,L3N4 s101,10.867311668395995,0.5807663608315538,0.9437260879900847,10.899926830964661,True
force_mae,5619249,L3N4,202,L3N4 s202,12.84423796335856,0.6539855536744487,5.326287525721388,2.288695897623941,True
force_mae,5619249,L3N5,0,L3N5 s0,6.8436607678731285,0.7222488466519684,0.960911105703023,6.370424782157768,True
force_mae,5619249,L3N5,1,L3N5 s1,8.22636013031006,0.604897708594813,0.7926970774021175,9.614596343275085,True
force_mae,5619249,L3N5,2,L3N5 s2,7.777035164833069,0.7000906752509899,1.401927933612531,5.048008759869696,True
force_mae,5619249,L3N5,3,L3N5 s3,8.22657949924469,0.9543238453082751,92.9956463971765,0.07819995812360106,False
force_mae,5619249,L3N5,4,L3N5 s4,8.517516930898031,0.5974813308890118,0.8508465580341565,9.30841821621505,True
force_mae,5619249,L3N5,7,L3N5 s7,6.854211711883545,0.6349262734162018,2.142844427526728,2.902350426645599,True
force_mae,5619249,L3N5,42,L3N5 s42,5.761424612998963,0.6043628579591266,0.8174316522323556,6.308859879546158,True
force_mae,5619249,L3N5,1776,L3N5 s1776,8.931567001342774,0.653152918197432,8.15478215671311,1.0151606657365406,False
force_mae,5619249,L4N3,7,L4N3 s7,16.489784653981527,0.6039136420403755,0.8098434971357961,19.61597650425707,True
force_mae,5619249,L4N3,42,L4N3 s42,9.43456642627716,0.6298982761745554,1.4334129704384087,6.142450453346812,True
force_mae,5619249,L4N3,101,L4N3 s101,11.330193368593852,0.6427452117045079,0.8778280344541138,12.174876783851452,True
force_mae,5619249,L4N3,202,L4N3 s202,8.800693440437318,0.6214379529677566,0.9268021611690631,8.825244297178045,True
force_mae,5619249,L4N3,303,L4N3 s303,6.139159798622131,0.6292387607715947,0.834900009313988,6.599498115202887,True
force_mae,5619249,L4N3,1776,L4N3 s1776,19.031964310010277,0.6139854113521747,0.9403830321703833,19.585613806907823,True
force_mae,5619249,L4N4,0,L4N4 s0,8.728457109133403,0.5445171628077453,0.7618457140108997,10.742253708089471,True
force_mae,5619249,L4N4,7,L4N4 s7,10.665447346369426,0.5533003617275281,0.7874632206834159,12.841421312179973,True
force_mae,5619249,L4N4,42,L4N4 s42,12.540004181861878,0.5667680229394589,0.9724470045362181,12.312481917338749,True
force_mae,5619249,L4N4,1776,L4N4 s1776,19.933054161071777,0.5456845436133745,1.5124562389558096,12.818466490536824,True
