metric,source_index,architecture,seed,run_label,error,run_mean,run_sample_std,std_above_run_mean,is_ge_outlier_sigma
abs_energy_error,3937730,L3N4,0,L3N4 s0,0.7044143676757812,0.1997303498080699,0.2806366299242564,1.7983540423925597,False
abs_energy_error,3937730,L3N4,1,L3N4 s1,0.396026611328125,0.20599446008317174,0.2949561794406318,0.6442724868668248,False
abs_energy_error,3937730,L3N4,7,L3N4 s7,28.87258529663086,0.20470212453629938,0.30088395537312074,95.2788696776604,True
abs_energy_error,3937730,L3N4,42,L3N4 s42,2850.048095703125,0.265648224465159,10.080732926707148,282.695957545771,True
abs_energy_error,3937730,L3N4,101,L3N4 s101,8.377204895019531,0.19947978295959182,0.28335871310257266,28.859974067921797,True
abs_energy_error,3937730,L3N4,202,L3N4 s202,0.175201416015625,0.23565154646359734,1.184069195510051,-0.05105286977923007,False
abs_energy_error,3937730,L3N5,0,L3N5 s0,4.329582214355469,0.27910872991609503,0.36418024682675726,11.122166893269775,True
abs_energy_error,3937730,L3N5,1,L3N5 s1,0.2813720703125,0.20622627334078425,0.2853231740266558,0.2633708153151815,False
abs_energy_error,3937730,L3N5,2,L3N5 s2,16.674484252929688,0.2711846569232875,0.3596966094728214,45.60315322417802,True
abs_energy_error,3937730,L3N5,3,L3N5 s3,742.6024780273438,0.21322648383491905,2.6399977202385,281.2082926633894,True
abs_energy_error,3937730,L3N5,4,L3N5 s4,0.0118255615234375,0.2038352158157795,0.2931835987286264,-0.6549126728950073,False
abs_energy_error,3937730,L3N5,7,L3N5 s7,96.79352569580078,0.21562233584981877,0.4545444467777628,212.47185846089573,True
abs_energy_error,3937730,L3N5,42,L3N5 s42,1.3331680297851562,0.2081716774016153,0.28944413527122254,3.8867477875458327,True
abs_energy_error,3937730,L3N5,1776,L3N5 s1776,0.053619384765625,0.21555212002652696,0.3658846474755826,-0.4425786552624037,False
abs_energy_error,3937730,L4N3,7,L4N3 s7,0.1781692504882812,0.20703997271741972,0.2962906576587127,-0.09744054185601002,False
abs_energy_error,3937730,L4N3,42,L4N3 s42,0.0043487548828125,0.21443938535493218,0.29780571820573154,-0.7054620433009412,False
abs_energy_error,3937730,L4N3,101,L4N3 s101,5.521400451660156,0.2188547617257631,0.3064262554889219,17.30447569342208,True
abs_energy_error,3937730,L4N3,202,L4N3 s202,0.1321334838867187,0.21289867895157077,0.36873983530476245,-0.21903029543336394,False
abs_energy_error,3937730,L4N3,303,L4N3 s303,0.5528793334960938,0.21497051230372163,0.30262715640676385,1.1165845960571557,False
abs_energy_error,3937730,L4N3,1776,L4N3 s1776,0.2489852905273437,0.20889746330198833,0.2988562265460486,0.13413750045853076,False
abs_energy_error,3937730,L4N4,0,L4N4 s0,0.2619857788085937,0.183090003550495,0.2584556041364583,0.3052585202077631,False
abs_energy_error,3937730,L4N4,7,L4N4 s7,0.10968017578125,0.18390466804380995,0.2669865535328786,-0.2780083539054315,False
abs_energy_error,3937730,L4N4,42,L4N4 s42,12.028327941894531,0.18831727622949984,0.2736557746567752,43.266072789858065,True
abs_energy_error,3937730,L4N4,1776,L4N4 s1776,89.88688659667969,0.18196098293097457,0.4122309731652796,217.60840755112906,True
abs_energy_error,4707565,L3N4,0,L3N4 s0,2.880126953125,0.1997303498080699,0.2806366299242564,9.551128817504567,True
abs_energy_error,4707565,L3N4,1,L3N4 s1,1.64385986328125,0.20599446008317174,0.2949561794406318,4.874844141000575,True
abs_energy_error,4707565,L3N4,7,L3N4 s7,2.7386474609375,0.20470212453629938,0.30088395537312074,8.421669853611506,True
abs_energy_error,4707565,L3N4,42,L3N4 s42,2.6466064453125,0.265648224465159,10.080732926707148,0.23618899916884084,False
abs_energy_error,4707565,L3N4,101,L3N4 s101,1.8402099609375,0.19947978295959182,0.28335871310257266,5.790293723503686,True
abs_energy_error,4707565,L3N4,202,L3N4 s202,323.4248046875,0.23565154646359734,1.184069195510051,272.9478601137149,True
abs_energy_error,4707565,L3N5,0,L3N5 s0,3.9302978515625,0.27910872991609503,0.36418024682675726,10.025774746051226,True
abs_energy_error,4707565,L3N5,1,L3N5 s1,0.5023193359375,0.20622627334078425,0.2853231740266558,1.0377462805353967,False
abs_energy_error,4707565,L3N5,2,L3N5 s2,1.8841552734375,0.2711846569232875,0.3596966094728214,4.4842530455825385,True
abs_energy_error,4707565,L3N5,3,L3N5 s3,1.51727294921875,0.21322648383491905,2.6399977202385,0.4939574210185387,False
abs_energy_error,4707565,L3N5,4,L3N5 s4,0.7236328125,0.2038352158157795,0.2931835987286264,1.772942275551199,False
abs_energy_error,4707565,L3N5,7,L3N5 s7,1.552734375,0.21562233584981877,0.4545444467777628,2.9416530080366945,True
abs_energy_error,4707565,L3N5,42,L3N5 s42,0.8612060546875,0.2081716774016153,0.28944413527122254,2.256167245102276,True
abs_energy_error,4707565,L3N5,1776,L3N5 s1776,1.32806396484375,0.21555212002652696,0.3658846474755826,3.0406081602302457,True
abs_energy_error,4707565,L4N3,7,L4N3 s7,0.09625244140625,0.20703997271741972,0.2962906576587127,-0.37391503392854925,False
abs_energy_error,4707565,L4N3,42,L4N3 s42,4.34930419921875,0.21443938535493218,0.29780571820573154,13.884437272649516,True
abs_energy_error,4707565,L4N3,101,L4N3 s101,1.71746826171875,0.2188547617257631,0.3064262554889219,4.890617148983717,True
abs_energy_error,4707565,L4N3,202,L4N3 s202,1.9605712890625,0.21289867895157077,0.36873983530476245,4.739581793940117,True
abs_energy_error,4707565,L4N3,303,L4N3 s303,0.9151611328125,0.21497051230372163,0.30262715640676385,2.31370716634447,True
abs_energy_error,4707565,L4N3,1776,L4N3 s1776,1.71295166015625,0.20889746330198833,0.2988562265460486,5.032701557658572,True
abs_energy_error,4707565,L4N4,0,L4N4 s0,2.028076171875,0.183090003550495,0.2584556041364583,7.138503243096238,True
abs_energy_error,4707565,L4N4,7,L4N4 s7,1.55401611328125,0.18390466804380995,0.2669865535328786,5.131761982420268,True
abs_energy_error,4707565,L4N4,42,L4N4 s42,0.7001953125,0.18831727622949984,0.2736557746567752,1.8705179414266275,False
abs_energy_error,4707565,L4N4,1776,L4N4 s1776,1.4893798828125,0.18196098293097457,0.4122309731652796,3.171568816973221,True
abs_energy_error,3628756,L3N4,0,L3N4 s0,0.096771240234375,0.1997303498080699,0.2806366299242564,-0.3668769454703168,False
abs_energy_error,3628756,L3N4,1,L3N4 s1,0.2719345092773437,0.20599446008317174,0.2949561794406318,0.22355879886708474,False
abs_energy_error,3628756,L3N4,7,L3N4 s7,0.018798828125,0.20470212453629938,0.30088395537312074,-0.6178571276117534,False
abs_energy_error,3628756,L3N4,42,L3N4 s42,0.5386810302734375,0.265648224465159,10.080732926707148,0.027084618528572024,False
abs_energy_error,3628756,L3N4,101,L3N4 s101,0.2470703125,0.19947978295959182,0.28335871310257266,0.1679515304799572,False
abs_energy_error,3628756,L3N4,202,L3N4 s202,0.2372589111328125,0.23565154646359734,1.184069195510051,0.0013574921763949489,False
abs_energy_error,3628756,L3N5,0,L3N5 s0,0.2735214233398437,0.27910872991609503,0.36418024682675726,-0.015342146162334976,False
abs_energy_error,3628756,L3N5,1,L3N5 s1,0.23516845703125,0.20622627334078425,0.2853231740266558,0.10143649841692101,False
abs_energy_error,3628756,L3N5,2,L3N5 s2,0.0826568603515625,0.2711846569232875,0.3596966094728214,-0.5241300351650108,False
abs_energy_error,3628756,L3N5,3,L3N5 s3,0.134979248046875,0.21322648383491905,2.6399977202385,-0.029639130059921078,False
abs_energy_error,3628756,L3N5,4,L3N5 s4,0.3159255981445312,0.2038352158157795,0.2931835987286264,0.38232146277904044,False
abs_energy_error,3628756,L3N5,7,L3N5 s7,0.2993621826171875,0.21562233584981877,0.4545444467777628,0.18422807133822727,False
abs_energy_error,3628756,L3N5,42,L3N5 s42,0.0248184204101562,0.2081716774016153,0.28944413527122254,-0.6334668236399007,False
abs_energy_error,3628756,L3N5,1776,L3N5 s1776,0.1068344116210937,0.21555212002652696,0.3658846474755826,-0.29713656791978016,False
abs_energy_error,3628756,L4N3,7,L4N3 s7,0.0860595703125,0.20703997271741972,0.2962906576587127,-0.40831662854612516,False
abs_energy_error,3628756,L4N3,42,L4N3 s42,0.4148025512695312,0.21443938535493218,0.29780571820573154,0.6727982495493361,False
abs_energy_error,3628756,L4N3,101,L4N3 s101,0.224853515625,0.2188547617257631,0.3064262554889219,0.019576501007283215,False
abs_energy_error,3628756,L4N3,202,L4N3 s202,62.61231994628906,0.21289867895157077,0.36873983530476245,169.22343422908062,True
abs_energy_error,3628756,L4N3,303,L4N3 s303,0.290130615234375,0.21497051230372163,0.30262715640676385,0.24835875214592443,False
abs_energy_error,3628756,L4N3,1776,L4N3 s1776,0.290863037109375,0.20889746330198833,0.2988562265460486,0.2742642331889217,False
abs_energy_error,3628756,L4N4,0,L4N4 s0,0.185577392578125,0.183090003550495,0.2584556041364583,0.009624047564922241,False
abs_energy_error,3628756,L4N4,7,L4N4 s7,0.1650543212890625,0.18390466804380995,0.2669865535328786,-0.07060410535778569,False
abs_energy_error,3628756,L4N4,42,L4N4 s42,0.0490570068359375,0.18831727622949984,0.2736557746567752,-0.5088884733685064,False
abs_energy_error,3628756,L4N4,1776,L4N4 s1776,0.0128173828125,0.18196098293097457,0.4122309731652796,-0.41031269149845817,False
abs_energy_error,5550185,L3N4,0,L3N4 s0,0.5315093994140625,0.1997303498080699,0.2806366299242564,1.1822371502092919,False
abs_energy_error,5550185,L3N4,1,L3N4 s1,1.1148681640625,0.20599446008317174,0.2949561794406318,3.0813855322609527,True
abs_energy_error,5550185,L3N4,7,L3N4 s7,0.2262725830078125,0.20470212453629938,0.30088395537312074,0.07169029151043958,False
abs_energy_error,5550185,L3N4,42,L3N4 s42,1.7481842041015625,0.265648224465159,10.080732926707148,0.14706628877238503,False
abs_energy_error,5550185,L3N4,101,L3N4 s101,1.58416748046875,0.19947978295959182,0.28335871310257266,4.886695321092586,True
abs_energy_error,5550185,L3N4,202,L3N4 s202,2.184112548828125,0.23565154646359734,1.184069195510051,1.6455634601026896,False
abs_energy_error,5550185,L3N5,0,L3N5 s0,0.5640411376953125,0.27910872991609503,0.36418024682675726,0.7823939114269466,False
abs_energy_error,5550185,L3N5,1,L3N5 s1,1.83538818359375,0.20622627334078425,0.2853231740266558,5.709882892655485,True
abs_energy_error,5550185,L3N5,2,L3N5 s2,1.228271484375,0.2711846569232875,0.3596966094728214,2.6608169280617857,True
abs_energy_error,5550185,L3N5,3,L3N5 s3,1.872039794921875,0.21322648383491905,2.6399977202385,0.6283389180112994,False
abs_energy_error,5550185,L3N5,4,L3N5 s4,0.3910064697265625,0.2038352158157795,0.2931835987286264,0.6384097020516843,False
abs_energy_error,5550185,L3N5,7,L3N5 s7,1.7539520263671875,0.21562233584981877,0.4545444467777628,3.3843328225050198,True
abs_energy_error,5550185,L3N5,42,L3N5 s42,1.0544586181640625,0.2081716774016153,0.28944413527122254,2.9238351641481253,True
abs_energy_error,5550185,L3N5,1776,L3N5 s1776,43.38862609863281,0.21555212002652696,0.3658846474755826,117.9964075466912,True
abs_energy_error,5550185,L4N3,7,L4N3 s7,2.8121795654296875,0.20703997271741972,0.2962906576587127,8.792513450468089,True
abs_energy_error,5550185,L4N3,42,L4N3 s42,0.0197906494140625,0.21443938535493218,0.29780571820573154,-0.653609800085845,False
abs_energy_error,5550185,L4N3,101,L4N3 s101,1.144134521484375,0.2188547617257631,0.3064262554889219,3.019583809103666,True
abs_energy_error,5550185,L4N3,202,L4N3 s202,0.53424072265625,0.21289867895157077,0.36873983530476245,0.8714600727613031,False
abs_energy_error,5550185,L4N3,303,L4N3 s303,0.091888427734375,0.21497051230372163,0.30262715640676385,-0.4067119621079574,False
abs_energy_error,5550185,L4N3,1776,L4N3 s1776,0.246673583984375,0.20889746330198833,0.2988562265460486,0.12640232100556895,False
abs_energy_error,5550185,L4N4,0,L4N4 s0,1.50823974609375,0.183090003550495,0.2584556041364583,5.127185177395527,True
abs_energy_error,5550185,L4N4,7,L4N4 s7,0.73822021484375,0.18390466804380995,0.2669865535328786,2.0761927500280564,True
abs_energy_error,5550185,L4N4,42,L4N4 s42,0.654144287109375,0.18831727622949984,0.2736557746567752,1.7022370949932453,False
abs_energy_error,5550185,L4N4,1776,L4N4 s1776,1.217010498046875,0.18196098293097457,0.4122309731652796,2.5108484866344782,True
abs_energy_error,3673855,L3N4,0,L3N4 s0,0.3483638763427734,0.1997303498080699,0.2806366299242564,0.5296298155191628,False
abs_energy_error,3673855,L3N4,1,L3N4 s1,0.3130817413330078,0.20599446008317174,0.2949561794406318,0.3630616637797561,False
abs_energy_error,3673855,L3N4,7,L3N4 s7,0.0324630737304687,0.20470212453629938,0.30088395537312074,-0.5724434544615055,False
abs_energy_error,3673855,L3N4,42,L3N4 s42,0.2617702484130859,0.265648224465159,10.080732926707148,-0.00038469187511149173,False
abs_energy_error,3673855,L3N4,101,L3N4 s101,0.1430492401123047,0.19947978295959182,0.28335871310257266,-0.19914878293105429,False
abs_energy_error,3673855,L3N4,202,L3N4 s202,0.5602817535400391,0.23565154646359734,1.184069195510051,0.274164895351917,False
abs_energy_error,3673855,L3N5,0,L3N5 s0,0.5553817749023438,0.27910872991609503,0.36418024682675726,0.7586162275233821,False
abs_energy_error,3673855,L3N5,1,L3N5 s1,0.1099700927734375,0.20622627334078425,0.2853231740266558,-0.3373584388850034,False
abs_energy_error,3673855,L3N5,2,L3N5 s2,0.1816902160644531,0.2711846569232875,0.3596966094728214,-0.24880535012548294,False
abs_energy_error,3673855,L3N5,3,L3N5 s3,0.4935359954833984,0.21322648383491905,2.6399977202385,0.1061779370109289,False
abs_energy_error,3673855,L3N5,4,L3N5 s4,0.4221858978271484,0.2038352158157795,0.2931835987286264,0.7447574931143279,False
abs_energy_error,3673855,L3N5,7,L3N5 s7,0.5422878265380859,0.21562233584981877,0.4545444467777628,0.7186656728598896,False
abs_energy_error,3673855,L3N5,42,L3N5 s42,0.7096176147460938,0.2081716774016153,0.28944413527122254,1.7324446283031452,False
abs_energy_error,3673855,L3N5,1776,L3N5 s1776,43.09316253662109,0.21555212002652696,0.3658846474755826,117.18887554432304,True
abs_energy_error,3673855,L4N3,7,L4N3 s7,0.1916999816894531,0.20703997271741972,0.2962906576587127,-0.051773454989040686,False
abs_energy_error,3673855,L4N3,42,L4N3 s42,0.489450454711914,0.21443938535493218,0.29780571820573154,0.9234579880262654,False
abs_energy_error,3673855,L4N3,101,L4N3 s101,0.3020343780517578,0.2188547617257631,0.3064262554889219,0.27145068294907215,False
abs_energy_error,3673855,L4N3,202,L4N3 s202,0.1698436737060547,0.21289867895157077,0.36873983530476245,-0.11676255485098659,False
abs_energy_error,3673855,L4N3,303,L4N3 s303,0.078500747680664,0.21497051230372163,0.30262715640676385,-0.4509501600696648,False
abs_energy_error,3673855,L4N3,1776,L4N3 s1776,0.2447242736816406,0.20889746330198833,0.2988562265460486,0.11987975219292268,False
abs_energy_error,3673855,L4N4,0,L4N4 s0,0.2074794769287109,0.183090003550495,0.2584556041364583,0.09436620056935908,False
abs_energy_error,3673855,L4N4,7,L4N4 s7,0.301666259765625,0.18390466804380995,0.2669865535328786,0.4410768638478007,False
abs_energy_error,3673855,L4N4,42,L4N4 s42,0.3074970245361328,0.18831727622949984,0.2736557746567752,0.4355097145532949,False
abs_energy_error,3673855,L4N4,1776,L4N4 s1776,0.1859683990478515,0.18196098293097457,0.4122309731652796,0.009721288252812113,False
abs_energy_error,7140304,L3N4,0,L3N4 s0,0.1781692504882812,0.1997303498080699,0.2806366299242564,-0.07682924116359299,False
abs_energy_error,7140304,L3N4,1,L3N4 s1,19.704620361328125,0.20599446008317174,0.2949561794406318,66.10685674808721,True
abs_energy_error,7140304,L3N4,7,L3N4 s7,0.3615570068359375,0.20470212453629938,0.30088395537312074,0.5213135479594624,False
abs_energy_error,7140304,L3N4,42,L3N4 s42,0.0744400024414062,0.265648224465159,10.080732926707148,-0.01896769048579592,False
abs_energy_error,7140304,L3N4,101,L3N4 s101,0.0324935913085937,0.19947978295959182,0.28335871310257266,-0.5893102415049118,False
abs_energy_error,7140304,L3N4,202,L3N4 s202,0.5515365600585938,0.23565154646359734,1.184069195510051,0.26677918384569194,False
abs_energy_error,7140304,L3N5,0,L3N5 s0,0.2065353393554687,0.27910872991609503,0.36418024682675726,-0.19927876701986513,False
abs_energy_error,7140304,L3N5,1,L3N5 s1,0.2990646362304687,0.20622627334078425,0.2853231740266558,0.3253796793982503,False
abs_energy_error,7140304,L3N5,2,L3N5 s2,0.1429595947265625,0.2711846569232875,0.3596966094728214,-0.35648115333823766,False
abs_energy_error,7140304,L3N5,3,L3N5 s3,0.2901229858398437,0.21322648383491905,2.6399977202385,0.02912748803357972,False
abs_energy_error,7140304,L3N5,4,L3N5 s4,0.3380126953125,0.2038352158157795,0.2931835987286264,0.4576568405551105,False
abs_energy_error,7140304,L3N5,7,L3N5 s7,0.5773849487304688,0.21562233584981877,0.4545444467777628,0.7958795128730811,False
abs_energy_error,7140304,L3N5,42,L3N5 s42,0.4835739135742187,0.2081716774016153,0.28944413527122254,0.9514866691444233,False
abs_energy_error,7140304,L3N5,1776,L3N5 s1776,0.0986251831054687,0.21555212002652696,0.3658846474755826,-0.3195732254080473,False
abs_energy_error,7140304,L4N3,7,L4N3 s7,0.5150146484375,0.20703997271741972,0.2962906576587127,1.039434311407908,False
abs_energy_error,7140304,L4N3,42,L4N3 s42,0.3672103881835937,0.21443938535493218,0.29780571820573154,0.5129888161620978,False
abs_energy_error,7140304,L4N3,101,L4N3 s101,0.4929885864257812,0.2188547617257631,0.3064262554889219,0.894615979504174,False
abs_energy_error,7140304,L4N3,202,L4N3 s202,0.4294509887695312,0.21289867895157077,0.36873983530476245,0.5872766896448293,False
abs_energy_error,7140304,L4N3,303,L4N3 s303,0.33013916015625,0.21497051230372163,0.30262715640676385,0.38056283256261764,False
abs_energy_error,7140304,L4N3,1776,L4N3 s1776,0.2497100830078125,0.20889746330198833,0.2988562265460486,0.1365627217391626,False
abs_energy_error,7140304,L4N4,0,L4N4 s0,0.1249160766601562,0.183090003550495,0.2584556041364583,-0.22508286127014834,False
abs_energy_error,7140304,L4N4,7,L4N4 s7,0.2617950439453125,0.18390466804380995,0.2669865535328786,0.29173894666538175,False
abs_energy_error,7140304,L4N4,42,L4N4 s42,0.3068008422851562,0.18831727622949984,0.2736557746567752,0.43296570739009954,False
abs_energy_error,7140304,L4N4,1776,L4N4 s1776,0.2332077026367187,0.18196098293097457,0.4122309731652796,0.12431554890757153,False
abs_energy_error,7306805,L3N4,0,L3N4 s0,3.6132125854492183,0.1997303498080699,0.2806366299242564,12.16335243393724,True
abs_energy_error,7306805,L3N4,1,L3N4 s1,3.084360122680664,0.20599446008317174,0.2949561794406318,9.758621324890209,True
abs_energy_error,7306805,L3N4,7,L3N4 s7,1.2774734497070312,0.20470212453629938,0.30088395537312074,3.565398905502979,True
abs_energy_error,7306805,L3N4,42,L3N4 s42,1.6427726745605469,0.265648224465159,10.080732926707148,0.136609556081675,False
abs_energy_error,7306805,L3N4,101,L3N4 s101,1.2612857818603516,0.19947978295959182,0.28335871310257266,3.747214925120012,True
abs_energy_error,7306805,L3N4,202,L3N4 s202,1.5665550231933594,0.23565154646359734,1.184069195510051,1.1240081929134729,False
abs_energy_error,7306805,L3N5,0,L3N5 s0,22.873519897460938,0.27910872991609503,0.36418024682675726,62.04183605348903,True
abs_energy_error,7306805,L3N5,1,L3N5 s1,0.6774463653564453,0.20622627334078425,0.2853231740266558,1.6515310879432394,False
abs_energy_error,7306805,L3N5,2,L3N5 s2,10.843929290771484,0.2711846569232875,0.3596966094728214,29.393506514681427,True
abs_energy_error,7306805,L3N5,3,L3N5 s3,1.5847740173339844,0.21322648383491905,2.6399977202385,0.5195260295054945,False
abs_energy_error,7306805,L3N5,4,L3N5 s4,9.65876579284668,0.2038352158157795,0.2931835987286264,32.24917975641085,True
abs_energy_error,7306805,L3N5,7,L3N5 s7,3.3318748474121094,0.21562233584981877,0.4545444467777628,6.855770725290365,True
abs_energy_error,7306805,L3N5,42,L3N5 s42,1.4338970184326172,0.2081716774016153,0.28944413527122254,4.234756181473294,True
abs_energy_error,7306805,L3N5,1776,L3N5 s1776,6.270428657531738,0.21555212002652696,0.3658846474755826,16.548594151956827,True
abs_energy_error,7306805,L4N3,7,L4N3 s7,2.790569305419922,0.20703997271741972,0.2962906576587127,8.719577434933447,True
abs_energy_error,7306805,L4N3,42,L4N3 s42,4.313201904296875,0.21443938535493218,0.29780571820573154,13.763209597306712,True
abs_energy_error,7306805,L4N3,101,L4N3 s101,2.582935333251953,0.2188547617257631,0.3064262554889219,7.71500656089066,True
abs_energy_error,7306805,L4N3,202,L4N3 s202,0.4930744171142578,0.21289867895157077,0.36873983530476245,0.7598195566018046,False
abs_energy_error,7306805,L4N3,303,L4N3 s303,6.693979263305664,0.21497051230372163,0.30262715640676385,21.409211347488753,True
abs_energy_error,7306805,L4N3,1776,L4N3 s1776,6.350822448730469,0.20889746330198833,0.2988562265460486,20.551437245969897,True
abs_energy_error,7306805,L4N4,0,L4N4 s0,2.5370235443115234,0.183090003550495,0.2584556041364583,9.107690075538887,True
abs_energy_error,7306805,L4N4,7,L4N4 s7,11.410106658935549,0.18390466804380995,0.2669865535328786,42.04781792319464,True
abs_energy_error,7306805,L4N4,42,L4N4 s42,5.581256866455078,0.18831727622949984,0.2736557746567752,19.70701914472485,True
abs_energy_error,7306805,L4N4,1776,L4N4 s1776,5.8486328125,0.18196098293097457,0.4122309731652796,13.746351435114104,True
abs_energy_error,6266598,L3N4,0,L3N4 s0,9.4171142578125,0.1997303498080699,0.2806366299242564,32.844550301549,True
abs_energy_error,6266598,L3N4,1,L3N4 s1,9.95068359375,0.20599446008317174,0.2949561794406318,33.03775208963954,True
abs_energy_error,6266598,L3N4,7,L3N4 s7,7.9329833984375,0.20470212453629938,0.30088395537312074,25.685255514264625,True
abs_energy_error,6266598,L3N4,42,L3N4 s42,9.41552734375,0.265648224465159,10.080732926707148,0.9076601062452342,False
abs_energy_error,6266598,L3N4,101,L3N4 s101,5.6529541015625,0.19947978295959182,0.28335871310257266,19.24583246052791,True
abs_energy_error,6266598,L3N4,202,L3N4 s202,2.4171142578125,0.23565154646359734,1.184069195510051,1.8423439437669122,False
abs_energy_error,6266598,L3N5,0,L3N5 s0,7.0267333984375,0.27910872991609503,0.36418024682675726,18.528255519941176,True
abs_energy_error,6266598,L3N5,1,L3N5 s1,0.7581787109375,0.20622627334078425,0.2853231740266558,1.9344816258953805,False
abs_energy_error,6266598,L3N5,2,L3N5 s2,7.911865234375,0.2711846569232875,0.3596966094728214,21.242014453931183,True
abs_energy_error,6266598,L3N5,3,L3N5 s3,2.0142822265625,0.21322648383491905,2.6399977202385,0.6822186734937301,False
abs_energy_error,6266598,L3N5,4,L3N5 s4,9.0057373046875,0.2038352158157795,0.2931835987286264,30.021809293018627,True
abs_energy_error,6266598,L3N5,7,L3N5 s7,4.6854248046875,0.21562233584981877,0.4545444467777628,9.833587233380216,True
abs_energy_error,6266598,L3N5,42,L3N5 s42,1.658447265625,0.2081716774016153,0.28944413527122254,5.010554409279737,True
abs_energy_error,6266598,L3N5,1776,L3N5 s1776,0.6275634765625,0.21555212002652696,0.3658846474755826,1.1260689929972225,False
abs_energy_error,6266598,L4N3,7,L4N3 s7,14.275634765625,0.20703997271741972,0.2962906576587127,47.48241103542564,True
abs_energy_error,6266598,L4N3,42,L4N3 s42,2.46875,0.21443938535493218,0.29780571820573154,7.569735827193669,True
abs_energy_error,6266598,L4N3,101,L4N3 s101,2.5169677734375,0.2188547617257631,0.3064262554889219,7.4997261838577005,True
abs_energy_error,6266598,L4N3,202,L4N3 s202,1.984130859375,0.21289867895157077,0.36873983530476245,4.803473915313519,True
abs_energy_error,6266598,L4N3,303,L4N3 s303,7.516845703125,0.21497051230372163,0.30262715640676385,24.12828801459828,True
abs_energy_error,6266598,L4N3,1776,L4N3 s1776,4.1953125,0.20889746330198833,0.2988562265460486,13.338905743306553,True
abs_energy_error,6266598,L4N4,0,L4N4 s0,9.1448974609375,0.183090003550495,0.2584556041364583,34.674455937335324,True
abs_energy_error,6266598,L4N4,7,L4N4 s7,8.281005859375,0.18390466804380995,0.2669865535328786,30.327749035248907,True
abs_energy_error,6266598,L4N4,42,L4N4 s42,4.5531005859375,0.18831727622949984,0.2736557746567752,15.949903908230704,True
abs_energy_error,6266598,L4N4,1776,L4N4 s1776,2.1346435546875,0.18196098293097457,0.4122309731652796,4.736865249990855,True
abs_energy_error,6592784,L3N4,0,L3N4 s0,3.750478744506836,0.1997303498080699,0.2806366299242564,12.652476605271058,True
abs_energy_error,6592784,L3N4,1,L3N4 s1,2.615907669067383,0.20599446008317174,0.2949561794406318,8.170410986318304,True
abs_energy_error,6592784,L3N4,7,L3N4 s7,4.450450897216797,0.20470212453629938,0.30088395537312074,14.110917836796652,True
abs_energy_error,6592784,L3N4,42,L3N4 s42,0.5590267181396484,0.265648224465159,10.080732926707148,0.029102893193136203,False
abs_energy_error,6592784,L3N4,101,L3N4 s101,0.33990478515625,0.19947978295959182,0.28335871310257266,0.4955732635114909,False
abs_energy_error,6592784,L3N4,202,L3N4 s202,2.0921459197998047,0.23565154646359734,1.184069195510051,1.5678934815431134,False
abs_energy_error,6592784,L3N5,0,L3N5 s0,2.188682556152344,0.27910872991609503,0.36418024682675726,5.2434854522591525,True
abs_energy_error,6592784,L3N5,1,L3N5 s1,0.7628288269042969,0.20622627334078425,0.2853231740266558,1.9507793415739623,False
abs_energy_error,6592784,L3N5,2,L3N5 s2,2.0294551849365234,0.2711846569232875,0.3596966094728214,4.888204341403697,True
abs_energy_error,6592784,L3N5,3,L3N5 s3,3.6969127655029297,0.21322648383491905,2.6399977202385,1.3195792765128944,False
abs_energy_error,6592784,L3N5,4,L3N5 s4,5.574851989746094,0.2038352158157795,0.2931835987286264,18.319635877386784,True
abs_energy_error,6592784,L3N5,7,L3N5 s7,1.9336662292480469,0.21562233584981877,0.4545444467777628,3.779704945418064,True
abs_energy_error,6592784,L3N5,42,L3N5 s42,5.212028503417969,0.2081716774016153,0.28944413527122254,17.287815561809566,True
abs_energy_error,6592784,L3N5,1776,L3N5 s1776,5.344032287597656,0.21555212002652696,0.3658846474755826,14.016658536932407,True
abs_energy_error,6592784,L4N3,7,L4N3 s7,3.1655349731445312,0.20703997271741972,0.2962906576587127,9.985110647109579,True
abs_energy_error,6592784,L4N3,42,L4N3 s42,2.3411731719970703,0.21443938535493218,0.29780571820573154,7.141346376609659,True
abs_energy_error,6592784,L4N3,101,L4N3 s101,6.256792068481445,0.2188547617257631,0.3064262554889219,19.70437323368973,True
abs_energy_error,6592784,L4N3,202,L4N3 s202,0.287506103515625,0.21289867895157077,0.36873983530476245,0.20233079646084723,False
abs_energy_error,6592784,L4N3,303,L4N3 s303,4.872833251953125,0.21497051230372163,0.30262715640676385,15.391423542270374,True
abs_energy_error,6592784,L4N3,1776,L4N3 s1776,11.780776977539062,0.20889746330198833,0.2988562265460486,38.72055686433572,True
abs_energy_error,6592784,L4N4,0,L4N4 s0,4.650794982910156,0.183090003550495,0.2584556041364583,17.286160206457822,True
abs_energy_error,6592784,L4N4,7,L4N4 s7,4.854034423828125,0.18390466804380995,0.2669865535328786,17.49200360088248,True
abs_energy_error,6592784,L4N4,42,L4N4 s42,6.229677200317383,0.18831727622949984,0.2736557746567752,22.076493476759563,True
abs_energy_error,6592784,L4N4,1776,L4N4 s1776,2.77652359008789,0.18196098293097457,0.4122309731652796,6.293953574703019,True
abs_energy_error,5245795,L3N4,0,L3N4 s0,2.6064682006835938,0.1997303498080699,0.2806366299242564,8.575993274737872,True
abs_energy_error,5245795,L3N4,1,L3N4 s1,0.1750106811523437,0.20599446008317174,0.2949561794406318,-0.10504536297421224,False
abs_energy_error,5245795,L3N4,7,L3N4 s7,1.6003189086914062,0.20470212453629938,0.30088395537312074,4.638388851357752,True
abs_energy_error,5245795,L3N4,42,L3N4 s42,0.9678268432617188,0.265648224465159,10.080732926707148,0.06965551254078557,False
abs_energy_error,5245795,L3N4,101,L3N4 s101,4.667137145996094,0.19947978295959182,0.28335871310257266,15.766790137204147,True
abs_energy_error,5245795,L3N4,202,L3N4 s202,1.8422317504882808,0.23565154646359734,1.184069195510051,1.3568296600543104,False
abs_energy_error,5245795,L3N5,0,L3N5 s0,1.9149093627929688,0.27910872991609503,0.36418024682675726,4.491733549884253,True
abs_energy_error,5245795,L3N5,1,L3N5 s1,0.1793136596679687,0.20622627334078425,0.2853231740266558,-0.0943232661161315,False
abs_energy_error,5245795,L3N5,2,L3N5 s2,3.066986083984375,0.2711846569232875,0.3596966094728214,7.772665500402326,True
abs_energy_error,5245795,L3N5,3,L3N5 s3,0.924102783203125,0.21322648383491905,2.6399977202385,0.2692715580466428,False
abs_energy_error,5245795,L3N5,4,L3N5 s4,1.4135513305664062,0.2038352158157795,0.2931835987286264,4.126138433379255,True
abs_energy_error,5245795,L3N5,7,L3N5 s7,1.9664535522460935,0.21562233584981877,0.4545444467777628,3.8518372159374246,True
abs_energy_error,5245795,L3N5,42,L3N5 s42,2.0925750732421875,0.2081716774016153,0.28944413527122254,6.5104217574655605,True
abs_energy_error,5245795,L3N5,1776,L3N5 s1776,0.7716445922851562,0.21555212002652696,0.3658846474755826,1.519857354210907,False
abs_energy_error,5245795,L4N3,7,L4N3 s7,3.98406982421875,0.20703997271741972,0.2962906576587127,12.747718343019658,True
abs_energy_error,5245795,L4N3,42,L4N3 s42,0.53814697265625,0.21443938535493218,0.29780571820573154,1.0869757278390895,False
abs_energy_error,5245795,L4N3,101,L4N3 s101,1.0140762329101562,0.2188547617257631,0.3064262554889219,2.595147957917537,True
abs_energy_error,5245795,L4N3,202,L4N3 s202,5.64300537109375,0.21289867895157077,0.36873983530476245,14.726118992959389,True
abs_energy_error,5245795,L4N3,303,L4N3 s303,3.233955383300781,0.21497051230372163,0.30262715640676385,9.97592187972455,True
abs_energy_error,5245795,L4N3,1776,L4N3 s1776,3.5540847778320312,0.20889746330198833,0.2988562265460486,11.193299712009203,True
abs_energy_error,5245795,L4N4,0,L4N4 s0,0.617156982421875,0.183090003550495,0.2584556041364583,1.6794643719244067,False
abs_energy_error,5245795,L4N4,7,L4N4 s7,0.2787399291992187,0.18390466804380995,0.2669865535328786,0.35520613267038587,False
abs_energy_error,5245795,L4N4,42,L4N4 s42,10.77826690673828,0.18831727622949984,0.2736557746567752,38.69806746739007,True
abs_energy_error,5245795,L4N4,1776,L4N4 s1776,1.5150833129882812,0.18196098293097457,0.4122309731652796,3.2339208279791376,True
abs_energy_error,7522891,L3N4,0,L3N4 s0,10.994155883789062,0.1997303498080699,0.2806366299242564,38.46406485459293,True
abs_energy_error,7522891,L3N4,1,L3N4 s1,3.32513427734375,0.20599446008317174,0.2949561794406318,10.574926157423981,True
abs_energy_error,7522891,L3N4,7,L3N4 s7,0.8334159851074219,0.20470212453629938,0.30088395537312074,2.0895559545256104,True
abs_energy_error,7522891,L3N4,42,L3N4 s42,0.1932182312011718,0.265648224465159,10.080732926707148,-0.007184992776874046,False
abs_energy_error,7522891,L3N4,101,L3N4 s101,2.069854736328125,0.19947978295959182,0.28335871310257266,6.60073209992127,True
abs_energy_error,7522891,L3N4,202,L3N4 s202,0.10955810546875,0.23565154646359734,1.184069195510051,-0.10649161507873801,False
abs_energy_error,7522891,L3N5,0,L3N5 s0,1.053630828857422,0.27910872991609503,0.36418024682675726,2.1267548300327555,True
abs_energy_error,7522891,L3N5,1,L3N5 s1,7.322601318359375,0.20622627334078425,0.2853231740266558,24.941454788224657,True
abs_energy_error,7522891,L3N5,2,L3N5 s2,1.845855712890625,0.2711846569232875,0.3596966094728214,4.37777564341017,True
abs_energy_error,7522891,L3N5,3,L3N5 s3,0.6734848022460938,0.21322648383491905,2.6399977202385,0.17434042267642355,False
abs_energy_error,7522891,L3N5,4,L3N5 s4,0.8470802307128906,0.2038352158157795,0.2931835987286264,2.1940006797327873,True
abs_energy_error,7522891,L3N5,7,L3N5 s7,2.3291244506835938,0.21562233584981877,0.4545444467777628,4.649714961465835,True
abs_energy_error,7522891,L3N5,42,L3N5 s42,0.4135589599609375,0.2081716774016153,0.28944413527122254,0.7095921372421826,False
abs_energy_error,7522891,L3N5,1776,L3N5 s1776,1.9206314086914065,0.21555212002652696,0.3658846474755826,4.66015532608175,True
abs_energy_error,7522891,L4N3,7,L4N3 s7,0.6785621643066406,0.20703997271741972,0.2962906576587127,1.5914176819316104,False
abs_energy_error,7522891,L4N3,42,L4N3 s42,0.5273780822753906,0.21443938535493218,0.29780571820573154,1.0508149366838977,False
abs_energy_error,7522891,L4N3,101,L4N3 s101,0.980121612548828,0.2188547617257631,0.3064262554889219,2.484339501549621,True
abs_energy_error,7522891,L4N3,202,L4N3 s202,3.82330322265625,0.21289867895157077,0.36873983530476245,9.79119747320137,True
abs_energy_error,7522891,L4N3,303,L4N3 s303,1.3689498901367188,0.21497051230372163,0.30262715640676385,3.813204973191247,True
abs_energy_error,7522891,L4N3,1776,L4N3 s1776,2.523765563964844,0.20889746330198833,0.2988562265460486,7.745758311333609,True
abs_energy_error,7522891,L4N4,0,L4N4 s0,3.0319366455078125,0.183090003550495,0.2584556041364583,11.0225763975046,True
abs_energy_error,7522891,L4N4,7,L4N4 s7,1.3267898559570312,0.18390466804380995,0.2669865535328786,4.28068444942295,True
abs_energy_error,7522891,L4N4,42,L4N4 s42,1.0997161865234375,0.18831727622949984,0.2736557746567752,3.3304574384992724,True
abs_energy_error,7522891,L4N4,1776,L4N4 s1776,3.7683029174804688,0.18196098293097457,0.4122309731652796,8.699836179246988,True
abs_energy_error,5298929,L3N4,0,L3N4 s0,4.580314636230469,0.1997303498080699,0.2806366299242564,15.609453005492242,True
abs_energy_error,5298929,L3N4,1,L3N4 s1,0.6963424682617188,0.20599446008317174,0.2949561794406318,1.6624435843604466,False
abs_energy_error,5298929,L3N4,7,L3N4 s7,6.373908996582031,0.20470212453629938,0.30088395537312074,20.503608656684303,True
abs_energy_error,5298929,L3N4,42,L3N4 s42,7.70458984375,0.265648224465159,10.080732926707148,0.737936583914118,False
abs_energy_error,5298929,L3N4,101,L3N4 s101,1.0879898071289062,0.19947978295959182,0.28335871310257266,3.13563685563353,True
abs_energy_error,5298929,L3N4,202,L3N4 s202,5.704673767089844,0.23565154646359734,1.184069195510051,4.618836670495767,True
abs_energy_error,5298929,L3N5,0,L3N5 s0,6.8458404541015625,0.27910872991609503,0.36418024682675726,18.031542845620898,True
abs_energy_error,5298929,L3N5,1,L3N5 s1,0.7484207153320312,0.20622627334078425,0.2853231740266558,1.9002818254804408,False
abs_energy_error,5298929,L3N5,2,L3N5 s2,0.0506973266601562,0.2711846569232875,0.3596966094728214,-0.6129813972566548,False
abs_energy_error,5298929,L3N5,3,L3N5 s3,0.3799285888671875,0.21322648383491905,2.6399977202385,0.06314479128308051,False
abs_energy_error,5298929,L3N5,4,L3N5 s4,6.20806884765625,0.2038352158157795,0.2931835987286264,20.479432198381765,True
abs_energy_error,5298929,L3N5,7,L3N5 s7,2.2601852416992188,0.21562233584981877,0.4545444467777628,4.498048365441881,True
abs_energy_error,5298929,L3N5,42,L3N5 s42,7.390907287597656,0.2081716774016153,0.28944413527122254,24.815619786061603,True
abs_energy_error,5298929,L3N5,1776,L3N5 s1776,0.1000900268554687,0.21555212002652696,0.3658846474755826,-0.3155696582725944,False
abs_energy_error,5298929,L4N3,7,L4N3 s7,8.840583801269531,0.20703997271741972,0.2962906576587127,29.138764943769512,True
abs_energy_error,5298929,L4N3,42,L4N3 s42,1.4733123779296875,0.21443938535493218,0.29780571820573154,4.227161923415771,True
abs_energy_error,5298929,L4N3,101,L4N3 s101,2.914100646972656,0.2188547617257631,0.3064262554889219,8.795740694433844,True
abs_energy_error,5298929,L4N3,202,L4N3 s202,1.238037109375,0.21289867895157077,0.36873983530476245,2.7801130560688003,True
abs_energy_error,5298929,L4N3,303,L4N3 s303,0.7398910522460938,0.21497051230372163,0.30262715640676385,1.7345453930010886,False
abs_energy_error,5298929,L4N3,1776,L4N3 s1776,11.309944152832031,0.20889746330198833,0.2988562265460486,37.145107591792346,True
abs_energy_error,5298929,L4N4,0,L4N4 s0,2.116279602050781,0.183090003550495,0.2584556041364583,7.479774350257882,True
abs_energy_error,5298929,L4N4,7,L4N4 s7,6.412361145019531,0.18390466804380995,0.2669865535328786,23.328727213255352,True
abs_energy_error,5298929,L4N4,42,L4N4 s42,0.38824462890625,0.18831727622949984,0.2736557746567752,0.7305796960707415,False
abs_energy_error,5298929,L4N4,1776,L4N4 s1776,0.93682861328125,0.18196098293097457,0.4122309731652796,1.8311764022826575,False
abs_energy_error,3319908,L3N4,0,L3N4 s0,1.5863800048828125,0.1997303498080699,0.2806366299242564,4.9410857572263405,True
abs_energy_error,3319908,L3N4,1,L3N4 s1,0.1653671264648437,0.20599446008317174,0.2949561794406318,-0.1377402354999836,False
abs_energy_error,3319908,L3N4,7,L3N4 s7,4.522239685058594,0.20470212453629938,0.30088395537312074,14.349510777895066,True
abs_energy_error,3319908,L3N4,42,L3N4 s42,6.151634216308594,0.265648224465159,10.080732926707148,0.5838847268981344,False
abs_energy_error,3319908,L3N4,101,L3N4 s101,7.821022033691406,0.19947978295959182,0.28335871310257266,26.897151554937018,True
abs_energy_error,3319908,L3N4,202,L3N4 s202,2.8423843383789062,0.23565154646359734,1.184069195510051,2.2015037649826112,True
abs_energy_error,3319908,L3N5,0,L3N5 s0,1.7538070678710938,0.27910872991609503,0.36418024682675726,4.049363881771769,True
abs_energy_error,3319908,L3N5,1,L3N5 s1,2.3839035034179688,0.20622627334078425,0.2853231740266558,7.632318116136402,True
abs_energy_error,3319908,L3N5,2,L3N5 s2,13.074951171875,0.2711846569232875,0.3596966094728214,35.596016692281786,True
abs_energy_error,3319908,L3N5,3,L3N5 s3,6.402839660644531,0.21322648383491905,2.6399977202385,2.3445524703901772,True
abs_energy_error,3319908,L3N5,4,L3N5 s4,4.492866516113281,0.2038352158157795,0.2931835987286264,14.629165201930245,True
abs_energy_error,3319908,L3N5,7,L3N5 s7,3.39959716796875,0.21562233584981877,0.4545444467777628,7.004760160837802,True
abs_energy_error,3319908,L3N5,42,L3N5 s42,2.6499252319335938,0.2081716774016153,0.28944413527122254,8.436009775233284,True
abs_energy_error,3319908,L3N5,1776,L3N5 s1776,4.219032287597656,0.21555212002652696,0.3658846474755826,10.941918976904606,True
abs_energy_error,3319908,L4N3,7,L4N3 s7,4.267265319824219,0.20703997271741972,0.2962906576587127,13.703521330003044,True
abs_energy_error,3319908,L4N3,42,L4N3 s42,4.652046203613281,0.21443938535493218,0.29780571820573154,14.901012797856152,True
abs_energy_error,3319908,L4N3,101,L4N3 s101,0.114349365234375,0.2188547617257631,0.3064262554889219,-0.3410458295247688,False
abs_energy_error,3319908,L4N3,202,L4N3 s202,9.907096862792969,0.21289867895157077,0.36873983530476245,26.29007570019976,True
abs_energy_error,3319908,L4N3,303,L4N3 s303,0.3454818725585937,0.21497051230372163,0.30262715640676385,0.4312612318223371,False
abs_energy_error,3319908,L4N3,1776,L4N3 s1776,11.187019348144531,0.20889746330198833,0.2988562265460486,36.733790062597215,True
abs_energy_error,3319908,L4N4,0,L4N4 s0,2.447593688964844,0.183090003550495,0.2584556041364583,8.761673762039017,True
abs_energy_error,3319908,L4N4,7,L4N4 s7,6.129180908203125,0.18390466804380995,0.2669865535328786,22.268073659474286,True
abs_energy_error,3319908,L4N4,42,L4N4 s42,2.3132400512695312,0.18831727622949984,0.2736557746567752,7.764947689136668,True
abs_energy_error,3319908,L4N4,1776,L4N4 s1776,6.057060241699219,0.18196098293097457,0.4122309731652796,14.251959802187608,True
abs_energy_error,4157092,L3N4,0,L3N4 s0,5.235687255859375,0.1997303498080699,0.2806366299242564,17.94475976785534,True
abs_energy_error,4157092,L3N4,1,L3N4 s1,6.068145751953125,0.20599446008317174,0.2949561794406318,19.874651560062926,True
abs_energy_error,4157092,L3N4,7,L3N4 s7,0.144378662109375,0.20470212453629938,0.30088395537312074,-0.2004874681739621,False
abs_energy_error,4157092,L3N4,42,L3N4 s42,8.14227294921875,0.265648224465159,10.080732926707148,0.781354369967073,False
abs_energy_error,4157092,L3N4,101,L3N4 s101,4.285064697265625,0.19947978295959182,0.28335871310257266,14.418419922831516,True
abs_energy_error,4157092,L3N4,202,L3N4 s202,6.040679931640625,0.23565154646359734,1.184069195510051,4.9026090765552315,True
abs_energy_error,4157092,L3N5,0,L3N5 s0,8.724090576171875,0.27910872991609503,0.36418024682675726,23.189016757059616,True
abs_energy_error,4157092,L3N5,1,L3N5 s1,6.16925048828125,0.20622627334078425,0.2853231740266558,20.899193468187697,True
abs_energy_error,4157092,L3N5,2,L3N5 s2,13.005584716796877,0.2711846569232875,0.3596966094728214,35.40316957265008,True
abs_energy_error,4157092,L3N5,3,L3N5 s3,0.02734375,0.21322648383491905,2.6399977202385,-0.07041018725505802,False
abs_energy_error,4157092,L3N5,4,L3N5 s4,2.08258056640625,0.2038352158157795,0.2931835987286264,6.408084758961757,True
abs_energy_error,4157092,L3N5,7,L3N5 s7,2.246612548828125,0.21562233584981877,0.4545444467777628,4.46818837492322,True
abs_energy_error,4157092,L3N5,42,L3N5 s42,7.967620849609375,0.2081716774016153,0.28944413527122254,26.808106389638187,True
abs_energy_error,4157092,L3N5,1776,L3N5 s1776,3.844146728515625,0.21555212002652696,0.3658846474755826,9.91731856891113,True
abs_energy_error,4157092,L4N3,7,L4N3 s7,1.997314453125,0.20703997271741972,0.2962906576587127,6.0422913586082,True
abs_energy_error,4157092,L4N3,42,L4N3 s42,3.483917236328125,0.21443938535493218,0.29780571820573154,10.978559682035915,True
abs_energy_error,4157092,L4N3,101,L4N3 s101,4.116607666015625,0.2188547617257631,0.3064262554889219,12.720035683857304,True
abs_energy_error,4157092,L4N3,202,L4N3 s202,3.0386962890625,0.21289867895157077,0.36873983530476245,7.663391203110495,True
abs_energy_error,4157092,L4N3,303,L4N3 s303,2.370452880859375,0.21497051230372163,0.30262715640676385,7.122567565147558,True
abs_energy_error,4157092,L4N3,1776,L4N3 s1776,4.267608642578125,0.20889746330198833,0.2988562265460486,13.580815183888294,True
abs_energy_error,4157092,L4N4,0,L4N4 s0,0.018402099609375,0.183090003550495,0.2584556041364583,-0.6371999728594346,False
abs_energy_error,4157092,L4N4,7,L4N4 s7,4.383880615234375,0.18390466804380995,0.2669865535328786,15.731039228810266,True
abs_energy_error,4157092,L4N4,42,L4N4 s42,1.96795654296875,0.18831727622949984,0.2736557746567752,6.5032037747835245,True
abs_energy_error,4157092,L4N4,1776,L4N4 s1776,6.419647216796875,0.18196098293097457,0.4122309731652796,15.131532174718386,True
abs_energy_error,3838582,L3N4,0,L3N4 s0,1.645751953125,0.1997303498080699,0.2806366299242564,5.15264740638886,True
abs_energy_error,3838582,L3N4,1,L3N4 s1,6.04876708984375,0.20599446008317174,0.2949561794406318,19.80895142065196,True
abs_energy_error,3838582,L3N4,7,L3N4 s7,4.77191162109375,0.20470212453629938,0.30088395537312074,15.179305559492983,True
abs_energy_error,3838582,L3N4,42,L3N4 s42,8.9893798828125,0.265648224465159,10.080732926707148,0.8653866461669003,False
abs_energy_error,3838582,L3N4,101,L3N4 s101,7.71026611328125,0.19947978295959182,0.28335871310257266,26.506283318709308,True
abs_energy_error,3838582,L3N4,202,L3N4 s202,7.63458251953125,0.23565154646359734,1.184069195510051,6.248731916280011,True
abs_energy_error,3838582,L3N5,0,L3N5 s0,12.9395751953125,0.27910872991609503,0.36418024682675726,34.76428657433215,True
abs_energy_error,3838582,L3N5,1,L3N5 s1,9.35308837890625,0.20622627334078425,0.2853231740266558,32.05790113883612,True
abs_energy_error,3838582,L3N5,2,L3N5 s2,5.30615234375,0.2711846569232875,0.3596966094728214,13.997818033942725,True
abs_energy_error,3838582,L3N5,3,L3N5 s3,9.208251953125,0.21322648383491905,2.6399977202385,3.407209559437597,True
abs_energy_error,3838582,L3N5,4,L3N5 s4,9.99810791015625,0.2038352158157795,0.2931835987286264,33.4066187085934,True
abs_energy_error,3838582,L3N5,7,L3N5 s7,8.7518310546875,0.21562233584981877,0.4545444467777628,18.779700817709536,True
abs_energy_error,3838582,L3N5,42,L3N5 s42,8.52740478515625,0.2081716774016153,0.28944413527122254,28.74210285849851,True
abs_energy_error,3838582,L3N5,1776,L3N5 s1776,5.2305908203125,0.21555212002652696,0.3658846474755826,13.706611454968613,True
abs_energy_error,3838582,L4N3,7,L4N3 s7,1.37957763671875,0.20703997271741972,0.2962906576587127,3.957389926725051,True
abs_energy_error,3838582,L4N3,42,L4N3 s42,1.04290771484375,0.21443938535493218,0.29780571820573154,2.7819087372811673,True
abs_energy_error,3838582,L4N3,101,L4N3 s101,4.171875,0.2188547617257631,0.3064262554889219,12.900396645081704,True
abs_energy_error,3838582,L4N3,202,L4N3 s202,5.7169189453125,0.21289867895157077,0.36873983530476245,14.926568109496149,True
abs_energy_error,3838582,L4N3,303,L4N3 s303,5.576904296875,0.21497051230372163,0.30262715640676385,17.717953167971007,True
abs_energy_error,3838582,L4N3,1776,L4N3 s1776,1.130615234375,0.20889746330198833,0.2988562265460486,3.0841511375738087,True
abs_energy_error,3838582,L4N4,0,L4N4 s0,3.59173583984375,0.183090003550495,0.2584556041364583,13.188515867868636,True
abs_energy_error,3838582,L4N4,7,L4N4 s7,6.4635009765625,0.18390466804380995,0.2669865535328786,23.520271809289365,True
abs_energy_error,3838582,L4N4,42,L4N4 s42,6.66497802734375,0.18831727622949984,0.2736557746567752,23.667181002255163,True
abs_energy_error,3838582,L4N4,1776,L4N4 s1776,1.9658203125,0.18196098293097457,0.4122309731652796,4.327329690614504,True
abs_energy_error,5790076,L3N4,0,L3N4 s0,3.83343505859375,0.1997303498080699,0.2806366299242564,12.948077055252602,True
abs_energy_error,5790076,L3N4,1,L3N4 s1,5.79937744140625,0.20599446008317174,0.2949561794406318,18.96343718558676,True
abs_energy_error,5790076,L3N4,7,L3N4 s7,3.185302734375,0.20470212453629938,0.30088395537312074,9.906146727373722,True
abs_energy_error,5790076,L3N4,42,L3N4 s42,2.74859619140625,0.265648224465159,10.080732926707148,0.2463062938968408,False
abs_energy_error,5790076,L3N4,101,L3N4 s101,4.3765869140625,0.19947978295959182,0.28335871310257266,14.741410579426379,True
abs_energy_error,5790076,L3N4,202,L3N4 s202,7.09014892578125,0.23565154646359734,1.184069195510051,5.788933117515147,True
abs_energy_error,5790076,L3N5,0,L3N5 s0,7.64105224609375,0.27910872991609503,0.36418024682675726,20.215109359513878,True
abs_energy_error,5790076,L3N5,1,L3N5 s1,6.5311279296875,0.20622627334078425,0.2853231740266558,22.16750068732876,True
abs_energy_error,5790076,L3N5,2,L3N5 s2,7.90484619140625,0.2711846569232875,0.3596966094728214,21.22250066707888,True
abs_energy_error,5790076,L3N5,3,L3N5 s3,0.567626953125,0.21322648383491905,2.6399977202385,0.1342427179285837,False
abs_energy_error,5790076,L3N5,4,L3N5 s4,8.39068603515625,0.2038352158157795,0.2931835987286264,27.923972742139302,True
abs_energy_error,5790076,L3N5,7,L3N5 s7,0.02032470703125,0.21562233584981877,0.4545444467777628,-0.42965573598582374,False
abs_energy_error,5790076,L3N5,42,L3N5 s42,4.01171875,0.2081716774016153,0.28944413527122254,13.140867646305168,True
abs_energy_error,5790076,L3N5,1776,L3N5 s1776,10.34185791015625,0.21555212002652696,0.3658846474755826,27.67622489764484,True
abs_energy_error,5790076,L4N3,7,L4N3 s7,6.4954833984375,0.20703997271741972,0.2962906576587127,21.223900461159758,True
abs_energy_error,5790076,L4N3,42,L4N3 s42,8.18402099609375,0.21443938535493218,0.29780571820573154,26.7610093545391,True
abs_energy_error,5790076,L4N3,101,L4N3 s101,8.15704345703125,0.2188547617257631,0.3064262554889219,25.905706685086827,True
abs_energy_error,5790076,L4N3,202,L4N3 s202,5.92828369140625,0.21289867895157077,0.36873983530476245,15.499776441921252,True
abs_energy_error,5790076,L4N3,303,L4N3 s303,9.54962158203125,0.21497051230372163,0.30262715640676385,30.845384732032244,True
abs_energy_error,5790076,L4N3,1776,L4N3 s1776,10.54583740234375,0.20889746330198833,0.2988562265460486,34.58833720317022,True
abs_energy_error,5790076,L4N4,0,L4N4 s0,4.02142333984375,0.183090003550495,0.2584556041364583,14.851035438437265,True
abs_energy_error,5790076,L4N4,7,L4N4 s7,6.7178955078125,0.18390466804380995,0.2669865535328786,24.473108301928207,True
abs_energy_error,5790076,L4N4,42,L4N4 s42,3.763671875,0.18831727622949984,0.2736557746567752,13.065153122585425,True
abs_energy_error,5790076,L4N4,1776,L4N4 s1776,2.58026123046875,0.18196098293097457,0.4122309731652796,5.817855531627417,True
abs_energy_error,7237219,L3N4,0,L3N4 s0,1.089447021484375,0.1997303498080699,0.2806366299242564,3.170351183009997,True
abs_energy_error,7237219,L3N4,1,L3N4 s1,1.683441162109375,0.20599446008317174,0.2949561794406318,5.009037969057301,True
abs_energy_error,7237219,L3N4,7,L3N4 s7,2.336822509765625,0.20470212453629938,0.30088395537312074,7.08618836981627,True
abs_energy_error,7237219,L3N4,42,L3N4 s42,0.49432373046875,0.265648224465159,10.080732926707148,0.02268441269758819,False
abs_energy_error,7237219,L3N4,101,L3N4 s101,9.82049560546875,0.19947978295959182,0.28335871310257266,33.9534850266858,True
abs_energy_error,7237219,L3N4,202,L3N4 s202,2.029052734375,0.23565154646359734,1.184069195510051,1.5146084322706115,False
abs_energy_error,7237219,L3N5,0,L3N5 s0,0.48370361328125,0.27910872991609503,0.36418024682675726,0.5617956634053302,False
abs_energy_error,7237219,L3N5,1,L3N5 s1,1.721832275390625,0.20622627334078425,0.2853231740266558,5.311892408389681,True
abs_energy_error,7237219,L3N5,2,L3N5 s2,4.117462158203125,0.2711846569232875,0.3596966094728214,10.693115809228837,True
abs_energy_error,7237219,L3N5,3,L3N5 s3,2.44049072265625,0.21322648383491905,2.6399977202385,0.8436614250636996,False
abs_energy_error,7237219,L3N5,4,L3N5 s4,4.193115234375,0.2038352158157795,0.2931835987286264,13.606763938564438,True
abs_energy_error,7237219,L3N5,7,L3N5 s7,1.4661865234375,0.21562233584981877,0.4545444467777628,2.7512473124528363,True
abs_energy_error,7237219,L3N5,42,L3N5 s42,0.147674560546875,0.2081716774016153,0.28944413527122254,-0.20901137553901966,False
abs_energy_error,7237219,L3N5,1776,L3N5 s1776,4.301025390625,0.21555212002652696,0.3658846474755826,11.166014476929147,True
abs_energy_error,7237219,L4N3,7,L4N3 s7,2.068572998046875,0.20703997271741972,0.2962906576587127,6.282793524572391,True
abs_energy_error,7237219,L4N3,42,L4N3 s42,1.579071044921875,0.21443938535493218,0.29780571820573154,4.582288304565803,True
abs_energy_error,7237219,L4N3,101,L4N3 s101,1.311248779296875,0.2188547617257631,0.3064262554889219,3.564949145196877,True
abs_energy_error,7237219,L4N3,202,L4N3 s202,2.591094970703125,0.21289867895157077,0.36873983530476245,6.449523658831115,True
abs_energy_error,7237219,L4N3,303,L4N3 s303,1.673980712890625,0.21497051230372163,0.30262715640676385,4.821147638931104,True
abs_energy_error,7237219,L4N3,1776,L4N3 s1776,0.53582763671875,0.20889746330198833,0.2988562265460486,1.0939379687523003,False
abs_energy_error,7237219,L4N4,0,L4N4 s0,0.657257080078125,0.183090003550495,0.2584556041364583,1.8346171216209393,False
abs_energy_error,7237219,L4N4,7,L4N4 s7,1.146820068359375,0.18390466804380995,0.2669865535328786,3.6066063536678636,True
abs_energy_error,7237219,L4N4,42,L4N4 s42,0.115936279296875,0.18831727622949984,0.2736557746567752,-0.2644965085184356,False
abs_energy_error,7237219,L4N4,1776,L4N4 s1776,1.3271484375,0.18196098293097457,0.4122309731652796,2.778023800045405,True
abs_energy_error,7456312,L3N4,0,L3N4 s0,3.140449523925781,0.1997303498080699,0.2806366299242564,10.478743187984435,True
abs_energy_error,7456312,L3N4,1,L3N4 s1,1.0306243896484375,0.20599446008317174,0.2949561794406318,2.795770989199586,True
abs_energy_error,7456312,L3N4,7,L3N4 s7,0.8839035034179688,0.20470212453629938,0.30088395537312074,2.257353264448428,True
abs_energy_error,7456312,L3N4,42,L3N4 s42,5.598670959472656,0.265648224465159,10.080732926707148,0.5290312493924506,False
abs_energy_error,7456312,L3N4,101,L3N4 s101,0.6300888061523438,0.19947978295959182,0.28335871310257266,1.5196604278650727,False
abs_energy_error,7456312,L3N4,202,L3N4 s202,3.2271041870117188,0.23565154646359734,1.184069195510051,2.5264170809371658,True
abs_energy_error,7456312,L3N5,0,L3N5 s0,0.5442733764648438,0.27910872991609503,0.36418024682675726,0.7281137537228622,False
abs_energy_error,7456312,L3N5,1,L3N5 s1,3.415122985839844,0.20622627334078425,0.2853231740266558,11.246533771558543,True
abs_energy_error,7456312,L3N5,2,L3N5 s2,1.4833221435546875,0.2711846569232875,0.3596966094728214,3.369888552488535,True
abs_energy_error,7456312,L3N5,3,L3N5 s3,4.90618896484375,0.21322648383491905,2.6399977202385,1.7776388384853845,False
abs_energy_error,7456312,L3N5,4,L3N5 s4,1.2094802856445312,0.2038352158157795,0.2931835987286264,3.430086383377764,True
abs_energy_error,7456312,L3N5,7,L3N5 s7,1.898643493652344,0.21562233584981877,0.4545444467777628,3.702654756280397,True
abs_energy_error,7456312,L3N5,42,L3N5 s42,3.3593673706054688,0.2081716774016153,0.28944413527122254,10.88706008933654,True
abs_energy_error,7456312,L3N5,1776,L3N5 s1776,0.7887191772460938,0.21555212002652696,0.3658846474755826,1.5665239336335295,False
abs_energy_error,7456312,L4N3,7,L4N3 s7,3.4097213745117188,0.20703997271741972,0.2962906576587127,10.809255435530337,True
abs_energy_error,7456312,L4N3,42,L4N3 s42,6.051811218261719,0.21443938535493218,0.29780571820573154,19.601275180600076,True
abs_energy_error,7456312,L4N3,101,L4N3 s101,8.76177978515625,0.2188547617257631,0.3064262554889219,27.879220107297026,True
abs_energy_error,7456312,L4N3,202,L4N3 s202,2.88800048828125,0.21289867895157077,0.36873983530476245,7.254713359403427,True
abs_energy_error,7456312,L4N3,303,L4N3 s303,6.700645446777344,0.21497051230372163,0.30262715640676385,21.431239058256125,True
abs_energy_error,7456312,L4N3,1776,L4N3 s1776,9.156570434570312,0.20889746330198833,0.2988562265460486,29.939724109745598,True
abs_energy_error,7456312,L4N4,0,L4N4 s0,1.0478591918945312,0.183090003550495,0.2584556041364583,3.3459099919050668,True
abs_energy_error,7456312,L4N4,7,L4N4 s7,3.1846847534179688,0.18390466804380995,0.2669865535328786,11.239442757197214,True
abs_energy_error,7456312,L4N4,42,L4N4 s42,6.295623779296875,0.18831727622949984,0.2736557746567752,22.317477168999215,True
abs_energy_error,7456312,L4N4,1776,L4N4 s1776,3.974319458007813,0.18196098293097457,0.4122309731652796,9.199596153480522,True
abs_energy_error,7012853,L3N4,0,L3N4 s0,3.6132736206054688,0.1997303498080699,0.2806366299242564,12.163569922139926,True
abs_energy_error,7012853,L3N4,1,L3N4 s1,8.934295654296875,0.20599446008317174,0.2949561794406318,29.591857376124302,True
abs_energy_error,7012853,L3N4,7,L3N4 s7,6.007354736328125,0.20470212453629938,0.30088395537312074,19.285350741271866,True
abs_energy_error,7012853,L3N4,42,L3N4 s42,6.8065032958984375,0.265648224465159,10.080732926707148,0.6488471740089871,False
abs_energy_error,7012853,L3N4,101,L3N4 s101,4.423820495605469,0.19947978295959182,0.28335871310257266,14.908102406283563,True
abs_energy_error,7012853,L3N4,202,L3N4 s202,2.0390625,0.23565154646359734,1.184069195510051,1.5230621321582167,False
abs_energy_error,7012853,L3N5,0,L3N5 s0,6.5580596923828125,0.27910872991609503,0.36418024682675726,17.241327658975564,True
abs_energy_error,7012853,L3N5,1,L3N5 s1,6.280853271484375,0.20622627334078425,0.2853231740266558,21.290338644473653,True
abs_energy_error,7012853,L3N5,2,L3N5 s2,2.9191207885742188,0.2711846569232875,0.3596966094728214,7.361582127593028,True
abs_energy_error,7012853,L3N5,3,L3N5 s3,3.034759521484375,0.21322648383491905,2.6399977202385,1.068763437187573,False
abs_energy_error,7012853,L3N5,4,L3N5 s4,3.7420883178710938,0.2038352158157795,0.2931835987286264,12.068386899535794,True
abs_energy_error,7012853,L3N5,7,L3N5 s7,4.919708251953125,0.21562233584981877,0.4545444467777628,10.349011960107042,True
abs_energy_error,7012853,L3N5,42,L3N5 s42,5.314300537109375,0.2081716774016153,0.28944413527122254,17.64115501916486,True
abs_energy_error,7012853,L3N5,1776,L3N5 s1776,0.7433319091796875,0.21555212002652696,0.3658846474755826,1.4424759081709821,False
abs_energy_error,7012853,L4N3,7,L4N3 s7,3.7067642211914062,0.20703997271741972,0.2962906576587127,11.811794121788347,True
abs_energy_error,7012853,L4N3,42,L4N3 s42,5.024635314941406,0.21443938535493218,0.29780571820573154,16.152127496301034,True
abs_energy_error,7012853,L4N3,101,L4N3 s101,3.72186279296875,0.2188547617257631,0.3064262554889219,11.431814240766421,True
abs_energy_error,7012853,L4N3,202,L4N3 s202,0.194488525390625,0.21289867895157077,0.36873983530476245,-0.04992721642273836,False
abs_energy_error,7012853,L4N3,303,L4N3 s303,0.0024261474609375,0.21497051230372163,0.30262715640676385,-0.7023307735050102,False
abs_energy_error,7012853,L4N3,1776,L4N3 s1776,0.8635635375976562,0.20889746330198833,0.2988562265460486,2.190571974563813,True
abs_energy_error,7012853,L4N4,0,L4N4 s0,3.375518798828125,0.183090003550495,0.2584556041364583,12.35194263225225,True
abs_energy_error,7012853,L4N4,7,L4N4 s7,4.155670166015625,0.18390466804380995,0.2669865535328786,14.87627539820167,True
abs_energy_error,7012853,L4N4,42,L4N4 s42,4.0673675537109375,0.18831727622949984,0.2736557746567752,14.174925715880192,True
abs_energy_error,7012853,L4N4,1776,L4N4 s1776,7.543182373046875,0.18196098293097457,0.4122309731652796,17.857031298724117,True
abs_energy_error,6260202,L3N4,0,L3N4 s0,1.5061874389648438,0.1997303498080699,0.2806366299242564,4.655333444922658,True
abs_energy_error,6260202,L3N4,1,L3N4 s1,5.138580322265625,0.20599446008317174,0.2949561794406318,16.723114164066104,True
abs_energy_error,6260202,L3N4,7,L3N4 s7,0.9714202880859376,0.20470212453629938,0.30088395537312074,2.5482188393822627,True
abs_energy_error,6260202,L3N4,42,L3N4 s42,0.458099365234375,0.265648224465159,10.080732926707148,0.019090986951886223,False
abs_energy_error,6260202,L3N4,101,L3N4 s101,7.831153869628906,0.19947978295959182,0.28335871310257266,26.932907773006207,True
abs_energy_error,6260202,L3N4,202,L3N4 s202,3.3121070861816406,0.23565154646359734,1.184069195510051,2.598205874609233,True
abs_energy_error,6260202,L3N5,0,L3N5 s0,3.135791778564453,0.27910872991609503,0.36418024682675726,7.844146061022633,True
abs_energy_error,6260202,L3N5,1,L3N5 s1,1.4241981506347656,0.20622627334078425,0.2853231740266558,4.268745016765426,True
abs_energy_error,6260202,L3N5,2,L3N5 s2,0.1952705383300781,0.2711846569232875,0.3596966094728214,-0.21105041469384628,False
abs_energy_error,6260202,L3N5,3,L3N5 s3,0.6558189392089844,0.21322648383491905,2.6399977202385,0.16764880211111738,False
abs_energy_error,6260202,L3N5,4,L3N5 s4,3.354408264160156,0.2038352158157795,0.2931835987286264,10.746075367130537,True
abs_energy_error,6260202,L3N5,7,L3N5 s7,1.0799942016601562,0.21562233584981877,0.4545444467777628,1.9016223208485235,False
abs_energy_error,6260202,L3N5,42,L3N5 s42,1.5707893371582031,0.2081716774016153,0.28944413527122254,4.70770519665134,True
abs_energy_error,6260202,L3N5,1776,L3N5 s1776,1.4442825317382812,0.21555212002652696,0.3658846474755826,3.35824533822167,True
abs_energy_error,6260202,L4N3,7,L4N3 s7,2.556480407714844,0.20703997271741972,0.2962906576587127,7.929512369923138,True
abs_energy_error,6260202,L4N3,42,L4N3 s42,3.328845977783203,0.21443938535493218,0.29780571820573154,10.457846851270876,True
abs_energy_error,6260202,L4N3,101,L4N3 s101,9.247272491455078,0.2188547617257631,0.3064262554889219,29.46359056381745,True
abs_energy_error,6260202,L4N3,202,L4N3 s202,1.5147857666015625,0.21289867895157077,0.36873983530476245,3.530638577668143,True
abs_energy_error,6260202,L4N3,303,L4N3 s303,3.991508483886719,0.21497051230372163,0.30262715640676385,12.479177402397157,True
abs_energy_error,6260202,L4N3,1776,L4N3 s1776,1.5022315979003906,0.20889746330198833,0.2988562265460486,4.327613145443774,True
abs_energy_error,6260202,L4N4,0,L4N4 s0,1.950122833251953,0.183090003550495,0.2584556041364583,6.836891138829814,True
abs_energy_error,6260202,L4N4,7,L4N4 s7,0.5463905334472656,0.18390466804380995,0.2669865535328786,1.3576933392595618,False
abs_energy_error,6260202,L4N4,42,L4N4 s42,0.3490524291992187,0.18831727622949984,0.2736557746567752,0.587362547606811,False
abs_energy_error,6260202,L4N4,1776,L4N4 s1776,0.0082817077636718,0.18196098293097457,0.4122309731652796,-0.4213154432179649,False
abs_energy_error,4141669,L3N4,0,L3N4 s0,6.2928466796875,0.1997303498080699,0.2806366299242564,21.711764182473104,True
abs_energy_error,4141669,L3N4,1,L3N4 s1,0.10101318359375,0.20599446008317174,0.2949561794406318,-0.35592160397694655,False
abs_energy_error,4141669,L3N4,7,L3N4 s7,2.58447265625,0.20470212453629938,0.30088395537312074,7.909263652036848,True
abs_energy_error,4141669,L3N4,42,L3N4 s42,4.07818603515625,0.265648224465159,10.080732926707148,0.3782004580828082,False
abs_energy_error,4141669,L3N4,101,L3N4 s101,3.75921630859375,0.19947978295959182,0.28335871310257266,12.562650665150267,True
abs_energy_error,4141669,L3N4,202,L3N4 s202,7.9654541015625,0.23565154646359734,1.184069195510051,6.528167935125787,True
abs_energy_error,4141669,L3N5,0,L3N5 s0,6.27923583984375,0.27910872991609503,0.36418024682675726,16.47570718678202,True
abs_energy_error,4141669,L3N5,1,L3N5 s1,3.92938232421875,0.20622627334078425,0.2853231740266558,13.04890871054917,True
abs_energy_error,4141669,L3N5,2,L3N5 s2,5.985107421875,0.2711846569232875,0.3596966094728214,15.885395120421494,True
abs_energy_error,4141669,L3N5,3,L3N5 s3,5.03021240234375,0.21322648383491905,2.6399977202385,1.824617453864187,False
abs_energy_error,4141669,L3N5,4,L3N5 s4,2.35009765625,0.2038352158157795,0.2931835987286264,7.320540609165596,True
abs_energy_error,4141669,L3N5,7,L3N5 s7,7.8857421875,0.21562233584981877,0.4545444467777628,16.8743010854564,True
abs_energy_error,4141669,L3N5,42,L3N5 s42,0.65045166015625,0.2081716774016153,0.28944413527122254,1.5280322827760802,False
abs_energy_error,4141669,L3N5,1776,L3N5 s1776,4.22723388671875,0.21555212002652696,0.3658846474755826,10.96433478248071,True
abs_energy_error,4141669,L4N3,7,L4N3 s7,4.1339111328125,0.20703997271741972,0.2962906576587127,13.253442383655281,True
abs_energy_error,4141669,L4N3,42,L4N3 s42,0.20989990234375,0.21443938535493218,0.29780571820573154,-0.015243102243074427,False
abs_energy_error,4141669,L4N3,101,L4N3 s101,3.36651611328125,0.2188547617257631,0.3064262554889219,10.272165962192764,True
abs_energy_error,4141669,L4N3,202,L4N3 s202,0.52685546875,0.21289867895157077,0.36873983530476245,0.8514317134706773,False
abs_energy_error,4141669,L4N3,303,L4N3 s303,9.01025390625,0.21497051230372163,0.30262715640676385,29.063100279488662,True
abs_energy_error,4141669,L4N3,1776,L4N3 s1776,5.4183349609375,0.20889746330198833,0.2988562265460486,17.431249660889456,True
abs_energy_error,4141669,L4N4,0,L4N4 s0,4.83209228515625,0.183090003550495,0.2584556041364583,17.987624207796998,True
abs_energy_error,4141669,L4N4,7,L4N4 s7,7.1646728515625,0.18390466804380995,0.2669865535328786,26.146515961744978,True
abs_energy_error,4141669,L4N4,42,L4N4 s42,3.49310302734375,0.18831727622949984,0.2736557746567752,12.076433450962917,True
abs_energy_error,4141669,L4N4,1776,L4N4 s1776,10.69842529296875,0.18196098293097457,0.4122309731652796,25.51109692046675,True
abs_energy_error,3401393,L3N4,0,L3N4 s0,5.037932395935059,0.1997303498080699,0.2806366299242564,17.240094592900487,True
abs_energy_error,3401393,L3N4,1,L3N4 s1,3.775923728942871,0.20599446008317174,0.2949561794406318,12.103253017549504,True
abs_energy_error,3401393,L3N4,7,L3N4 s7,3.1832056045532227,0.20470212453629938,0.30088395537312074,9.89917683155732,True
abs_energy_error,3401393,L3N4,42,L3N4 s42,3.628727912902832,0.265648224465159,10.080732926707148,0.33361460053442926,False
abs_energy_error,3401393,L3N4,101,L3N4 s101,3.532851219177246,0.19947978295959182,0.28335871310257266,11.763786614216487,True
abs_energy_error,3401393,L3N4,202,L3N4 s202,5.147652626037598,0.23565154646359734,1.184069195510051,4.148407118604331,True
abs_energy_error,3401393,L3N5,0,L3N5 s0,3.381985664367676,0.27910872991609503,0.36418024682675726,8.520168135114803,True
abs_energy_error,3401393,L3N5,1,L3N5 s1,8.282750129699707,0.20622627334078425,0.2853231740266558,28.306582120120353,True
abs_energy_error,3401393,L3N5,2,L3N5 s2,5.295222282409668,0.2711846569232875,0.3596966094728214,13.967431143845674,True
abs_energy_error,3401393,L3N5,3,L3N5 s3,6.933555603027344,0.21322648383491905,2.6399977202385,2.5455814100420144,True
abs_energy_error,3401393,L3N5,4,L3N5 s4,2.718876838684082,0.2038352158157795,0.2931835987286264,8.578384445018868,True
abs_energy_error,3401393,L3N5,7,L3N5 s7,4.867884635925293,0.21562233584981877,0.4545444467777628,10.234999752070609,True
abs_energy_error,3401393,L3N5,42,L3N5 s42,4.0169172286987305,0.2081716774016153,0.28944413527122254,13.15882786060994,True
abs_energy_error,3401393,L3N5,1776,L3N5 s1776,4.982569694519043,0.21555212002652696,0.3658846474755826,13.028744461902146,True
abs_energy_error,3401393,L4N3,7,L4N3 s7,4.537238121032715,0.20703997271741972,0.2962906576587127,14.614696874118474,True
abs_energy_error,3401393,L4N3,42,L4N3 s42,1.9445781707763672,0.21443938535493218,0.29780571820573154,5.80962244729704,True
abs_energy_error,3401393,L4N3,101,L4N3 s101,1.8099908828735352,0.2188547617257631,0.3064262554889219,5.1925580548214345,True
abs_energy_error,3401393,L4N3,202,L4N3 s202,2.63137149810791,0.21289867895157077,0.36873983530476245,6.558751150814716,True
abs_energy_error,3401393,L4N3,303,L4N3 s303,2.0940160751342773,0.21497051230372163,0.30262715640676385,6.20911085819712,True
abs_energy_error,3401393,L4N3,1776,L4N3 s1776,4.604672431945801,0.20889746330198833,0.2988562265460486,14.70866114936541,True
abs_energy_error,3401393,L4N4,0,L4N4 s0,3.554274559020996,0.183090003550495,0.2584556041364583,13.043573060581025,True
abs_energy_error,3401393,L4N4,7,L4N4 s7,4.495543479919434,0.18390466804380995,0.2669865535328786,16.149273267968752,True
abs_energy_error,3401393,L4N4,42,L4N4 s42,4.494236946105957,0.18831727622949984,0.2736557746567752,15.734802875170573,True
abs_energy_error,3401393,L4N4,1776,L4N4 s1776,5.427195549011231,0.18196098293097457,0.4122309731652796,12.724018590367384,True
abs_energy_error,5813022,L3N4,0,L3N4 s0,4.743621826171875,0.1997303498080699,0.2806366299242564,16.191369877803183,True
abs_energy_error,5813022,L3N4,1,L3N4 s1,2.326080322265625,0.20599446008317174,0.2949561794406318,7.187799442625952,True
abs_energy_error,5813022,L3N4,7,L3N4 s7,1.943634033203125,0.20470212453629938,0.30088395537312074,5.7794105588329145,True
abs_energy_error,5813022,L3N4,42,L3N4 s42,6.699920654296875,0.265648224465159,10.080732926707148,0.6382742680133139,False
abs_energy_error,5813022,L3N4,101,L3N4 s101,2.1812744140625,0.19947978295959182,0.28335871310257266,6.99394279923032,True
abs_energy_error,5813022,L3N4,202,L3N4 s202,0.756256103515625,0.23565154646359734,1.184069195510051,0.43967409930614015,False
abs_energy_error,5813022,L3N5,0,L3N5 s0,0.798492431640625,0.27910872991609503,0.36418024682675726,1.4261720844283021,False
abs_energy_error,5813022,L3N5,1,L3N5 s1,2.862548828125,0.20622627334078425,0.2853231740266558,9.309873142432005,True
abs_energy_error,5813022,L3N5,2,L3N5 s2,4.742584228515625,0.2711846569232875,0.3596966094728214,12.43103063480557,True
abs_energy_error,5813022,L3N5,3,L3N5 s3,5.18524169921875,0.21322648383491905,2.6399977202385,1.8833407230876902,False
abs_energy_error,5813022,L3N5,4,L3N5 s4,3.03875732421875,0.2038352158157795,0.2931835987286264,9.66944304079916,True
abs_energy_error,5813022,L3N5,7,L3N5 s7,1.152984619140625,0.21562233584981877,0.4545444467777628,2.062201595324085,True
abs_energy_error,5813022,L3N5,42,L3N5 s42,3.241119384765625,0.2081716774016153,0.28944413527122254,10.478525344871809,True
abs_energy_error,5813022,L3N5,1776,L3N5 s1776,0.305908203125,0.21555212002652696,0.3658846474755826,0.2469523761706973,False
abs_energy_error,5813022,L4N3,7,L4N3 s7,2.05206298828125,0.20703997271741972,0.2962906576587127,6.2270711811948205,True
abs_energy_error,5813022,L4N3,42,L4N3 s42,4.437225341796875,0.21443938535493218,0.29780571820573154,14.179667139650885,True
abs_energy_error,5813022,L4N3,101,L4N3 s101,3.856292724609375,0.2188547617257631,0.3064262554889219,11.870516634026208,True
abs_energy_error,5813022,L4N3,202,L4N3 s202,1.288818359375,0.21289867895157077,0.36873983530476245,2.917828716645666,True
abs_energy_error,5813022,L4N3,303,L4N3 s303,8.703826904296875,0.21497051230372163,0.30262715640676385,28.05054408462671,True
abs_energy_error,5813022,L4N3,1776,L4N3 s1776,2.738494873046875,0.20889746330198833,0.2988562265460486,8.464262026527058,True
abs_energy_error,5813022,L4N4,0,L4N4 s0,2.170745849609375,0.183090003550495,0.2584556041364583,7.690511694261603,True
abs_energy_error,5813022,L4N4,7,L4N4 s7,2.599761962890625,0.18390466804380995,0.2669865535328786,9.048610362129377,True
abs_energy_error,5813022,L4N4,42,L4N4 s42,0.218414306640625,0.18831727622949984,0.2736557746567752,0.10998134590389508,False
abs_energy_error,5813022,L4N4,1776,L4N4 s1776,3.218780517578125,0.18196098293097457,0.4122309731652796,7.366791270750949,True
abs_energy_error,7711314,L3N4,0,L3N4 s0,7.9407196044921875,0.1997303498080699,0.2806366299242564,27.583673794733794,True
abs_energy_error,7711314,L3N4,1,L3N4 s1,0.7080764770507812,0.20599446008317174,0.2949561794406318,1.7022257947596842,False
abs_energy_error,7711314,L3N4,7,L3N4 s7,2.7721824645996094,0.20470212453629938,0.30088395537312074,8.533124795170366,True
abs_energy_error,7711314,L3N4,42,L3N4 s42,2.367050170898437,0.265648224465159,10.080732926707148,0.2084572581886362,False
abs_energy_error,7711314,L3N4,101,L3N4 s101,1.5495109558105469,0.19947978295959182,0.28335871310257266,4.7643891308973405,True
abs_energy_error,7711314,L3N4,202,L3N4 s202,0.9439544677734376,0.23565154646359734,1.184069195510051,0.5981938589363698,False
abs_energy_error,7711314,L3N5,0,L3N5 s0,2.0952911376953125,0.27910872991609503,0.36418024682675726,4.987042607621677,True
abs_energy_error,7711314,L3N5,1,L3N5 s1,0.763885498046875,0.20622627334078425,0.2853231740266558,1.9544827601489967,False
abs_energy_error,7711314,L3N5,2,L3N5 s2,4.829185485839844,0.2711846569232875,0.3596966094728214,12.671792585414844,True
abs_energy_error,7711314,L3N5,3,L3N5 s3,1.9385299682617188,0.21322648383491905,2.6399977202385,0.6535246114799426,False
abs_energy_error,7711314,L3N5,4,L3N5 s4,1.3468017578125,0.2038352158157795,0.2931835987286264,3.898466854739243,True
abs_energy_error,7711314,L3N5,7,L3N5 s7,1.7667808532714844,0.21562233584981877,0.4545444467777628,3.4125563042684415,True
abs_energy_error,7711314,L3N5,42,L3N5 s42,2.748668670654297,0.2081716774016153,0.28944413527122254,8.777158296443348,True
abs_energy_error,7711314,L3N5,1776,L3N5 s1776,3.0922508239746094,0.21555212002652696,0.3658846474755826,7.862310495386554,True
abs_energy_error,7711314,L4N3,7,L4N3 s7,0.4460220336914062,0.20703997271741972,0.2962906576587127,0.8065798053250194,False
abs_energy_error,7711314,L4N3,42,L4N3 s42,0.050750732421875,0.21443938535493218,0.29780571820573154,-0.549649126683246,False
abs_energy_error,7711314,L4N3,101,L4N3 s101,2.1009979248046875,0.2188547617257631,0.3064262554889219,6.142238562670975,True
abs_energy_error,7711314,L4N3,202,L4N3 s202,5.945137023925781,0.21289867895157077,0.36873983530476245,15.545481654393352,True
abs_energy_error,7711314,L4N3,303,L4N3 s303,1.9224891662597656,0.21497051230372163,0.30262715640676385,5.642318006851154,True
abs_energy_error,7711314,L4N3,1776,L4N3 s1776,0.6105422973632812,0.20889746330198833,0.2988562265460486,1.3439399898178344,False
abs_energy_error,7711314,L4N4,0,L4N4 s0,1.7463607788085938,0.183090003550495,0.2584556041364583,6.0485079458084785,True
abs_energy_error,7711314,L4N4,7,L4N4 s7,0.1445846557617187,0.18390466804380995,0.2669865535328786,-0.14727338048224634,False
abs_energy_error,7711314,L4N4,42,L4N4 s42,0.47479248046875,0.18831727622949984,0.2736557746567752,1.0468450906930553,False
abs_energy_error,7711314,L4N4,1776,L4N4 s1776,0.3520927429199219,0.18196098293097457,0.4122309731652796,0.4127097939356798,False
abs_energy_error,5122175,L3N4,0,L3N4 s0,3.322174072265625,0.1997303498080699,0.2806366299242564,11.12628712545579,True
abs_energy_error,5122175,L3N4,1,L3N4 s1,3.28399658203125,0.20599446008317174,0.2949561794406318,10.435455625257083,True
abs_energy_error,5122175,L3N4,7,L3N4 s7,5.359588623046875,0.20470212453629938,0.30088395537312074,17.13247385397501,True
abs_energy_error,5122175,L3N4,42,L3N4 s42,5.70281982421875,0.265648224465159,10.080732926707148,0.5393627268260178,False
abs_energy_error,5122175,L3N4,101,L3N4 s101,1.72637939453125,0.19947978295959182,0.28335871310257266,5.388574767485402,True
abs_energy_error,5122175,L3N4,202,L3N4 s202,7.2774658203125,0.23565154646359734,1.184069195510051,5.947130708704538,True
abs_energy_error,5122175,L3N5,0,L3N5 s0,0.507598876953125,0.27910872991609503,0.36418024682675726,0.6274095012784263,False
abs_energy_error,5122175,L3N5,1,L3N5 s1,5.562713623046875,0.20622627334078425,0.2853231740266558,18.773404466633583,True
abs_energy_error,5122175,L3N5,2,L3N5 s2,3.89691162109375,0.2711846569232875,0.3596966094728214,10.07995868930875,True
abs_energy_error,5122175,L3N5,3,L3N5 s3,1.59234619140625,0.21322648383491905,2.6399977202385,0.5223942797370067,False
abs_energy_error,5122175,L3N5,4,L3N5 s4,7.17059326171875,0.2038352158157795,0.2931835987286264,23.7624412692726,True
abs_energy_error,5122175,L3N5,7,L3N5 s7,8.339447021484375,0.21562233584981877,0.4545444467777628,17.872453933215645,True
abs_energy_error,5122175,L3N5,42,L3N5 s42,7.39410400390625,0.2081716774016153,0.28944413527122254,24.826664115239662,True
abs_energy_error,5122175,L3N5,1776,L3N5 s1776,0.40386962890625,0.21555212002652696,0.3658846474755826,0.5146909283541077,False
abs_energy_error,5122175,L4N3,7,L4N3 s7,5.84332275390625,0.20703997271741972,0.2962906576587127,19.022816398352578,True
abs_energy_error,5122175,L4N3,42,L4N3 s42,8.33160400390625,0.21443938535493218,0.29780571820573154,27.256577433962434,True
abs_energy_error,5122175,L4N3,101,L4N3 s101,1.710968017578125,0.2188547617257631,0.3064262554889219,4.869404070717125,True
abs_energy_error,5122175,L4N3,202,L4N3 s202,2.8878173828125,0.21289867895157077,0.36873983530476245,7.254216788511924,True
abs_energy_error,5122175,L4N3,303,L4N3 s303,7.24371337890625,0.21497051230372163,0.30262715640676385,23.225750623500335,True
abs_energy_error,5122175,L4N3,1776,L4N3 s1776,4.40093994140625,0.20889746330198833,0.2988562265460486,14.026953784944281,True
abs_energy_error,5122175,L4N4,0,L4N4 s0,4.58160400390625,0.183090003550495,0.2584556041364583,17.01845086722688,True
abs_energy_error,5122175,L4N4,7,L4N4 s7,0.530609130859375,0.18390466804380995,0.2669865535328786,1.298583985701997,False
abs_energy_error,5122175,L4N4,42,L4N4 s42,3.943572998046875,0.18831727622949984,0.2736557746567752,13.722552453085616,True
abs_energy_error,5122175,L4N4,1776,L4N4 s1776,4.090576171875,0.18196098293097457,0.4122309731652796,9.481614539858722,True
abs_energy_error,4676576,L3N4,0,L3N4 s0,4.58489990234375,0.1997303498080699,0.2806366299242564,15.625791806719006,True
abs_energy_error,4676576,L3N4,1,L3N4 s1,2.035995483398437,0.20599446008317174,0.2949561794406318,6.204314914797723,True
abs_energy_error,4676576,L3N4,7,L3N4 s7,4.3516845703125,0.20470212453629938,0.30088395537312074,13.782663953063242,True
abs_energy_error,4676576,L3N4,42,L3N4 s42,3.5932769775390625,0.265648224465159,10.080732926707148,0.3300978983639106,False
abs_energy_error,4676576,L3N4,101,L3N4 s101,2.1049957275390625,0.19947978295959182,0.28335871310257266,6.724748018917263,True
abs_energy_error,4676576,L3N4,202,L3N4 s202,1.8582305908203125,0.23565154646359734,1.184069195510051,1.3703414044630822,False
abs_energy_error,4676576,L3N5,0,L3N5 s0,2.306793212890625,0.27910872991609503,0.36418024682675726,5.5678046809032775,True
abs_energy_error,4676576,L3N5,1,L3N5 s1,0.9785919189453124,0.20622627334078425,0.2853231740266558,2.706985327214856,True
abs_energy_error,4676576,L3N5,2,L3N5 s2,4.4845123291015625,0.2711846569232875,0.3596966094728214,11.713559597777175,True
abs_energy_error,4676576,L3N5,3,L3N5 s3,4.14715576171875,0.21322648383491905,2.6399977202385,1.49012601326354,False
abs_energy_error,4676576,L3N5,4,L3N5 s4,3.7857666015625,0.2038352158157795,0.2931835987286264,12.217366187193134,True
abs_energy_error,4676576,L3N5,7,L3N5 s7,4.013031005859375,0.21562233584981877,0.4545444467777628,8.354317596286016,True
abs_energy_error,4676576,L3N5,42,L3N5 s42,5.133392333984375,0.2081716774016153,0.28944413527122254,17.016135607541678,True
abs_energy_error,4676576,L3N5,1776,L3N5 s1776,3.3868865966796875,0.21555212002652696,0.3658846474755826,8.667580065284922,True
abs_energy_error,4676576,L4N3,7,L4N3 s7,3.02496337890625,0.20703997271741972,0.2962906576587127,9.510672487806557,True
abs_energy_error,4676576,L4N3,42,L4N3 s42,2.7212371826171875,0.21443938535493218,0.29780571820573154,8.417560993676078,True
abs_energy_error,4676576,L4N3,101,L4N3 s101,8.539642333984375,0.2188547617257631,0.3064262554889219,27.154290545313373,True
abs_energy_error,4676576,L4N3,202,L4N3 s202,1.6347808837890625,0.21289867895157077,0.36873983530476245,3.8560580352331884,True
abs_energy_error,4676576,L4N3,303,L4N3 s303,4.383148193359375,0.21497051230372163,0.30262715640676385,13.773310136956674,True
abs_energy_error,4676576,L4N3,1776,L4N3 s1776,6.321090698242188,0.20889746330198833,0.2988562265460486,20.451952116173885,True
abs_energy_error,4676576,L4N4,0,L4N4 s0,1.629302978515625,0.183090003550495,0.2584556041364583,5.595595343336276,True
abs_energy_error,4676576,L4N4,7,L4N4 s7,4.185073852539063,0.18390466804380995,0.2669865535328786,14.986407111332376,True
abs_energy_error,4676576,L4N4,42,L4N4 s42,3.1949920654296875,0.18831727622949984,0.2736557746567752,10.987068674034823,True
abs_energy_error,4676576,L4N4,1776,L4N4 s1776,2.0390625,0.18196098293097457,0.4122309731652796,4.505002384487107,True
abs_energy_error,3520825,L3N4,0,L3N4 s0,5.3848876953125,0.1997303498080699,0.2806366299242564,18.476409679320547,True
abs_energy_error,3520825,L3N4,1,L3N4 s1,5.993795394897461,0.20599446008317174,0.2949561794406318,19.622579007466587,True
abs_energy_error,3520825,L3N4,7,L3N4 s7,6.023008346557617,0.20470212453629938,0.30088395537312074,19.337376148243404,True
abs_energy_error,3520825,L3N4,42,L3N4 s42,3.214975357055664,0.265648224465159,10.080732926707148,0.29257070433606824,False
abs_energy_error,3520825,L3N4,101,L3N4 s101,1.7268190383911133,0.19947978295959182,0.28335871310257266,5.390126312716002,True
abs_energy_error,3520825,L3N4,202,L3N4 s202,5.145624160766602,0.23565154646359734,1.184069195510051,4.146693987920172,True
abs_energy_error,3520825,L3N5,0,L3N5 s0,3.7944469451904297,0.27910872991609503,0.36418024682675726,9.652742689656648,True
abs_energy_error,3520825,L3N5,1,L3N5 s1,6.177996635437012,0.20622627334078425,0.2853231740266558,20.929846944497843,True
abs_energy_error,3520825,L3N5,2,L3N5 s2,2.728744506835937,0.2711846569232875,0.3596966094728214,6.8323130804999765,True
abs_energy_error,3520825,L3N5,3,L3N5 s3,4.268965721130371,0.21322648383491905,2.6399977202385,1.536266189248471,False
abs_energy_error,3520825,L3N5,4,L3N5 s4,5.690334320068359,0.2038352158157795,0.2931835987286264,18.71352670491959,True
abs_energy_error,3520825,L3N5,7,L3N5 s7,3.568522453308105,0.21562233584981877,0.4545444467777628,7.3763966125354425,True
abs_energy_error,3520825,L3N5,42,L3N5 s42,2.154146194458008,0.2081716774016153,0.28944413527122254,6.723143708657024,True
abs_energy_error,3520825,L3N5,1776,L3N5 s1776,3.3260440826416016,0.21555212002652696,0.3658846474755826,8.501291278756522,True
abs_energy_error,3520825,L4N3,7,L4N3 s7,8.233007431030273,0.20703997271741972,0.2962906576587127,27.088155670293517,True
abs_energy_error,3520825,L4N3,42,L4N3 s42,3.476872444152832,0.21443938535493218,0.29780571820573154,10.95490401747132,True
abs_energy_error,3520825,L4N3,101,L4N3 s101,4.023929595947266,0.2188547617257631,0.3064262554889219,12.417587481693669,True
abs_energy_error,3520825,L4N3,202,L4N3 s202,7.905936241149902,0.21289867895157077,0.36873983530476245,20.863049840655425,True
abs_energy_error,3520825,L4N3,303,L4N3 s303,2.3271780014038086,0.21497051230372163,0.30262715640676385,6.979570221586624,True
abs_energy_error,3520825,L4N3,1776,L4N3 s1776,1.593186378479004,0.20889746330198833,0.2988562265460486,4.631956078598619,True
abs_energy_error,3520825,L4N4,0,L4N4 s0,0.0352096557617187,0.183090003550495,0.2584556041364583,-0.5721692446285633,False
abs_energy_error,3520825,L4N4,7,L4N4 s7,3.5736255645751958,0.18390466804380995,0.2669865535328786,12.696223280450534,True
abs_energy_error,3520825,L4N4,42,L4N4 s42,4.755488395690918,0.18831727622949984,0.2736557746567752,16.6894746701021,True
abs_energy_error,3520825,L4N4,1776,L4N4 s1776,4.08742618560791,0.18196098293097457,0.4122309731652796,9.473973225954278,True
abs_energy_error,3655899,L3N4,0,L3N4 s0,0.6909332275390625,0.1997303498080699,0.2806366299242564,1.7503163356243545,False
abs_energy_error,3655899,L3N4,1,L3N4 s1,0.3000946044921875,0.20599446008317174,0.2949561794406318,0.3190309305859315,False
abs_energy_error,3655899,L3N4,7,L3N4 s7,1.7066192626953125,0.20470212453629938,0.30088395537312074,4.991682378997288,True
abs_energy_error,3655899,L3N4,42,L3N4 s42,1.84930419921875,0.265648224465159,10.080732926707148,0.15709730495467944,False
abs_energy_error,3655899,L3N4,101,L3N4 s101,0.4038238525390625,0.19947978295959182,0.28335871310257266,0.7211497657582191,False
abs_energy_error,3655899,L3N4,202,L3N4 s202,2.7962799072265625,0.23565154646359734,1.184069195510051,2.1625664872228567,True
abs_energy_error,3655899,L3N5,0,L3N5 s0,3.943161010742188,0.27910872991609503,0.36418024682675726,10.06109560513617,True
abs_energy_error,3655899,L3N5,1,L3N5 s1,0.792083740234375,0.20622627334078425,0.2853231740266558,2.053311894108041,True
abs_energy_error,3655899,L3N5,2,L3N5 s2,4.303192138671875,0.2711846569232875,0.3596966094728214,11.209467577851177,True
abs_energy_error,3655899,L3N5,3,L3N5 s3,0.4300994873046875,0.21322648383491905,2.6399977202385,0.08214893589005673,False
abs_energy_error,3655899,L3N5,4,L3N5 s4,0.87774658203125,0.2038352158157795,0.2931835987286264,2.2985984520888887,True
abs_energy_error,3655899,L3N5,7,L3N5 s7,2.1370086669921875,0.21562233584981877,0.4545444467777628,4.227059300279558,True
abs_energy_error,3655899,L3N5,42,L3N5 s42,4.048751831054688,0.2081716774016153,0.28944413527122254,13.268813168573175,True
abs_energy_error,3655899,L3N5,1776,L3N5 s1776,2.81536865234375,0.21555212002652696,0.3658846474755826,7.105563325093389,True
abs_energy_error,3655899,L4N3,7,L4N3 s7,0.8603973388671875,0.20703997271741972,0.2962906576587127,2.2051230751337028,True
abs_energy_error,3655899,L4N3,42,L4N3 s42,0.5017852783203125,0.21443938535493218,0.29780571820573154,0.9648770167901031,False
abs_energy_error,3655899,L4N3,101,L4N3 s101,8.518295288085938,0.2188547617257631,0.3064262554889219,27.084625999550553,True
abs_energy_error,3655899,L4N3,202,L4N3 s202,3.9720611572265625,0.21289867895157077,0.36873983530476245,10.194619941640031,True
abs_energy_error,3655899,L4N3,303,L4N3 s303,5.547866821289063,0.21497051230372163,0.30262715640676385,17.62200184644814,True
abs_energy_error,3655899,L4N3,1776,L4N3 s1776,0.153839111328125,0.20889746330198833,0.2988562265460486,-0.18423023207575628,False
abs_energy_error,3655899,L4N4,0,L4N4 s0,1.6388092041015625,0.183090003550495,0.2584556041364583,5.632376227301626,True
abs_energy_error,3655899,L4N4,7,L4N4 s7,0.1141815185546875,0.18390466804380995,0.2669865535328786,-0.2611485431251737,False
abs_energy_error,3655899,L4N4,42,L4N4 s42,2.723663330078125,0.18831727622949984,0.2736557746567752,9.264727035373214,True
abs_energy_error,3655899,L4N4,1776,L4N4 s1776,2.154403686523437,0.18196098293097457,0.4122309731652796,4.7847998621919,True
abs_energy_error,6371940,L3N4,0,L3N4 s0,2.87762451171875,0.1997303498080699,0.2806366299242564,9.542211801194453,True
abs_energy_error,6371940,L3N4,1,L3N4 s1,5.37091064453125,0.20599446008317174,0.2949561794406318,17.510791583492363,True
abs_energy_error,6371940,L3N4,7,L3N4 s7,2.20458984375,0.20470212453629938,0.30088395537312074,6.646707753936816,True
abs_energy_error,6371940,L3N4,42,L3N4 s42,2.833404541015625,0.265648224465159,10.080732926707148,0.25471920893248173,False
abs_energy_error,6371940,L3N4,101,L3N4 s101,4.1943359375,0.19947978295959182,0.28335871310257266,14.09822945198906,True
abs_energy_error,6371940,L3N4,202,L3N4 s202,3.61700439453125,0.23565154646359734,1.184069195510051,2.8557054443183087,True
abs_energy_error,6371940,L3N5,0,L3N5 s0,10.117706298828123,0.27910872991609503,0.36418024682675726,27.015736450945703,True
abs_energy_error,6371940,L3N5,1,L3N5 s1,2.96697998046875,0.20622627334078425,0.2853231740266558,9.67588320347946,True
abs_energy_error,6371940,L3N5,2,L3N5 s2,3.8043212890625,0.2711846569232875,0.3596966094728214,9.822546387961367,True
abs_energy_error,6371940,L3N5,3,L3N5 s3,0.103607177734375,0.21322648383491905,2.6399977202385,-0.041522500288614234,False
abs_energy_error,6371940,L3N5,4,L3N5 s4,1.841583251953125,0.2038352158157795,0.2931835987286264,5.586083407255195,True
abs_energy_error,6371940,L3N5,7,L3N5 s7,6.907867431640625,0.21562233584981877,0.4545444467777628,14.722971852877565,True
abs_energy_error,6371940,L3N5,42,L3N5 s42,0.603759765625,0.2081716774016153,0.28944413527122254,1.3667165439462106,False
abs_energy_error,6371940,L3N5,1776,L3N5 s1776,4.1171875,0.21555212002652696,0.3658846474755826,10.663566801429813,True
abs_energy_error,6371940,L4N3,7,L4N3 s7,3.806243896484375,0.20703997271741972,0.2962906576587127,12.147544415365124,True
abs_energy_error,6371940,L4N3,42,L4N3 s42,5.549285888671875,0.21443938535493218,0.29780571820573154,17.913848449449514,True
abs_energy_error,6371940,L4N3,101,L4N3 s101,0.85870361328125,0.2188547617257631,0.3064262554889219,2.0881006117917957,True
abs_energy_error,6371940,L4N3,202,L4N3 s202,6.517486572265625,0.21289867895157077,0.36873983530476245,17.097658808963047,True
abs_energy_error,6371940,L4N3,303,L4N3 s303,7.97442626953125,0.21497051230372163,0.30262715640676385,25.640315460645493,True
abs_energy_error,6371940,L4N3,1776,L4N3 s1776,4.340576171875,0.20889746330198833,0.2988562265460486,13.824971145235253,True
abs_energy_error,6371940,L4N4,0,L4N4 s0,0.3082275390625,0.183090003550495,0.2584556041364583,0.48417420055606686,False
abs_energy_error,6371940,L4N4,7,L4N4 s7,1.272735595703125,0.18390466804380995,0.2669865535328786,4.078223840307482,True
abs_energy_error,6371940,L4N4,42,L4N4 s42,0.488555908203125,0.18831727622949984,0.2736557746567752,1.0971397638152922,False
abs_energy_error,6371940,L4N4,1776,L4N4 s1776,4.503662109375,0.18196098293097457,0.4122309731652796,10.483688533300201,True
abs_energy_error,4625816,L3N4,0,L3N4 s0,0.4132461547851562,0.1997303498080699,0.2806366299242564,0.7608265714804017,False
abs_energy_error,4625816,L3N4,1,L3N4 s1,5.3779296875,0.20599446008317174,0.2949561794406318,17.534588484381374,True
abs_energy_error,4625816,L3N4,7,L3N4 s7,0.7284622192382812,0.20470212453629938,0.30088395537312074,1.7407378670373979,False
abs_energy_error,4625816,L3N4,42,L3N4 s42,5.7417755126953125,0.265648224465159,10.080732926707148,0.5432270974784092,False
abs_energy_error,4625816,L3N4,101,L3N4 s101,0.8016128540039062,0.19947978295959182,0.28335871310257266,2.1249851979188974,True
abs_energy_error,4625816,L3N4,202,L3N4 s202,0.4238204956054687,0.23565154646359734,1.184069195510051,0.15891718985292533,False
abs_energy_error,4625816,L3N5,0,L3N5 s0,0.9624099731445312,0.27910872991609503,0.36418024682675726,1.876272118497099,False
abs_energy_error,4625816,L3N5,1,L3N5 s1,1.0907669067382812,0.20622627334078425,0.2853231740266558,3.1001359648230338,True
abs_energy_error,4625816,L3N5,2,L3N5 s2,3.827461242675781,0.2711846569232875,0.3596966094728214,9.88687825266033,True
abs_energy_error,4625816,L3N5,3,L3N5 s3,0.1320343017578125,0.21322648383491905,2.6399977202385,-0.030754640981194317,False
abs_energy_error,4625816,L3N5,4,L3N5 s4,3.359687805175781,0.2038352158157795,0.2931835987286264,10.764082994564403,True
abs_energy_error,4625816,L3N5,7,L3N5 s7,0.4595794677734375,0.21562233584981877,0.4545444467777628,0.5367068801588395,False
abs_energy_error,4625816,L3N5,42,L3N5 s42,2.086875915527344,0.2081716774016153,0.28944413527122254,6.49073174816721,True
abs_energy_error,4625816,L3N5,1776,L3N5 s1776,3.17193603515625,0.21555212002652696,0.3658846474755826,8.08009829198154,True
abs_energy_error,4625816,L4N3,7,L4N3 s7,2.632118225097656,0.20703997271741972,0.2962906576587127,8.18479486171853,True
abs_energy_error,4625816,L4N3,42,L4N3 s42,2.8757095336914062,0.21443938535493218,0.29780571820573154,8.936262756707725,True
abs_energy_error,4625816,L4N3,101,L4N3 s101,8.341827392578125,0.2188547617257631,0.3064262554889219,26.508735740975133,True
abs_energy_error,4625816,L4N3,202,L4N3 s202,8.891357421875,0.21289867895157077,0.36873983530476245,23.53545213185526,True
abs_energy_error,4625816,L4N3,303,L4N3 s303,0.5039291381835938,0.21497051230372163,0.30262715640676385,0.9548337608257477,False
abs_energy_error,4625816,L4N3,1776,L4N3 s1776,7.149894714355469,0.20889746330198833,0.2988562265460486,23.2252054148987,True
abs_energy_error,4625816,L4N4,0,L4N4 s0,0.291259765625,0.183090003550495,0.2584556041364583,0.41852356978645344,False
abs_energy_error,4625816,L4N4,7,L4N4 s7,1.1756973266601562,0.18390466804380995,0.2669865535328786,3.7147663262157886,True
abs_energy_error,4625816,L4N4,42,L4N4 s42,2.5530014038085938,0.18831727622949984,0.2736557746567752,8.64108981637581,True
abs_energy_error,4625816,L4N4,1776,L4N4 s1776,1.2828445434570312,0.18196098293097457,0.4122309731652796,2.6705503278247584,True
abs_energy_error,5225014,L3N4,0,L3N4 s0,0.3984375,0.1997303498080699,0.2806366299242564,0.7080584963037826,False
abs_energy_error,5225014,L3N4,1,L3N4 s1,2.7645416259765625,0.20599446008317174,0.2949561794406318,8.674329762290572,True
abs_energy_error,5225014,L3N4,7,L3N4 s7,2.967758178710937,0.20470212453629938,0.30088395537312074,9.183128594371947,True
abs_energy_error,5225014,L3N4,42,L3N4 s42,6.42596435546875,0.265648224465159,10.080732926707148,0.6110980397747574,False
abs_energy_error,5225014,L3N4,101,L3N4 s101,0.870330810546875,0.19947978295959182,0.28335871310257266,2.367497438995083,True
abs_energy_error,5225014,L3N4,202,L3N4 s202,1.7147979736328125,0.23565154646359734,1.184069195510051,1.249206070707765,False
abs_energy_error,5225014,L3N5,0,L3N5 s0,0.1218109130859375,0.27910872991609503,0.36418024682675726,-0.4319229782525384,False
abs_energy_error,5225014,L3N5,1,L3N5 s1,2.2354812622070312,0.20622627334078425,0.2853231740266558,7.112128188636607,True
abs_energy_error,5225014,L3N5,2,L3N5 s2,2.091102600097656,0.2711846569232875,0.3596966094728214,5.059591598157338,True
abs_energy_error,5225014,L3N5,3,L3N5 s3,2.12542724609375,0.21322648383491905,2.6399977202385,0.7243190960354621,False
abs_energy_error,5225014,L3N5,4,L3N5 s4,0.33831787109375,0.2038352158157795,0.2931835987286264,0.45869774387498713,False
abs_energy_error,5225014,L3N5,7,L3N5 s7,0.5384979248046875,0.21562233584981877,0.4545444467777628,0.710327870560764,False
abs_energy_error,5225014,L3N5,42,L3N5 s42,4.168037414550781,0.2081716774016153,0.28944413527122254,13.680932707234122,True
abs_energy_error,5225014,L3N5,1776,L3N5 s1776,3.6364898681640634,0.21555212002652696,0.3658846474755826,9.349771223636361,True
abs_energy_error,5225014,L4N3,7,L4N3 s7,4.444839477539063,0.20703997271741972,0.2962906576587127,14.302845517670772,True
abs_energy_error,5225014,L4N3,42,L4N3 s42,0.113067626953125,0.21443938535493218,0.29780571820573154,-0.34039560762153354,False
abs_energy_error,5225014,L4N3,101,L4N3 s101,2.26422119140625,0.2188547617257631,0.3064262554889219,6.674905929379253,True
abs_energy_error,5225014,L4N3,202,L4N3 s202,2.7053146362304688,0.21289867895157077,0.36873983530476245,6.75928044286,True
abs_energy_error,5225014,L4N3,303,L4N3 s303,8.174911499023438,0.21497051230372163,0.30262715640676385,26.302798074144704,True
abs_energy_error,5225014,L4N3,1776,L4N3 s1776,3.608116149902344,0.20889746330198833,0.2988562265460486,11.37409357631903,True
abs_energy_error,5225014,L4N4,0,L4N4 s0,3.9273834228515625,0.183090003550495,0.2584556041364583,14.487182167364308,True
abs_energy_error,5225014,L4N4,7,L4N4 s7,4.51507568359375,0.18390466804380995,0.2669865535328786,16.222431273178593,True
abs_energy_error,5225014,L4N4,42,L4N4 s42,1.9547195434570312,0.18831727622949984,0.2736557746567752,6.454832789269622,True
abs_energy_error,5225014,L4N4,1776,L4N4 s1776,2.233306884765625,0.18196098293097457,0.4122309731652796,4.976205174695074,True
abs_energy_error,3959842,L3N4,0,L3N4 s0,2.1187744140625,0.1997303498080699,0.2806366299242564,6.838180977203078,True
abs_energy_error,3959842,L3N4,1,L3N4 s1,3.5745849609375,0.20599446008317174,0.2949561794406318,11.420647322062129,True
abs_energy_error,3959842,L3N4,7,L3N4 s7,1.669097900390625,0.20470212453629938,0.30088395537312074,4.866978613194429,True
abs_energy_error,3959842,L3N4,42,L3N4 s42,3.490966796875,0.265648224465159,10.080732926707148,0.3199488168032823,False
abs_energy_error,3959842,L3N4,101,L3N4 s101,1.28350830078125,0.19947978295959182,0.28335871310257266,3.8256403198346405,True
abs_energy_error,3959842,L3N4,202,L3N4 s202,6.12713623046875,0.23565154646359734,1.184069195510051,4.975625331986894,True
abs_energy_error,3959842,L3N5,0,L3N5 s0,3.124969482421875,0.27910872991609503,0.36418024682675726,7.814429193518486,True
abs_energy_error,3959842,L3N5,1,L3N5 s1,3.555206298828125,0.20622627334078425,0.2853231740266558,11.737497442722505,True
abs_energy_error,3959842,L3N5,2,L3N5 s2,5.171051025390625,0.2711846569232875,0.3596966094728214,13.622220058311589,True
abs_energy_error,3959842,L3N5,3,L3N5 s3,10.285888671875,0.21322648383491905,2.6399977202385,3.8154056387329405,True
abs_energy_error,3959842,L3N5,4,L3N5 s4,7.30853271484375,0.2038352158157795,0.2931835987286264,24.23292956985683,True
abs_energy_error,3959842,L3N5,7,L3N5 s7,5.17413330078125,0.21562233584981877,0.4545444467777628,10.908748308514175,True
abs_energy_error,3959842,L3N5,42,L3N5 s42,0.019744873046875,0.2081716774016153,0.28944413527122254,-0.6509954129081789,False
abs_energy_error,3959842,L3N5,1776,L3N5 s1776,2.25311279296875,0.21555212002652696,0.3658846474755826,5.56886080626873,True
abs_energy_error,3959842,L4N3,7,L4N3 s7,0.89166259765625,0.20703997271741972,0.2962906576587127,2.3106453316777347,True
abs_energy_error,3959842,L4N3,42,L4N3 s42,1.43865966796875,0.21443938535493218,0.29780571820573154,4.110801800548693,True
abs_energy_error,3959842,L4N3,101,L4N3 s101,8.193450927734375,0.2188547617257631,0.3064262554889219,26.024519841763087,True
abs_energy_error,3959842,L4N3,202,L4N3 s202,5.28240966796875,0.21289867895157077,0.36873983530476245,13.748205383959242,True
abs_energy_error,3959842,L4N3,303,L4N3 s303,3.452545166015625,0.21497051230372163,0.30262715640676385,10.698229108561065,True
abs_energy_error,3959842,L4N3,1776,L4N3 s1776,2.886383056640625,0.20889746330198833,0.2988562265460486,8.95910928235615,True
abs_energy_error,3959842,L4N4,0,L4N4 s0,1.33917236328125,0.183090003550495,0.2584556041364583,4.473040403180314,True
abs_energy_error,3959842,L4N4,7,L4N4 s7,1.096893310546875,0.18390466804380995,0.2669865535328786,3.4196053337593773,True
abs_energy_error,3959842,L4N4,42,L4N4 s42,1.086761474609375,0.18831727622949984,0.2736557746567752,3.2831179956159255,True
abs_energy_error,3959842,L4N4,1776,L4N4 s1776,2.208404541015625,0.18196098293097457,0.4122309731652796,4.915796458778389,True
abs_energy_error,7043562,L3N4,0,L3N4 s0,0.1520214080810547,0.1997303498080699,0.2806366299242564,-0.17000254649541582,False
abs_energy_error,7043562,L3N4,1,L3N4 s1,7.790317535400391,0.20599446008317174,0.2949561794406318,25.713389323459747,True
abs_energy_error,7043562,L3N4,7,L3N4 s7,0.390329360961914,0.20470212453629938,0.30088395537312074,0.6169396310794362,False
abs_energy_error,7043562,L3N4,42,L3N4 s42,0.4534969329833984,0.265648224465159,10.080732926707148,0.018634429647527602,False
abs_energy_error,7043562,L3N4,101,L3N4 s101,0.6235904693603516,0.19947978295959182,0.28335871310257266,1.4967271758014955,False
abs_energy_error,7043562,L3N4,202,L3N4 s202,0.1785964965820312,0.23565154646359734,1.184069195510051,-0.04818557065576649,False
abs_energy_error,7043562,L3N5,0,L3N5 s0,0.1998710632324218,0.27910872991609503,0.36418024682675726,-0.21757815635005343,False
abs_energy_error,7043562,L3N5,1,L3N5 s1,0.4233245849609375,0.20622627334078425,0.2853231740266558,0.7608856601317328,False
abs_energy_error,7043562,L3N5,2,L3N5 s2,0.3117427825927734,0.2711846569232875,0.3596966094728214,0.11275648588661612,False
abs_energy_error,7043562,L3N5,3,L3N5 s3,0.4138011932373047,0.21322648383491905,2.6399977202385,0.07597533432122264,False
abs_energy_error,7043562,L3N5,4,L3N5 s4,0.0794830322265625,0.2038352158157795,0.2931835987286264,-0.42414440687836225,False
abs_energy_error,7043562,L3N5,7,L3N5 s7,0.42431640625,0.21562233584981877,0.4545444467777628,0.45912797280794093,False
abs_energy_error,7043562,L3N5,42,L3N5 s42,0.2421455383300781,0.2081716774016153,0.28944413527122254,0.11737622839249351,False
abs_energy_error,7043562,L3N5,1776,L3N5 s1776,0.552703857421875,0.21555212002652696,0.3658846474755826,0.92147003084585,False
abs_energy_error,7043562,L4N3,7,L4N3 s7,0.1099510192871093,0.20703997271741972,0.2962906576587127,-0.3276814537370393,False
abs_energy_error,7043562,L4N3,42,L4N3 s42,0.4071979522705078,0.21443938535493218,0.29780571820573154,0.6472628130747082,False
abs_energy_error,7043562,L4N3,101,L4N3 s101,0.6569805145263672,0.2188547617257631,0.3064262554889219,1.4297918176154572,False
abs_energy_error,7043562,L4N3,202,L4N3 s202,0.2741813659667969,0.21289867895157077,0.36873983530476245,0.16619491887708884,False
abs_energy_error,7043562,L4N3,303,L4N3 s303,0.4712409973144531,0.21497051230372163,0.30262715640676385,0.8468191951229784,False
abs_energy_error,7043562,L4N3,1776,L4N3 s1776,0.5306568145751953,0.20889746330198833,0.2988562265460486,1.076635929563373,False
abs_energy_error,7043562,L4N4,0,L4N4 s0,0.0112152099609375,0.183090003550495,0.2584556041364583,-0.6650070295972835,False
abs_energy_error,7043562,L4N4,7,L4N4 s7,0.0558891296386718,0.18390466804380995,0.2669865535328786,-0.4794830927295124,False
abs_energy_error,7043562,L4N4,42,L4N4 s42,0.3368415832519531,0.18831727622949984,0.2736557746567752,0.5427413589526315,False
abs_energy_error,7043562,L4N4,1776,L4N4 s1776,4.29150390625,0.18196098293097457,0.4122309731652796,9.96902996338256,True
abs_energy_error,5369071,L3N4,0,L3N4 s0,6.593109130859375,0.1997303498080699,0.2806366299242564,22.78169739558543,True
abs_energy_error,5369071,L3N4,1,L3N4 s1,4.654800415039063,0.20599446008317174,0.2949561794406318,15.082938636487656,True
abs_energy_error,5369071,L3N4,7,L3N4 s7,5.817420959472656,0.20470212453629938,0.30088395537312074,18.654098148823277,True
abs_energy_error,5369071,L3N4,42,L3N4 s42,6.497215270996094,0.265648224465159,10.080732926707148,0.618166069058479,False
abs_energy_error,5369071,L3N4,101,L3N4 s101,7.355316162109375,0.19947978295959182,0.28335871310257266,25.253630992315564,True
abs_energy_error,5369071,L3N4,202,L3N4 s202,4.773895263671875,0.23565154646359734,1.184069195510051,3.8327521182183766,True
abs_energy_error,5369071,L3N5,0,L3N5 s0,5.992713928222656,0.27910872991609503,0.36418024682675726,15.68894866784073,True
abs_energy_error,5369071,L3N5,1,L3N5 s1,5.7349700927734375,0.20622627334078425,0.2853231740266558,19.377128543074953,True
abs_energy_error,5369071,L3N5,2,L3N5 s2,8.852798461914062,0.2711846569232875,0.3596966094728214,23.857922424034417,True
abs_energy_error,5369071,L3N5,3,L3N5 s3,6.7105865478515625,0.21322648383491905,2.6399977202385,2.461123361663231,True
abs_energy_error,5369071,L3N5,4,L3N5 s4,6.392936706542969,0.2038352158157795,0.2931835987286264,21.10998540698002,True
abs_energy_error,5369071,L3N5,7,L3N5 s7,6.380638122558594,0.21562233584981877,0.4545444467777628,13.563064801280023,True
abs_energy_error,5369071,L3N5,42,L3N5 s42,6.25030517578125,0.2081716774016153,0.28944413527122254,20.874955689524946,True
abs_energy_error,5369071,L3N5,1776,L3N5 s1776,5.361122131347656,0.21555212002652696,0.3658846474755826,14.063366820179358,True
abs_energy_error,5369071,L4N3,7,L4N3 s7,2.765785217285156,0.20703997271741972,0.2962906576587127,8.635929545625663,True
abs_energy_error,5369071,L4N3,42,L4N3 s42,2.6470870971679688,0.21443938535493218,0.29780571820573154,8.168572875194101,True
abs_energy_error,5369071,L4N3,101,L4N3 s101,1.593048095703125,0.2188547617257631,0.3064262554889219,4.484580904416145,True
abs_energy_error,5369071,L4N3,202,L4N3 s202,4.033119201660156,0.21289867895157077,0.36873983530476245,10.360205643502509,True
abs_energy_error,5369071,L4N3,303,L4N3 s303,5.378089904785156,0.21497051230372163,0.30262715640676385,17.060991663093315,True
abs_energy_error,5369071,L4N3,1776,L4N3 s1776,4.266647338867188,0.20889746330198833,0.2988562265460486,13.577598574610828,True
abs_energy_error,5369071,L4N4,0,L4N4 s0,4.247566223144531,0.183090003550495,0.2584556041364583,15.726013112287134,True
abs_energy_error,5369071,L4N4,7,L4N4 s7,3.77496337890625,0.18390466804380995,0.2669865535328786,13.45033546949851,True
abs_energy_error,5369071,L4N4,42,L4N4 s42,3.9030609130859375,0.18831727622949984,0.2736557746567752,13.574512145835573,True
abs_energy_error,5369071,L4N4,1776,L4N4 s1776,5.8204345703125,0.18196098293097457,0.4122309731652796,13.677947447973152,True
abs_energy_error,3888505,L3N4,0,L3N4 s0,0.898681640625,0.1997303498080699,0.2806366299242564,2.4905918055158245,True
abs_energy_error,3888505,L3N4,1,L3N4 s1,0.170440673828125,0.20599446008317174,0.2949561794406318,-0.12053921474868756,False
abs_energy_error,3888505,L3N4,7,L3N4 s7,0.28485107421875,0.20470212453629938,0.30088395537312074,0.26637827724332913,False
abs_energy_error,3888505,L3N4,42,L3N4 s42,0.396759033203125,0.265648224465159,10.080732926707148,0.013006078991598986,False
abs_energy_error,3888505,L3N4,101,L3N4 s101,0.031524658203125,0.19947978295959182,0.28335871310257266,-0.5927296991064078,False
abs_energy_error,3888505,L3N4,202,L3N4 s202,0.355987548828125,0.23565154646359734,1.184069195510051,0.10162919770300381,False
abs_energy_error,3888505,L3N5,0,L3N5 s0,0.1015625,0.27910872991609503,0.36418024682675726,-0.4875229545345298,False
abs_energy_error,3888505,L3N5,1,L3N5 s1,0.677886962890625,0.20622627334078425,0.2853231740266558,1.6530752931613495,False
abs_energy_error,3888505,L3N5,2,L3N5 s2,9.3095703125,0.2711846569232875,0.3596966094728214,25.12780331408615,True
abs_energy_error,3888505,L3N5,3,L3N5 s3,1.219757080078125,0.21322648383491905,2.6399977202385,0.3812619187232764,False
abs_energy_error,3888505,L3N5,4,L3N5 s4,0.742218017578125,0.2038352158157795,0.2931835987286264,1.8363332877316847,False
abs_energy_error,3888505,L3N5,7,L3N5 s7,0.077301025390625,0.21562233584981877,0.4545444467777628,-0.3043075576871413,False
abs_energy_error,3888505,L3N5,42,L3N5 s42,1.979644775390625,0.2081716774016153,0.28944413527122254,6.120259083256455,True
abs_energy_error,3888505,L3N5,1776,L3N5 s1776,0.191314697265625,0.21555212002652696,0.3658846474755826,-0.06624334452983424,False
abs_energy_error,3888505,L4N3,7,L4N3 s7,1.13006591796875,0.20703997271741972,0.2962906576587127,3.1152718500984022,True
abs_energy_error,3888505,L4N3,42,L4N3 s42,0.420562744140625,0.21443938535493218,0.29780571820573154,0.6921403659660347,False
abs_energy_error,3888505,L4N3,101,L4N3 s101,0.03179931640625,0.2188547617257631,0.3064262554889219,-0.6104419643188037,False
abs_energy_error,3888505,L4N3,202,L4N3 s202,0.111907958984375,0.21289867895157077,0.36873983530476245,-0.27388068849064606,False
abs_energy_error,3888505,L4N3,303,L4N3 s303,1.02911376953125,0.21497051230372163,0.30262715640676385,2.6902518164405285,True
abs_energy_error,3888505,L4N3,1776,L4N3 s1776,0.5587158203125,0.20889746330198833,0.2988562265460486,1.1705239039301418,False
abs_energy_error,3888505,L4N4,0,L4N4 s0,0.18670654296875,0.183090003550495,0.2584556041364583,0.013992884504626733,False
abs_energy_error,3888505,L4N4,7,L4N4 s7,0.516357421875,0.18390466804380995,0.2669865535328786,1.2452041102146723,False
abs_energy_error,3888505,L4N4,42,L4N4 s42,0.2760009765625,0.18831727622949984,0.2736557746567752,0.3204160425372894,False
abs_energy_error,3888505,L4N4,1776,L4N4 s1776,0.9639892578125,0.18196098293097457,0.4122309731652796,1.8970633595937478,False
abs_energy_error,5512246,L3N4,0,L3N4 s0,1.21441650390625,0.1997303498080699,0.2806366299242564,3.615658278008979,True
abs_energy_error,5512246,L3N4,1,L3N4 s1,3.088958740234375,0.20599446008317174,0.2949561794406318,9.774212174902004,True
abs_energy_error,5512246,L3N4,7,L3N4 s7,0.341766357421875,0.20470212453629938,0.30088395537312074,0.4555385238658032,False
abs_energy_error,5512246,L3N4,42,L3N4 s42,2.931396484375,0.265648224465159,10.080732926707148,0.26443992508197545,False
abs_energy_error,5512246,L3N4,101,L3N4 s101,1.07489013671875,0.19947978295959182,0.28335871310257266,3.0894068658558225,True
abs_energy_error,5512246,L3N4,202,L3N4 s202,1.947418212890625,0.23565154646359734,1.184069195510051,1.445664385931149,False
abs_energy_error,5512246,L3N5,0,L3N5 s0,0.1163330078125,0.27910872991609503,0.36418024682675726,-0.4469647201404321,False
abs_energy_error,5512246,L3N5,1,L3N5 s1,1.669921875,0.20622627334078425,0.2853231740266558,5.1299569572378045,True
abs_energy_error,5512246,L3N5,2,L3N5 s2,2.94683837890625,0.2711846569232875,0.3596966094728214,7.438640375021756,True
abs_energy_error,5512246,L3N5,3,L3N5 s3,0.77874755859375,0.21322648383491905,2.6399977202385,0.21421271330027558,False
abs_energy_error,5512246,L3N5,4,L3N5 s4,0.20166015625,0.2038352158157795,0.2931835987286264,-0.007418762765760201,False
abs_energy_error,5512246,L3N5,7,L3N5 s7,1.567718505859375,0.21562233584981877,0.4545444467777628,2.974618169014013,True
abs_energy_error,5512246,L3N5,42,L3N5 s42,0.764739990234375,0.2081716774016153,0.28944413527122254,1.9228868199772968,False
abs_energy_error,5512246,L3N5,1776,L3N5 s1776,1.445648193359375,0.21555212002652696,0.3658846474755826,3.361977830498993,True
abs_energy_error,5512246,L4N3,7,L4N3 s7,2.761077880859375,0.20703997271741972,0.2962906576587127,8.620041982841949,True
abs_energy_error,5512246,L4N3,42,L4N3 s42,0.02801513671875,0.21443938535493218,0.29780571820573154,-0.6259928444604133,False
abs_energy_error,5512246,L4N3,101,L4N3 s101,1.517303466796875,0.2188547617257631,0.3064262554889219,4.237393767056147,True
abs_energy_error,5512246,L4N3,202,L4N3 s202,0.959503173828125,0.21289867895157077,0.36873983530476245,2.024745968277302,True
abs_energy_error,5512246,L4N3,303,L4N3 s303,2.176849365234375,0.21497051230372163,0.30262715640676385,6.4828248602173515,True
abs_energy_error,5512246,L4N3,1776,L4N3 s1776,3.023681640625,0.20889746330198833,0.2988562265460486,9.418522778842963,True
abs_energy_error,5512246,L4N4,0,L4N4 s0,0.749237060546875,0.183090003550495,0.2584556041364583,2.190500217195786,True
abs_energy_error,5512246,L4N4,7,L4N4 s7,0.859344482421875,0.18390466804380995,0.2669865535328786,2.529864539769366,True
abs_energy_error,5512246,L4N4,42,L4N4 s42,6.703948974609375,0.18831727622949984,0.2736557746567752,23.80958964433298,True
abs_energy_error,5512246,L4N4,1776,L4N4 s1776,2.95648193359375,0.18196098293097457,0.4122309731652796,6.730500935819689,True
abs_energy_error,7120678,L3N4,0,L3N4 s0,0.8226070404052734,0.1997303498080699,0.2806366299242564,2.2195131503870944,True
abs_energy_error,7120678,L3N4,1,L3N4 s1,4.0704498291015625,0.20599446008317174,0.2949561794406318,13.101794905084269,True
abs_energy_error,7120678,L3N4,7,L3N4 s7,0.6027603149414062,0.20470212453629938,0.30088395537312074,1.322962501976824,False
abs_energy_error,7120678,L3N4,42,L3N4 s42,4.201343536376953,0.265648224465159,10.080732926707148,0.3904175758376511,False
abs_energy_error,7120678,L3N4,101,L3N4 s101,0.6880836486816406,0.19947978295959182,0.28335871310257266,1.7243297739892676,False
abs_energy_error,7120678,L3N4,202,L3N4 s202,1.4840316772460938,0.23565154646359734,1.184069195510051,1.0543134941068564,False
abs_energy_error,7120678,L3N5,0,L3N5 s0,0.6746959686279297,0.27910872991609503,0.36418024682675726,1.0862402399875848,False
abs_energy_error,7120678,L3N5,1,L3N5 s1,2.949127197265625,0.20622627334078425,0.2853231740266558,9.61331281022617,True
abs_energy_error,7120678,L3N5,2,L3N5 s2,1.0230998992919922,0.2711846569232875,0.3596966094728214,2.0904151514542404,True
abs_energy_error,7120678,L3N5,3,L3N5 s3,1.127054214477539,0.21322648383491905,2.6399977202385,0.34614716658166805,False
abs_energy_error,7120678,L3N5,4,L3N5 s4,7.154029846191406,0.2038352158157795,0.2931835987286264,23.705946241586297,True
abs_energy_error,7120678,L3N5,7,L3N5 s7,2.658802032470703,0.21562233584981877,0.4545444467777628,5.375007249434973,True
abs_energy_error,7120678,L3N5,42,L3N5 s42,0.6601123809814453,0.2081716774016153,0.28944413527122254,1.561409089033159,False
abs_energy_error,7120678,L3N5,1776,L3N5 s1776,3.3196754455566406,0.21555212002652696,0.3658846474755826,8.483885145077775,True
abs_energy_error,7120678,L4N3,7,L4N3 s7,1.3841629028320312,0.20703997271741972,0.2962906576587127,3.972865494363646,True
abs_energy_error,7120678,L4N3,42,L4N3 s42,4.974573135375977,0.21443938535493218,0.29780571820573154,15.984024009682132,True
abs_energy_error,7120678,L4N3,101,L4N3 s101,1.7721290588378906,0.2188547617257631,0.3064262554889219,5.068998720862816,True
abs_energy_error,7120678,L4N3,202,L4N3 s202,0.5737380981445312,0.21289867895157077,0.36873983530476245,0.9785745521492889,False
abs_energy_error,7120678,L4N3,303,L4N3 s303,0.9654922485351562,0.21497051230372163,0.30262715640676385,2.480021109614669,True
abs_energy_error,7120678,L4N3,1776,L4N3 s1776,3.1729774475097656,0.20889746330198833,0.2988562265460486,9.918080069685494,True
abs_energy_error,7120678,L4N4,0,L4N4 s0,0.0262908935546875,0.183090003550495,0.2584556041364583,-0.6066771526185263,False
abs_energy_error,7120678,L4N4,7,L4N4 s7,0.9558391571044922,0.18390466804380995,0.2669865535328786,2.891286017389714,True
abs_energy_error,7120678,L4N4,42,L4N4 s42,4.977993011474609,0.18831727622949984,0.2736557746567752,17.502556784165876,True
abs_energy_error,7120678,L4N4,1776,L4N4 s1776,4.611896514892578,0.18196098293097457,0.4122309731652796,10.746246207427669,True
abs_energy_error,6192544,L3N4,0,L3N4 s0,2.062904357910156,0.1997303498080699,0.2806366299242564,6.639097713669648,True
abs_energy_error,6192544,L3N4,1,L3N4 s1,1.9781951904296875,0.20599446008317174,0.2949561794406318,6.008352609216044,True
abs_energy_error,6192544,L3N4,7,L3N4 s7,1.9328842163085935,0.20470212453629938,0.30088395537312074,5.743683107426605,True
abs_energy_error,6192544,L3N4,42,L3N4 s42,4.69793701171875,0.265648224465159,10.080732926707148,0.4396792197034616,False
abs_energy_error,6192544,L3N4,101,L3N4 s101,2.165473937988281,0.19947978295959182,0.28335871310257266,6.938181407949228,True
abs_energy_error,6192544,L3N4,202,L3N4 s202,5.984413146972656,0.23565154646359734,1.184069195510051,4.855089231531537,True
abs_energy_error,6192544,L3N5,0,L3N5 s0,2.530364990234375,0.27910872991609503,0.36418024682675726,6.1817088651412115,True
abs_energy_error,6192544,L3N5,1,L3N5 s1,3.737716674804688,0.20622627334078425,0.2853231740266558,12.377159386058073,True
abs_energy_error,6192544,L3N5,2,L3N5 s2,7.272132873535156,0.2711846569232875,0.3596966094728214,19.46348125680862,True
abs_energy_error,6192544,L3N5,3,L3N5 s3,4.033226013183594,0.21322648383491905,2.6399977202385,1.4469707682185318,False
abs_energy_error,6192544,L3N5,4,L3N5 s4,5.237342834472656,0.2038352158157795,0.2931835987286264,17.16844885076924,True
abs_energy_error,6192544,L3N5,7,L3N5 s7,3.7235336303710938,0.21562233584981877,0.4545444467777628,7.717421958157534,True
abs_energy_error,6192544,L3N5,42,L3N5 s42,1.3621368408203125,0.2081716774016153,0.28944413527122254,3.9868320784505737,True
abs_energy_error,6192544,L3N5,1776,L3N5 s1776,2.8855438232421875,0.21555212002652696,0.3658846474755826,7.297359213176177,True
abs_energy_error,6192544,L4N3,7,L4N3 s7,6.5330657958984375,0.20703997271741972,0.2962906576587127,21.350743466463783,True
abs_energy_error,6192544,L4N3,42,L4N3 s42,0.8991165161132812,0.21443938535493218,0.29780571820573154,2.2990731503864446,True
abs_energy_error,6192544,L4N3,101,L4N3 s101,5.96563720703125,0.2188547617257631,0.3064262554889219,18.754210327493457,True
abs_energy_error,6192544,L4N3,202,L4N3 s202,0.43682861328125,0.21289867895157077,0.36873983530476245,0.6072843584816426,False
abs_energy_error,6192544,L4N3,303,L4N3 s303,7.312919616699219,0.21497051230372163,0.30262715640676385,23.454435446814564,True
abs_energy_error,6192544,L4N3,1776,L4N3 s1776,1.7714996337890625,0.20889746330198833,0.2988562265460486,5.22860837984349,True
abs_energy_error,6192544,L4N4,0,L4N4 s0,3.245765686035156,0.183090003550495,0.2584556041364583,11.84991013337688,True
abs_energy_error,6192544,L4N4,7,L4N4 s7,5.832023620605469,0.18390466804380995,0.2669865535328786,21.155068964423,True
abs_energy_error,6192544,L4N4,42,L4N4 s42,2.2719802856445312,0.18831727622949984,0.2736557746567752,7.61417518789218,True
abs_energy_error,6192544,L4N4,1776,L4N4 s1776,2.8640213012695312,0.18196098293097457,0.4122309731652796,6.506207667377805,True
abs_energy_error,4003634,L3N4,0,L3N4 s0,3.6036376953125,0.1997303498080699,0.2806366299242564,12.12923397214092,True
abs_energy_error,4003634,L3N4,1,L3N4 s1,0.27325439453125,0.20599446008317174,0.2949561794406318,0.2280336508820837,False
abs_energy_error,4003634,L3N4,7,L3N4 s7,0.28277587890625,0.20470212453629938,0.30088395537312074,0.25948128165602174,False
abs_energy_error,4003634,L3N4,42,L3N4 s42,11.28863525390625,0.265648224465159,10.080732926707148,1.093470793203697,False
abs_energy_error,4003634,L3N4,101,L3N4 s101,2.88983154296875,0.19947978295959182,0.28335871310257266,9.494508676129119,True
abs_energy_error,4003634,L3N4,202,L3N4 s202,0.41009521484375,0.23565154646359734,1.184069195510051,0.1473255693515522,False
abs_energy_error,4003634,L3N5,0,L3N5 s0,3.04345703125,0.27910872991609503,0.36418024682675726,7.590604722306431,True
abs_energy_error,4003634,L3N5,1,L3N5 s1,1.3431396484375,0.20622627334078425,0.2853231740266558,3.984651365859619,True
abs_energy_error,4003634,L3N5,2,L3N5 s2,4.96783447265625,0.2711846569232875,0.3596966094728214,13.057253507661548,True
abs_energy_error,4003634,L3N5,3,L3N5 s3,1.10418701171875,0.21322648383491905,2.6399977202385,0.33748533987496804,False
abs_energy_error,4003634,L3N5,4,L3N5 s4,4.54931640625,0.2038352158157795,0.2931835987286264,14.821706293524421,True
abs_energy_error,4003634,L3N5,7,L3N5 s7,7.95452880859375,0.21562233584981877,0.4545444467777628,17.025631987376716,True
abs_energy_error,4003634,L3N5,42,L3N5 s42,3.3433837890625,0.2081716774016153,0.28944413527122254,10.83183844344625,True
abs_energy_error,4003634,L3N5,1776,L3N5 s1776,0.0665283203125,0.21555212002652696,0.3658846474755826,-0.4072972198812253,False
abs_energy_error,4003634,L4N3,7,L4N3 s7,5.6171875,0.20703997271741972,0.2962906576587127,18.25959539201654,True
abs_energy_error,4003634,L4N3,42,L4N3 s42,1.41339111328125,0.21443938535493218,0.29780571820573154,4.025952675287626,True
abs_energy_error,4003634,L4N3,101,L4N3 s101,3.73345947265625,0.2188547617257631,0.3064262554889219,11.469659169129354,True
abs_energy_error,4003634,L4N3,202,L4N3 s202,4.32598876953125,0.21289867895157077,0.36873983530476245,11.154450094007938,True
abs_energy_error,4003634,L4N3,303,L4N3 s303,7.09613037109375,0.21497051230372163,0.30262715640676385,22.738077905807636,True
abs_energy_error,4003634,L4N3,1776,L4N3 s1776,6.0955810546875,0.20889746330198833,0.2988562265460486,19.697376425511667,True
abs_energy_error,4003634,L4N4,0,L4N4 s0,5.074462890625,0.183090003550495,0.2584556041364583,18.925389153070864,True
abs_energy_error,4003634,L4N4,7,L4N4 s7,5.4488525390625,0.18390466804380995,0.2669865535328786,19.71989900371641,True
abs_energy_error,4003634,L4N4,42,L4N4 s42,5.24951171875,0.18831727622949984,0.2736557746567752,18.49474745734255,True
abs_energy_error,4003634,L4N4,1776,L4N4 s1776,3.12823486328125,0.18196098293097457,0.4122309731652796,7.147143402950943,True
abs_energy_error,5962212,L3N4,0,L3N4 s0,2.079010009765625,0.1997303498080699,0.2806366299242564,6.69648741315334,True
abs_energy_error,5962212,L3N4,1,L3N4 s1,2.892562866210937,0.20599446008317174,0.2949561794406318,9.108364541548832,True
abs_energy_error,5962212,L3N4,7,L3N4 s7,4.268589019775391,0.20470212453629938,0.30088395537312074,13.506492528654572,True
abs_energy_error,5962212,L3N4,42,L3N4 s42,0.1447677612304687,0.265648224465159,10.080732926707148,-0.011991237553217838,False
abs_energy_error,5962212,L3N4,101,L3N4 s101,1.4594879150390625,0.19947978295959182,0.28335871310257266,4.446689209882747,True
abs_energy_error,5962212,L3N4,202,L3N4 s202,1.25140380859375,0.23565154646359734,1.184069195510051,0.8578487355146555,False
abs_energy_error,5962212,L3N5,0,L3N5 s0,0.8518524169921875,0.27910872991609503,0.36418024682675726,1.5726928960772277,False
abs_energy_error,5962212,L3N5,1,L3N5 s1,6.389884948730469,0.20622627334078425,0.2853231740266558,21.672472614551765,True
abs_energy_error,5962212,L3N5,2,L3N5 s2,1.47918701171875,0.2711846569232875,0.3596966094728214,3.3583923867559804,True
abs_energy_error,5962212,L3N5,3,L3N5 s3,0.1711883544921875,0.21322648383491905,2.6399977202385,-0.01592354759265996,False
abs_energy_error,5962212,L3N5,4,L3N5 s4,1.9556121826171875,0.2038352158157795,0.2931835987286264,5.975016932727092,True
abs_energy_error,5962212,L3N5,7,L3N5 s7,0.0558242797851562,0.21562233584981877,0.4545444467777628,-0.35155650277428535,False
abs_energy_error,5962212,L3N5,42,L3N5 s42,4.845607757568359,0.2081716774016153,0.28944413527122254,16.02186921431748,True
abs_energy_error,5962212,L3N5,1776,L3N5 s1776,2.5909652709960938,0.21555212002652696,0.3658846474755826,6.492246032619039,True
abs_energy_error,5962212,L4N3,7,L4N3 s7,4.140716552734375,0.20703997271741972,0.2962906576587127,13.276411112995758,True
abs_energy_error,5962212,L4N3,42,L4N3 s42,1.0556793212890625,0.21443938535493218,0.29780571820573154,2.8247944364620325,True
abs_energy_error,5962212,L4N3,101,L4N3 s101,2.423828125,0.2188547617257631,0.3064262554889219,7.195771653953303,True
abs_energy_error,5962212,L4N3,202,L4N3 s202,7.4218902587890625,0.21289867895157077,0.36873983530476245,19.550346584819838,True
abs_energy_error,5962212,L4N3,303,L4N3 s303,0.7597198486328125,0.21497051230372163,0.30262715640676385,1.8000675907514672,False
abs_energy_error,5962212,L4N3,1776,L4N3 s1776,2.774505615234375,0.20889746330198833,0.2988562265460486,8.584757231206861,True
abs_energy_error,5962212,L4N4,0,L4N4 s0,0.791351318359375,0.183090003550495,0.2584556041364583,2.353446027379359,True
abs_energy_error,5962212,L4N4,7,L4N4 s7,3.52810287475586,0.18390466804380995,0.2669865535328786,12.525717727953747,True
abs_energy_error,5962212,L4N4,42,L4N4 s42,0.39520263671875,0.18831727622949984,0.2736557746567752,0.7560058279374156,False
abs_energy_error,5962212,L4N4,1776,L4N4 s1776,9.18462371826172,0.18196098293097457,0.4122309731652796,21.83887995170422,True
abs_energy_error,5619249,L3N4,0,L3N4 s0,4.33123779296875,0.1997303498080699,0.2806366299242564,14.721910836357214,True
abs_energy_error,5619249,L3N4,1,L3N4 s1,2.40521240234375,0.20599446008317174,0.2949561794406318,7.45608363395293,True
abs_energy_error,5619249,L3N4,7,L3N4 s7,6.74407958984375,0.20470212453629938,0.30088395537312074,21.73388560117168,True
abs_energy_error,5619249,L3N4,42,L3N4 s42,3.98895263671875,0.265648224465159,10.080732926707148,0.3693485820251565,False
abs_energy_error,5619249,L3N4,101,L3N4 s101,1.71832275390625,0.19947978295959182,0.28335871310257266,5.360142112153277,True
abs_energy_error,5619249,L3N4,202,L3N4 s202,0.57562255859375,0.23565154646359734,1.184069195510051,0.2871208992002417,False
abs_energy_error,5619249,L3N5,0,L3N5 s0,1.267333984375,0.27910872991609503,0.36418024682675726,2.7135608344211204,True
abs_energy_error,5619249,L3N5,1,L3N5 s1,2.8646240234375,0.20622627334078425,0.2853231740266558,9.317146282160593,True
abs_energy_error,5619249,L3N5,2,L3N5 s2,0.51495361328125,0.2711846569232875,0.3596966094728214,0.6777071285582458,False
abs_energy_error,5619249,L3N5,3,L3N5 s3,0.65380859375,0.21322648383491905,2.6399977202385,0.16688730696149173,False
abs_energy_error,5619249,L3N5,4,L3N5 s4,4.10223388671875,0.2038352158157795,0.2931835987286264,13.29678292990518,True
abs_energy_error,5619249,L3N5,7,L3N5 s7,1.331298828125,0.21562233584981877,0.4545444467777628,2.4544937248362446,True
abs_energy_error,5619249,L3N5,42,L3N5 s42,0.29248046875,0.2081716774016153,0.28944413527122254,0.29127828508041276,False
abs_energy_error,5619249,L3N5,1776,L3N5 s1776,0.8497314453125,0.21555212002652696,0.3658846474755826,1.7332766752075741,False
abs_energy_error,5619249,L4N3,7,L4N3 s7,5.60845947265625,0.20703997271741972,0.2962906576587127,18.23013773914041,True
abs_energy_error,5619249,L4N3,42,L4N3 s42,4.55096435546875,0.21443938535493218,0.29780571820573154,14.561590678114646,True
abs_energy_error,5619249,L4N3,101,L4N3 s101,2.81549072265625,0.2188547617257631,0.3064262554889219,8.473934313452986,True
abs_energy_error,5619249,L4N3,202,L4N3 s202,2.295166015625,0.21289867895157077,0.36873983530476245,5.646982336346821,True
abs_energy_error,5619249,L4N3,303,L4N3 s303,0.26568603515625,0.21497051230372163,0.30262715640676385,0.16758417669682354,False
abs_energy_error,5619249,L4N3,1776,L4N3 s1776,5.275146484375,0.20889746330198833,0.2988562265460486,16.952128050416878,True
abs_energy_error,5619249,L4N4,0,L4N4 s0,1.25616455078125,0.183090003550495,0.2584556041364583,4.151871849775011,True
abs_energy_error,5619249,L4N4,7,L4N4 s7,0.86810302734375,0.18390466804380995,0.2669865535328786,2.5626697309146813,True
abs_energy_error,5619249,L4N4,42,L4N4 s42,2.879638671875,0.18831727622949984,0.2736557746567752,9.834696158051157,True
abs_energy_error,5619249,L4N4,1776,L4N4 s1776,5.1239013671875,0.18196098293097457,0.4122309731652796,11.988280129244696,True
abs_energy_error,3438805,L3N4,0,L3N4 s0,0.6431884765625,0.1997303498080699,0.2806366299242564,1.5801861890734614,False
abs_energy_error,3438805,L3N4,1,L3N4 s1,0.6441421508789062,0.20599446008317174,0.2949561794406318,1.485467067096738,False
abs_energy_error,3438805,L3N4,7,L3N4 s7,1.6188507080078125,0.20470212453629938,0.30088395537312074,4.6999800362164645,True
abs_energy_error,3438805,L3N4,42,L3N4 s42,3.3046951293945312,0.265648224465159,10.080732926707148,0.3014708282646737,False
abs_energy_error,3438805,L3N4,101,L3N4 s101,0.7918815612792969,0.19947978295959182,0.28335871310257266,2.0906425351574147,True
abs_energy_error,3438805,L3N4,202,L3N4 s202,0.7950592041015625,0.23565154646359734,1.184069195510051,0.4724450731082435,False
abs_energy_error,3438805,L3N5,0,L3N5 s0,2.6549644470214844,0.27910872991609503,0.36418024682675726,6.523845644587084,True
abs_energy_error,3438805,L3N5,1,L3N5 s1,2.456287384033203,0.20622627334078425,0.2853231740266558,7.886008973397342,True
abs_energy_error,3438805,L3N5,2,L3N5 s2,1.8230972290039065,0.2711846569232875,0.3596966094728214,4.314504310605355,True
abs_energy_error,3438805,L3N5,3,L3N5 s3,2.9171905517578125,0.21322648383491905,2.6399977202385,1.0242296980766388,False
abs_energy_error,3438805,L3N5,4,L3N5 s4,4.164352416992188,0.2038352158157795,0.2931835987286264,13.508658800666069,True
abs_energy_error,3438805,L3N5,7,L3N5 s7,3.137542724609375,0.21562233584981877,0.4545444467777628,6.428239107248736,True
abs_energy_error,3438805,L3N5,42,L3N5 s42,3.5965118408203125,0.2081716774016153,0.28944413527122254,11.706370074638636,True
abs_energy_error,3438805,L3N5,1776,L3N5 s1776,7.981212615966797,0.21555212002652696,0.3658846474755826,21.224340921433477,True
abs_energy_error,3438805,L4N3,7,L4N3 s7,1.3332748413085938,0.20703997271741972,0.2962906576587127,3.8011150182414672,True
abs_energy_error,3438805,L4N3,42,L4N3 s42,4.99420166015625,0.21443938535493218,0.29780571820573154,16.04993451300804,True
abs_energy_error,3438805,L4N3,101,L4N3 s101,0.5972900390625,0.2188547617257631,0.3064262554889219,1.2349962529578942,False
abs_energy_error,3438805,L4N3,202,L4N3 s202,3.7964134216308594,0.21289867895157077,0.36873983530476245,9.718273968738755,True
abs_energy_error,3438805,L4N3,303,L4N3 s303,1.3976287841796875,0.21497051230372163,0.30262715640676385,3.907971399256531,True
abs_energy_error,3438805,L4N3,1776,L4N3 s1776,1.1191520690917969,0.20889746330198833,0.2988562265460486,3.04579434837224,True
abs_energy_error,3438805,L4N4,0,L4N4 s0,0.5082283020019531,0.183090003550495,0.2584556041364583,1.258004443501225,False
abs_energy_error,3438805,L4N4,7,L4N4 s7,2.100406646728516,0.18390466804380995,0.2669865535328786,7.178271539614053,True
abs_energy_error,3438805,L4N4,42,L4N4 s42,0.5460433959960938,0.18831727622949984,0.2736557746567752,1.3072120265514642,False
abs_energy_error,3438805,L4N4,1776,L4N4 s1776,0.9497413635253906,0.18196098293097457,0.4122309731652796,1.862500468363843,False
abs_energy_error,7154162,L3N4,0,L3N4 s0,0.08160400390625,0.1997303498080699,0.2806366299242564,-0.4209227638377146,False
abs_energy_error,7154162,L3N4,1,L3N4 s1,0.661376953125,0.20599446008317174,0.2949561794406318,1.543898805257907,False
abs_energy_error,7154162,L3N4,7,L3N4 s7,2.9176025390625,0.20470212453629938,0.30088395537312074,9.016434296611072,True
abs_energy_error,7154162,L3N4,42,L3N4 s42,0.9779052734375,0.265648224465159,10.080732926707148,0.07065528410988252,False
abs_energy_error,7154162,L3N4,101,L3N4 s101,6.19146728515625,0.19947978295959182,0.28335871310257266,21.146296990795644,True
abs_energy_error,7154162,L3N4,202,L3N4 s202,0.172119140625,0.23565154646359734,1.184069195510051,-0.05365599078120603,False
abs_energy_error,7154162,L3N5,0,L3N5 s0,3.28656005859375,0.27910872991609503,0.36418024682675726,8.258139629710113,True
abs_energy_error,7154162,L3N5,1,L3N5 s1,2.330322265625,0.20622627334078425,0.2853231740266558,7.444526717923641,True
abs_energy_error,7154162,L3N5,2,L3N5 s2,0.686279296875,0.2711846569232875,0.3596966094728214,1.15401321285759,False
abs_energy_error,7154162,L3N5,3,L3N5 s3,0.9833984375,0.21322648383491905,2.6399977202385,0.29173205255476614,False
abs_energy_error,7154162,L3N5,4,L3N5 s4,2.36395263671875,0.2038352158157795,0.2931835987286264,7.367797619887994,True
abs_energy_error,7154162,L3N5,7,L3N5 s7,2.10736083984375,0.21562233584981877,0.4545444467777628,4.161833935942562,True
abs_energy_error,7154162,L3N5,42,L3N5 s42,2.02813720703125,0.2081716774016153,0.28944413527122254,6.287795494367999,True
abs_energy_error,7154162,L3N5,1776,L3N5 s1776,3.46917724609375,0.21555212002652696,0.3658846474755826,8.892488789883851,True
abs_energy_error,7154162,L4N3,7,L4N3 s7,2.39019775390625,0.20703997271741972,0.2962906576587127,7.368297733179075,True
abs_energy_error,7154162,L4N3,42,L4N3 s42,2.46234130859375,0.21443938535493218,0.29780571820573154,7.548216121511515,True
abs_energy_error,7154162,L4N3,101,L4N3 s101,3.37274169921875,0.2188547617257631,0.3064262554889219,10.292482713208653,True
abs_energy_error,7154162,L4N3,202,L4N3 s202,3.3687744140625,0.21289867895157077,0.36873983530476245,8.558542996860123,True
abs_energy_error,7154162,L4N3,303,L4N3 s303,2.0726318359375,0.21497051230372163,0.30262715640676385,6.1384488612676895,True
abs_energy_error,7154162,L4N3,1776,L4N3 s1776,0.17242431640625,0.20889746330198833,0.2988562265460486,-0.12204245271134896,False
abs_energy_error,7154162,L4N4,0,L4N4 s0,0.34619140625,0.183090003550495,0.2584556041364583,0.6310615830693747,False
abs_energy_error,7154162,L4N4,7,L4N4 s7,3.16064453125,0.18390466804380995,0.2669865535328786,11.149399937250449,True
abs_energy_error,7154162,L4N4,42,L4N4 s42,1.91961669921875,0.18831727622949984,0.2736557746567752,6.326559069183474,True
abs_energy_error,7154162,L4N4,1776,L4N4 s1776,2.5770263671875,0.18196098293097457,0.4122309731652796,5.810008320981377,True
abs_energy_error,4429570,L3N4,0,L3N4 s0,0.4561920166015625,0.1997303498080699,0.2806366299242564,0.9138567080951313,False
abs_energy_error,4429570,L3N4,1,L3N4 s1,0.5959320068359375,0.20599446008317174,0.2949561794406318,1.3220185706644998,False
abs_energy_error,4429570,L3N4,7,L3N4 s7,0.4864273071289062,0.20470212453629938,0.30088395537312074,0.9363250434648286,False
abs_energy_error,4429570,L3N4,42,L3N4 s42,3.1245040893554688,0.265648224465159,10.080732926707148,0.2835960327166558,False
abs_energy_error,4429570,L3N4,101,L3N4 s101,1.4989242553710938,0.19947978295959182,0.28335871310257266,4.585863826749939,True
abs_energy_error,4429570,L3N4,202,L3N4 s202,3.7247314453125,0.23565154646359734,1.184069195510051,2.946685812011132,True
abs_energy_error,4429570,L3N5,0,L3N5 s0,2.1241531372070312,0.27910872991609503,0.36418024682675726,5.066294570799813,True
abs_energy_error,4429570,L3N5,1,L3N5 s1,0.49847412109375,0.20622627334078425,0.2853231740266558,1.0242695804500725,False
abs_energy_error,4429570,L3N5,2,L3N5 s2,7.867786407470703,0.2711846569232875,0.3596966094728214,21.119469993562486,True
abs_energy_error,4429570,L3N5,3,L3N5 s3,1.927772521972656,0.21322648383491905,2.6399977202385,0.6494498177001619,False
abs_energy_error,4429570,L3N5,4,L3N5 s4,0.5875434875488281,0.2038352158157795,0.2931835987286264,1.3087644513437215,False
abs_energy_error,4429570,L3N5,7,L3N5 s7,2.7179832458496094,0.21562233584981877,0.4545444467777628,5.505206207531234,True
abs_energy_error,4429570,L3N5,42,L3N5 s42,2.7025070190429688,0.2081716774016153,0.28944413527122254,8.61767449288287,True
abs_energy_error,4429570,L3N5,1776,L3N5 s1776,0.4310226440429687,0.21555212002652696,0.3658846474755826,0.5889028837451323,False
abs_energy_error,4429570,L4N3,7,L4N3 s7,2.949043273925781,0.20703997271741972,0.2962906576587127,9.254437257238068,True
abs_energy_error,4429570,L4N3,42,L4N3 s42,1.826251983642578,0.21443938535493218,0.29780571820573154,5.412295667117331,True
abs_energy_error,4429570,L4N3,101,L4N3 s101,3.839187622070313,0.2188547617257631,0.3064262554889219,11.814695364690884,True
abs_energy_error,4429570,L4N3,202,L4N3 s202,3.4614295959472656,0.21289867895157077,0.36873983530476245,8.809818213187608,True
abs_energy_error,4429570,L4N3,303,L4N3 s303,1.194061279296875,0.21497051230372163,0.30262715640676385,3.235303726930404,True
abs_energy_error,4429570,L4N3,1776,L4N3 s1776,0.5763282775878906,0.20889746330198833,0.2988562265460486,1.2294567810494907,False
abs_energy_error,4429570,L4N4,0,L4N4 s0,5.607879638671875,0.183090003550495,0.2584556041364583,20.989251338722074,True
abs_energy_error,4429570,L4N4,7,L4N4 s7,0.0517539978027343,0.18390466804380995,0.2669865535328786,-0.49497125788696955,False
abs_energy_error,4429570,L4N4,42,L4N4 s42,1.9839019775390625,0.18831727622949984,0.2736557746567752,6.561471993644653,True
abs_energy_error,4429570,L4N4,1776,L4N4 s1776,0.4865760803222656,0.18196098293097457,0.4122309731652796,0.7389427704869689,False
abs_energy_error,3371469,L3N4,0,L3N4 s0,2.2370529174804688,0.1997303498080699,0.2806366299242564,7.259645927982639,True
abs_energy_error,3371469,L3N4,1,L3N4 s1,2.1289596557617188,0.20599446008317174,0.2949561794406318,6.519494520594025,True
abs_energy_error,3371469,L3N4,7,L3N4 s7,2.80029296875,0.20470212453629938,0.30088395537312074,8.626551193116814,True
abs_energy_error,3371469,L3N4,42,L3N4 s42,5.369781494140625,0.265648224465159,10.080732926707148,0.5063256121142693,False
abs_energy_error,3371469,L3N4,101,L3N4 s101,2.08740234375,0.19947978295959182,0.28335871310257266,6.662659284830255,True
abs_energy_error,3371469,L3N4,202,L3N4 s202,2.6849594116210938,0.23565154646359734,1.184069195510051,2.0685512928173337,True
abs_energy_error,3371469,L3N5,0,L3N5 s0,0.8545608520507812,0.27910872991609503,0.36418024682675726,1.580129969016228,False
abs_energy_error,3371469,L3N5,1,L3N5 s1,1.7433547973632812,0.20622627334078425,0.2853231740266558,5.387324493589482,True
abs_energy_error,3371469,L3N5,2,L3N5 s2,3.008758544921875,0.2711846569232875,0.3596966094728214,7.610785912079713,True
abs_energy_error,3371469,L3N5,3,L3N5 s3,1.1387405395507812,0.21322648383491905,2.6399977202385,0.35057380868959626,False
abs_energy_error,3371469,L3N5,4,L3N5 s4,6.3683929443359375,0.2038352158157795,0.2931835987286264,21.026270757478944,True
abs_energy_error,3371469,L3N5,7,L3N5 s7,3.0913009643554688,0.21562233584981877,0.4545444467777628,6.326507009141034,True
abs_energy_error,3371469,L3N5,42,L3N5 s42,0.0396041870117187,0.2081716774016153,0.28944413527122254,-0.5823835063437753,False
abs_energy_error,3371469,L3N5,1776,L3N5 s1776,0.942901611328125,0.21555212002652696,0.3658846474755826,1.9879202265521074,False
abs_energy_error,3371469,L4N3,7,L4N3 s7,1.7198715209960938,0.20703997271741972,0.2962906576587127,5.105903642838628,True
abs_energy_error,3371469,L4N3,42,L4N3 s42,2.387847900390625,0.21443938535493218,0.29780571820573154,7.298075161653709,True
abs_energy_error,3371469,L4N3,101,L4N3 s101,3.0507125854492188,0.2188547617257631,0.3064262554889219,9.24156390974087,True
abs_energy_error,3371469,L4N3,202,L4N3 s202,2.8529815673828125,0.21289867895157077,0.36873983530476245,7.159744176403454,True
abs_energy_error,3371469,L4N3,303,L4N3 s303,0.0988922119140625,0.21497051230372163,0.30262715640676385,-0.38356868487254087,False
abs_energy_error,3371469,L4N3,1776,L4N3 s1776,1.8945159912109373,0.20889746330198833,0.2988562265460486,5.640232252779328,True
abs_energy_error,3371469,L4N4,0,L4N4 s0,2.6508102416992188,0.183090003550495,0.2584556041364583,9.547946334511776,True
abs_energy_error,3371469,L4N4,7,L4N4 s7,1.3281021118164062,0.18390466804380995,0.2669865535328786,4.2855995129046525,True
abs_energy_error,3371469,L4N4,42,L4N4 s42,1.020599365234375,0.18831727622949984,0.2736557746567752,3.0413467066380777,True
abs_energy_error,3371469,L4N4,1776,L4N4 s1776,1.1068572998046875,0.18196098293097457,0.4122309731652796,2.2436361580789943,True
abs_energy_error,4246309,L3N4,0,L3N4 s0,2.449462890625,0.1997303498080699,0.2806366299242564,8.01653205935423,True
abs_energy_error,4246309,L3N4,1,L3N4 s1,1.912841796875,0.20599446008317174,0.2949561794406318,5.786782768982059,True
abs_energy_error,4246309,L3N4,7,L3N4 s7,2.83837890625,0.20470212453629938,0.30088395537312074,8.753131347425043,True
abs_energy_error,4246309,L3N4,42,L3N4 s42,1.994873046875,0.265648224465159,10.080732926707148,0.17153760892013722,False
abs_energy_error,4246309,L3N4,101,L3N4 s101,2.682861328125,0.19947978295959182,0.28335871310257266,8.764090992559145,True
abs_energy_error,4246309,L3N4,202,L3N4 s202,1.79669189453125,0.23565154646359734,1.184069195510051,1.3183691915869977,False
abs_energy_error,4246309,L3N5,0,L3N5 s0,1.32861328125,0.27910872991609503,0.36418024682675726,2.881827228353658,True
abs_energy_error,4246309,L3N5,1,L3N5 s1,1.355712890625,0.20622627334078425,0.2853231740266558,4.028718035979885,True
abs_energy_error,4246309,L3N5,2,L3N5 s2,3.364990234375,0.2711846569232875,0.3596966094728214,8.601153016110038,True
abs_energy_error,4246309,L3N5,3,L3N5 s3,1.1417236328125,0.21322648383491905,2.6399977202385,0.35170376923420205,False
abs_energy_error,4246309,L3N5,4,L3N5 s4,0.89306640625,0.2038352158157795,0.2931835987286264,2.3508517987466946,True
abs_energy_error,4246309,L3N5,7,L3N5 s7,1.0673828125,0.21562233584981877,0.4545444467777628,1.8738772031827866,False
abs_energy_error,4246309,L3N5,42,L3N5 s42,1.23101806640625,0.2081716774016153,0.28944413527122254,3.533830070684211,True
abs_energy_error,4246309,L3N5,1776,L3N5 s1776,1.5159912109375,0.21555212002652696,0.3658846474755826,3.554232460649386,True
abs_energy_error,4246309,L4N3,7,L4N3 s7,6.03826904296875,0.20703997271741972,0.2962906576587127,19.680772645110288,True
abs_energy_error,4246309,L4N3,42,L4N3 s42,2.66064453125,0.21443938535493218,0.29780571820573154,8.214097300190755,True
abs_energy_error,4246309,L4N3,101,L4N3 s101,4.4398193359375,0.2188547617257631,0.3064262554889219,13.774813674098942,True
abs_energy_error,4246309,L4N3,202,L4N3 s202,7.877197265625,0.21289867895157077,0.36873983530476245,20.785111487449974,True
abs_energy_error,4246309,L4N3,303,L4N3 s303,2.76361083984375,0.21497051230372163,0.30262715640676385,8.421717197495582,True
abs_energy_error,4246309,L4N3,1776,L4N3 s1776,1.01513671875,0.20889746330198833,0.2988562265460486,2.697749565956539,True
abs_energy_error,4246309,L4N4,0,L4N4 s0,1.93597412109375,0.183090003550495,0.2584556041364583,6.782147840825207,True
abs_energy_error,4246309,L4N4,7,L4N4 s7,2.275390625,0.18390466804380995,0.2669865535328786,7.833675251733716,True
abs_energy_error,4246309,L4N4,42,L4N4 s42,2.15325927734375,0.18831727622949984,0.2736557746567752,7.180341812917054,True
abs_energy_error,4246309,L4N4,1776,L4N4 s1776,0.8004150390625,0.18196098293097457,0.4122309731652796,1.5002610099449343,False
abs_energy_error,5682629,L3N4,0,L3N4 s0,3.5715484619140625,0.1997303498080699,0.2806366299242564,12.01488954957891,True
abs_energy_error,5682629,L3N4,1,L3N4 s1,6.02459716796875,0.20599446008317174,0.2949561794406318,19.727007309764584,True
abs_energy_error,5682629,L3N4,7,L3N4 s7,3.882858276367188,0.20470212453629938,0.30088395537312074,12.224500795563106,True
abs_energy_error,5682629,L3N4,42,L3N4 s42,2.3777313232421875,0.265648224465159,10.080732926707148,0.20951681927624843,False
abs_energy_error,5682629,L3N4,101,L3N4 s101,4.188591003417969,0.19947978295959182,0.28335871310257266,14.077955030147118,True
abs_energy_error,5682629,L3N4,202,L3N4 s202,1.2783432006835938,0.23565154646359734,1.184069195510051,0.8806002708066781,False
abs_energy_error,5682629,L3N5,0,L3N5 s0,0.953094482421875,0.27910872991609503,0.36418024682675726,1.8506927774871849,False
abs_energy_error,5682629,L3N5,1,L3N5 s1,3.5872726440429688,0.20622627334078425,0.2853231740266558,11.849883495219762,True
abs_energy_error,5682629,L3N5,2,L3N5 s2,1.6711578369140625,0.2711846569232875,0.3596966094728214,3.8920944571665657,True
abs_energy_error,5682629,L3N5,3,L3N5 s3,2.6001510620117188,0.21322648383491905,2.6399977202385,0.9041388785597749,False
abs_energy_error,5682629,L3N5,4,L3N5 s4,6.255645751953125,0.2038352158157795,0.2931835987286264,20.64170902595053,True
abs_energy_error,5682629,L3N5,7,L3N5 s7,5.978927612304688,0.21562233584981877,0.4545444467777628,12.679299719335658,True
abs_energy_error,5682629,L3N5,42,L3N5 s42,1.900718688964844,0.2081716774016153,0.28944413527122254,5.847577495316096,True
abs_energy_error,5682629,L3N5,1776,L3N5 s1776,3.423675537109375,0.21555212002652696,0.3658846474755826,8.768127985738847,True
abs_energy_error,5682629,L4N3,7,L4N3 s7,2.702911376953125,0.20703997271741972,0.2962906576587127,8.42372629619195,True
abs_energy_error,5682629,L4N3,42,L4N3 s42,0.669677734375,0.21443938535493218,0.29780571820573154,1.528642068268071,False
abs_energy_error,5682629,L4N3,101,L4N3 s101,5.0531158447265625,0.2188547617257631,0.3064262554889219,15.776262628955994,True
abs_energy_error,5682629,L4N3,202,L4N3 s202,1.5882415771484375,0.21289867895157077,0.36873983530476245,3.729846266976145,True
abs_energy_error,5682629,L4N3,303,L4N3 s303,2.7441329956054688,0.21497051230372163,0.30262715640676385,8.35735468466114,True
abs_energy_error,5682629,L4N3,1776,L4N3 s1776,2.480537414550781,0.20889746330198833,0.2988562265460486,7.601113008427723,True
abs_energy_error,5682629,L4N4,0,L4N4 s0,4.868782043457031,0.183090003550495,0.2584556041364583,18.129581889168882,True
abs_energy_error,5682629,L4N4,7,L4N4 s7,0.0985870361328125,0.18390466804380995,0.2669865535328786,-0.31955778589610073,False
abs_energy_error,5682629,L4N4,42,L4N4 s42,4.971138000488281,0.18831727622949984,0.2736557746567752,17.477507025961703,True
abs_energy_error,5682629,L4N4,1776,L4N4 s1776,5.719444274902344,0.18196098293097457,0.4122309731652796,13.432962713724022,True
abs_energy_error,3860115,L3N4,0,L3N4 s0,1.91912841796875,0.1997303498080699,0.2806366299242564,6.126777066218135,True
abs_energy_error,3860115,L3N4,1,L3N4 s1,6.292694091796875,0.20599446008317174,0.2949561794406318,20.635945458938323,True
abs_energy_error,3860115,L3N4,7,L3N4 s7,1.1524658203125,0.20470212453629938,0.30088395537312074,3.1499309911719817,True
abs_energy_error,3860115,L3N4,42,L3N4 s42,6.3416748046875,0.265648224465159,10.080732926707148,0.6027365891348005,False
abs_energy_error,3860115,L3N4,101,L3N4 s101,0.861785888671875,0.19947978295959182,0.28335871310257266,2.3373415924307075,True
abs_energy_error,3860115,L3N4,202,L3N4 s202,1.34844970703125,0.23565154646359734,1.184069195510051,0.9398083868639978,False
abs_energy_error,3860115,L3N5,0,L3N5 s0,3.582275390625,0.27910872991609503,0.36418024682675726,9.070142297641533,True
abs_energy_error,3860115,L3N5,1,L3N5 s1,3.664703369140625,0.20622627334078425,0.2853231740266558,12.12126252134269,True
abs_energy_error,3860115,L3N5,2,L3N5 s2,0.95367431640625,0.2711846569232875,0.3596966094728214,1.8974036493789392,False
abs_energy_error,3860115,L3N5,3,L3N5 s3,3.595550537109375,0.21322648383491905,2.6399977202385,1.2811844598747961,False
abs_energy_error,3860115,L3N5,4,L3N5 s4,0.10809326171875,0.2038352158157795,0.2931835987286264,-0.3265597206399298,False
abs_energy_error,3860115,L3N5,7,L3N5 s7,3.3857421875,0.21562233584981877,0.4545444467777628,6.97427913622741,True
abs_energy_error,3860115,L3N5,42,L3N5 s42,3.125579833984375,0.2081716774016153,0.28944413527122254,10.079347967610445,True
abs_energy_error,3860115,L3N5,1776,L3N5 s1776,3.49896240234375,0.21555212002652696,0.3658846474755826,8.973894654971392,True
abs_energy_error,3860115,L4N3,7,L4N3 s7,2.957916259765625,0.20703997271741972,0.2962906576587127,9.284384154349029,True
abs_energy_error,3860115,L4N3,42,L4N3 s42,5.84991455078125,0.21443938535493218,0.29780571820573154,18.923327595520487,True
abs_energy_error,3860115,L4N3,101,L4N3 s101,0.726837158203125,0.2188547617257631,0.3064262554889219,1.6577639395385517,False
abs_energy_error,3860115,L4N3,202,L4N3 s202,1.61114501953125,0.21289867895157077,0.36873983530476245,3.79195900932166,True
abs_energy_error,3860115,L4N3,303,L4N3 s303,1.5819091796875,0.21497051230372163,0.30262715640676385,4.516906822289484,True
abs_energy_error,3860115,L4N3,1776,L4N3 s1776,1.159820556640625,0.20889746330198833,0.2988562265460486,3.1818747908607343,True
abs_energy_error,3860115,L4N4,0,L4N4 s0,4.086090087890625,0.183090003550495,0.2584556041364583,15.101239910740881,True
abs_energy_error,3860115,L4N4,7,L4N4 s7,3.98529052734375,0.18390466804380995,0.2669865535328786,14.238117272193675,True
abs_energy_error,3860115,L4N4,42,L4N4 s42,5.387847900390625,0.18831727622949984,0.2736557746567752,19.00025910537603,True
abs_energy_error,3860115,L4N4,1776,L4N4 s1776,2.544403076171875,0.18196098293097457,0.4122309731652796,5.7308699419189555,True
abs_energy_error,6851662,L3N4,0,L3N4 s0,3.932586669921875,0.1997303498080699,0.2806366299242564,13.30138664051553,True
abs_energy_error,6851662,L3N4,1,L3N4 s1,2.957733154296875,0.20599446008317174,0.2949561794406318,9.329313593063976,True
abs_energy_error,6851662,L3N4,7,L3N4 s7,4.9256591796875,0.20470212453629938,0.30088395537312074,15.690291791387903,True
abs_energy_error,6851662,L3N4,42,L3N4 s42,5.109954833984375,0.265648224465159,10.080732926707148,0.4805510318287541,False
abs_energy_error,6851662,L3N4,101,L3N4 s101,5.117706298828125,0.19947978295959182,0.28335871310257266,17.35689177162585,True
abs_energy_error,6851662,L3N4,202,L3N4 s202,4.23712158203125,0.23565154646359734,1.184069195510051,3.379422461745552,True
abs_energy_error,6851662,L3N5,0,L3N5 s0,3.662139892578125,0.27910872991609503,0.36418024682675726,9.28944167658648,True
abs_energy_error,6851662,L3N5,1,L3N5 s1,1.395477294921875,0.20622627334078425,0.2853231740266558,4.168084228132087,True
abs_energy_error,6851662,L3N5,2,L3N5 s2,5.12530517578125,0.2711846569232875,0.3596966094728214,13.495041073565469,True
abs_energy_error,6851662,L3N5,3,L3N5 s3,2.9326171875,0.21322648383491905,2.6399977202385,1.030073125752324,False
abs_energy_error,6851662,L3N5,4,L3N5 s4,6.243804931640625,0.2038352158157795,0.2931835987286264,20.601321977139314,True
abs_energy_error,6851662,L3N5,7,L3N5 s7,2.926177978515625,0.21562233584981877,0.4545444467777628,5.963235634888438,True
abs_energy_error,6851662,L3N5,42,L3N5 s42,4.1641845703125,0.2081716774016153,0.28944413527122254,13.667621522902571,True
abs_energy_error,6851662,L3N5,1776,L3N5 s1776,4.481842041015625,0.21555212002652696,0.3658846474755826,11.66020479521161,True
abs_energy_error,6851662,L4N3,7,L4N3 s7,0.095611572265625,0.20703997271741972,0.2962906576587127,-0.3760780084404327,False
abs_energy_error,6851662,L4N3,42,L4N3 s42,0.45318603515625,0.21443938535493218,0.29780571820573154,0.8016859153670977,False
abs_energy_error,6851662,L4N3,101,L4N3 s101,1.318389892578125,0.2188547617257631,0.3064262554889219,3.588253653715104,True
abs_energy_error,6851662,L4N3,202,L4N3 s202,3.547607421875,0.21289867895157077,0.36873983530476245,9.04352723422817,True
abs_energy_error,6851662,L4N3,303,L4N3 s303,2.787445068359375,0.21497051230372163,0.30262715640676385,8.50047492961262,True
abs_energy_error,6851662,L4N3,1776,L4N3 s1776,3.80194091796875,0.20889746330198833,0.2988562265460486,12.02264880405005,True
abs_energy_error,6851662,L4N4,0,L4N4 s0,2.25982666015625,0.183090003550495,0.2584556041364583,8.035177505802073,True
abs_energy_error,6851662,L4N4,7,L4N4 s7,2.069610595703125,0.18390466804380995,0.2669865535328786,7.06292471552166,True
abs_energy_error,6851662,L4N4,42,L4N4 s42,3.36212158203125,0.18831727622949984,0.2736557746567752,11.597797670385,True
abs_energy_error,6851662,L4N4,1776,L4N4 s1776,4.46453857421875,0.18196098293097457,0.4122309731652796,10.388781702656585,True
abs_energy_error,7081698,L3N4,0,L3N4 s0,4.0084075927734375,0.1997303498080699,0.2806366299242564,13.571561360301848,True
abs_energy_error,7081698,L3N4,1,L3N4 s1,3.260955810546875,0.20599446008317174,0.2949561794406318,10.357339711469242,True
abs_energy_error,7081698,L3N4,7,L3N4 s7,0.137969970703125,0.20470212453629938,0.30088395537312074,-0.22178701337005838,False
abs_energy_error,7081698,L3N4,42,L3N4 s42,0.0241012573242187,0.265648224465159,10.080732926707148,-0.023961250525842585,False
abs_energy_error,7081698,L3N4,101,L3N4 s101,2.052528381347656,0.19947978295959182,0.28335871310257266,6.539585736039397,True
abs_energy_error,7081698,L3N4,202,L3N4 s202,4.238563537597656,0.23565154646359734,1.184069195510051,3.380640258451922,True
abs_energy_error,7081698,L3N5,0,L3N5 s0,0.527618408203125,0.27910872991609503,0.36418024682675726,0.6823809925233192,False
abs_energy_error,7081698,L3N5,1,L3N5 s1,1.8889389038085935,0.20622627334078425,0.2853231740266558,5.89756733293106,True
abs_energy_error,7081698,L3N5,2,L3N5 s2,1.207366943359375,0.2711846569232875,0.3596966094728214,2.6026997802625247,True
abs_energy_error,7081698,L3N5,3,L3N5 s3,0.3054351806640625,0.21322648383491905,2.6399977202385,0.03492756683926728,False
abs_energy_error,7081698,L3N5,4,L3N5 s4,0.4744338989257812,0.2038352158157795,0.2931835987286264,0.9229666471229533,False
abs_energy_error,7081698,L3N5,7,L3N5 s7,1.8613739013671875,0.21562233584981877,0.4545444467777628,3.6206614714666494,True
abs_energy_error,7081698,L3N5,42,L3N5 s42,0.9783401489257812,0.2081716774016153,0.28944413527122254,2.6608536075622413,True
abs_energy_error,7081698,L3N5,1776,L3N5 s1776,2.052947998046875,0.21555212002652696,0.3658846474755826,5.0217900387388275,True
abs_energy_error,7081698,L4N3,7,L4N3 s7,2.974365234375,0.20703997271741972,0.2962906576587127,9.33990050015404,True
abs_energy_error,7081698,L4N3,42,L4N3 s42,2.9001617431640625,0.21443938535493218,0.29780571820573154,9.01837068136404,True
abs_energy_error,7081698,L4N3,101,L4N3 s101,6.488365173339844,0.2188547617257631,0.3064262554889219,20.46009537143184,True
abs_energy_error,7081698,L4N3,202,L4N3 s202,4.192420959472656,0.21289867895157077,0.36873983530476245,10.792222319110225,True
abs_energy_error,7081698,L4N3,303,L4N3 s303,2.503456115722656,0.21497051230372163,0.30262715640676385,7.562062937745614,True
abs_energy_error,7081698,L4N3,1776,L4N3 s1776,4.893333435058594,0.20889746330198833,0.2988562265460486,15.674547008425185,True
abs_energy_error,7081698,L4N4,0,L4N4 s0,2.51776123046875,0.183090003550495,0.2584556041364583,9.033161554839435,True
abs_energy_error,7081698,L4N4,7,L4N4 s7,2.30963134765625,0.18390466804380995,0.2669865535328786,7.961924117465575,True
abs_energy_error,7081698,L4N4,42,L4N4 s42,0.1285629272460937,0.18831727622949984,0.2736557746567752,-0.21835588544897802,False
abs_energy_error,7081698,L4N4,1776,L4N4 s1776,1.1080856323242188,0.18196098293097457,0.4122309731652796,2.2466158772158162,True
