metric,source_index,target_energy,max_target_atomic_force,h_planarity_ratio,in_high_force,in_high_energy,in_planar,l3n4_median_energy_abs_error,l3n5_median_energy_abs_error,l3n5_minus_l3n4_energy_abs_error,l3n4_median_force_rmse,l3n5_median_force_rmse,l3n5_minus_l3n4_force_rmse,target_force_rms,target_force_mean_atom_magnitude,ch_mean,ch_min,ch_max,ch_range,ch_cv,hch_min_deg,hch_max_deg,hch_mean_deg,hch_angle_rmse_tetra_deg,chh_mean_deg,hhh_mean_deg,hydrogen_center_angle_mean_deg,all_atom_angle_mean_deg,atom_center_mean_angle_std_deg,tetrahedral_asymmetry,hh_min,hh_max,h_tetra_volume,rank,absolute_improvement,percent_improvement,matched_seed_wins
energy_abs_error,6266598,1055.802978515625,4476.731168443207,0.0568892628302824,True,True,False,8.67425537109375,3.349853515625,-5.32440185546875,65.49899549001131,64.76053199399868,-0.7384634960126277,1733.6976620376502,2327.8553786774414,1.1355949189598216,0.5000419525567352,1.9405717687605823,1.4405298162038471,0.560183713600381,9.91573018793351,110.09796268600097,64.93393288755058,55.653406180755695,57.53303355622473,60.0,58.76651677811236,60.00000000000001,25.756874405456685,0.9552385190556911,0.7886393017656036,1.912833836949127,0.04822993065696077,1,5.32440185546875,61.38165903221948,4/4
energy_abs_error,5135411,-28.96138000488281,683.2154150202966,0.0624427743204797,True,False,False,2.6906747817993164,1.2095928192138672,-1.4810819625854492,7.608120327049846,7.29908201359912,-0.3090383134507259,242.5660324268609,318.04034173472814,1.256415128624294,0.7986460255959523,1.460809632218492,0.6621636066225397,0.2136419290310177,35.86538889756758,167.32114292092115,106.89783968540523,51.27728167959659,36.5510801572974,60.0,48.2755400786487,60.0,24.64581858677527,0.7404039168578824,0.8689793171264122,2.629882534397388,0.0915840779414165,2,1.4810819625854492,55.04500107571587,4/4
energy_abs_error,6360591,-52.64358901977539,251.14580256404997,0.084937506865684,True,False,False,1.6442756652832031,0.32733154296875,-1.3169441223144531,3.232833260286214,3.2090837945476998,-0.0237494657385148,89.97512376383594,135.57892468207206,1.4852121748588267,0.9886015270260984,1.8565767881192956,0.8679752610931972,0.21340752021542592,27.530629205754828,121.94584507417703,68.28922057651613,53.0825577533178,55.85538971174193,60.0,57.92769485587095,60.00000000000001,23.544245820529518,0.9033065742899966,0.7560897942965618,2.707647979917086,0.11249541107146882,3,1.3169441223144531,80.09266025886409,4/4
energy_abs_error,7700291,-84.5953598022461,161.87158998919742,0.0383891846978666,False,False,True,2.0195465087890625,0.7217483520507812,-1.2977981567382812,4.994359853669891,4.993602249802176,-0.000757603867715,58.92941717773635,85.4309597037068,1.5289567230993528,1.050399207719775,1.8213808106561822,0.7709816029364072,0.19866713228392807,33.57016408771353,159.83897589681433,102.70420683411517,51.44037966909914,38.64789658294242,60.00000000000001,49.32394829147122,60.00000000000001,25.446297488763655,0.7854588769400419,1.0076540042036226,3.3590971589483214,0.08687530859267022,4,1.2977981567382812,64.26186032806207,4/4
energy_abs_error,4778168,102.83438110351562,1095.6778672505068,0.112149486964093,True,True,False,1.5999755859375,0.42877197265625,-1.17120361328125,5.378358101088747,4.962804862321564,-0.415553238767183,430.2264193242648,654.1506241610771,1.073284911668184,0.7399048822107523,1.8875544483246065,1.1476495661138542,0.4402362933296544,55.844615761277055,135.9042451663976,96.70913247015774,33.75048165000534,41.64543376492113,60.00000000000001,50.82271688246058,60.00000000000002,25.19029897002109,0.7266815591160233,0.7832075687779718,2.499923837943459,0.12997880963076527,5,1.17120361328125,73.20134279392691,4/4
energy_abs_error,7533136,-5.817512035369873,440.0471436684739,0.059561788728835,True,False,False,1.2785544395446775,0.2779698371887207,-1.000584602355957,3.539652673731732,3.693554392505279,0.1539017187735467,148.82931128471563,194.64463120098426,1.7072730519897314,0.862725766352088,2.772621603966803,1.9098958376147148,0.40134351391370315,47.91001922736072,147.66853040996043,104.9540907960017,33.31498449425724,37.522954601999146,60.0,48.761477300999566,60.00000000000001,31.64774047026366,0.6310740310778146,1.2474173216757192,3.8745841978682662,0.3664020106994233,6,1.000584602355957,78.25905345980324,4/4
energy_abs_error,6233586,-155.23348999023438,190.5740865538173,0.0762589689763771,True,False,False,1.1999969482421875,0.2218093872070312,-0.9781875610351562,3.591909980726069,3.961316860096983,0.3694068793709131,72.58067084961775,116.80524241262825,1.273024544425374,1.0219484611677474,1.4857087014036106,0.46376024023586315,0.13827711821205452,33.928297260860035,145.37127621372255,93.2459539785629,40.39393025966575,43.37702301071855,60.0,51.68851150535928,60.000000000000014,24.89271663237553,0.7214674913385843,0.8556290418592586,2.467866363915617,0.11546791868159668,7,0.9781875610351562,81.51583739175769,4/4
energy_abs_error,3986441,-14.988593101501465,81.56416086880213,0.5545674904598413,False,False,False,1.3189067840576172,0.3569622039794922,-0.961944580078125,2.257222239029044,2.317832114356888,0.0606098753278439,37.098948472530566,61.38446178653402,2.3690785499271776,1.0484191038052755,2.960693152187555,1.9122740483822795,0.32855040563152915,29.79118445442855,63.45357265344833,40.60793343218728,69.78775032480512,69.69603328390637,60.0,64.84801664195318,60.00000000000001,14.48448739425635,1.0426780134523932,1.6332453333414247,2.617035498527732,0.8233319291425228,8,0.961944580078125,72.93499371644008,4/4
energy_abs_error,4246309,956.009521484375,4542.151327963925,0.0965337164199994,True,True,False,2.22216796875,1.279815673828125,-0.942352294921875,10.169226742262564,6.861772915311244,-3.3074538269513187,1719.7346409462784,2307.5072746375704,1.4332701170009976,0.5077670214752039,2.8261311858613185,2.3183641643861144,0.6801373690268674,25.17177070299197,145.33281796686882,102.00345118347099,39.25201747942198,38.998274408264514,60.00000000000001,49.49913720413226,60.00000000000001,35.19798396722313,0.7952514120499286,0.7565255167898478,4.256838622349128,0.3598620348650339,9,0.942352294921875,42.40688859591299,4/4
energy_abs_error,6431212,-23.83555603027344,79.06343886426193,0.1694294601185055,False,False,False,1.9236345291137693,0.9864683151245116,-0.9371662139892578,2.497149127242582,1.6446255095281623,-0.8525236177144198,35.26061561779203,57.928629290310994,2.143336345487376,1.937208402758043,2.7467281879901124,0.8095197852320695,0.1625537713095048,29.815523480944794,101.24870457983955,57.467492939604284,58.17967575286332,61.26625353019788,60.0,60.63312676509895,60.000000000000014,19.06060162356915,0.99254040261927,1.4361850424191815,3.113462705944487,0.34063394404837793,10,0.9371662139892578,48.7185169430815,4/4
energy_abs_error,6884814,89.39464569091797,1118.8609175821896,0.1171165976883283,True,True,False,1.4697532653808594,0.5478515625,-0.9219017028808594,5.1215486738698965,4.437400424023775,-0.6841482498461211,406.33647421136965,464.7063635364519,1.7937084193913977,0.7145233937951946,2.6152893784723346,1.90076598467714,0.4617278366583357,10.038404521389255,143.83746732096193,90.18687664246526,49.94577109635657,44.90656167876736,60.0,52.45328083938369,59.99999999999999,33.693584460758565,0.8219593743379551,1.5102189881835149,4.90880268477497,0.40103619331030904,11,0.9219017028808594,62.72492972770947,4/4
energy_abs_error,3297536,-51.58659362792969,90.29604035629434,0.0182691020579485,False,False,True,1.533761978149414,0.6588172912597656,-0.8749446868896484,2.5230997694968336,2.330927654566436,-0.1921721149303974,35.291711649027036,54.54723776427522,1.9937092781252406,1.324957706092626,2.986213115094156,1.6612554090015301,0.32513487693952015,45.0697661783069,147.00073729339042,90.79169810567738,40.14812727561555,44.60415094716131,60.0,52.30207547358066,60.0,18.47089527688777,0.8394578696901488,1.7719429848681705,3.5641405055497692,0.08844333650042134,12,0.8749446868896484,57.04566284433048,4/4
energy_abs_error,6875260,129.33782958984375,1727.201625412213,0.2116218568894353,True,True,False,1.5479583740234375,0.7123184204101562,-0.8356399536132812,3.905538183467924,3.843323022117044,-0.0622151613508794,625.3157475790349,704.5962448435967,1.472764649143838,0.6372465559696708,2.1894246918801157,1.5521781359104447,0.4208776791191829,26.92420731601545,140.05003466424154,91.22369966941096,45.090977590206,44.38815016529452,59.99999999999999,52.19407508264725,60.0,25.42188598520286,0.7721225910209604,1.2857652469498466,3.2763164786064696,0.4406566240625323,13,0.8356399536132812,53.98336076966298,4/4
energy_abs_error,4311297,0.140861377120018,669.0704176590882,0.1819663796795056,True,False,False,1.7152711749076843,0.8818759918212891,-0.8333951830863953,4.490135904674215,4.371221466294685,-0.1189144383795302,253.04379725566994,370.73013052688856,1.205317932899683,0.8512597550603712,1.8630285507624498,1.0117687957020784,0.3264103655574967,25.67534998437545,149.73549611412656,83.22417424734125,49.35352644085767,48.38791287632936,60.00000000000001,54.19395643816466,59.99999999999999,27.749852042691384,0.8235725217004888,0.5246826621001021,2.741519135116292,0.15715659912547222,14,0.8333951830863953,48.586788799225786,4/4
energy_abs_error,7471829,-26.54686737060547,145.37162736198923,0.2990616212207653,False,False,False,1.2210073471069336,0.397348403930664,-0.8236589431762695,1.564633871310171,1.553971939046774,-0.0106619322633969,50.24403903426067,74.86314130861,1.9826100605401584,1.0386525251627465,2.8553929361900603,1.8167404110273138,0.3678729625995564,17.858196457522048,81.79771421022282,51.80458521916163,60.94527297349354,64.09770739041919,60.00000000000001,62.04885369520957,59.999999999999986,21.730995335468226,0.9504719990912336,1.1231081735315966,2.9491110040268964,0.6624637053690342,15,0.8236589431762695,67.45732899378983,4/4
energy_abs_error,3958523,-48.54303359985352,619.3285289998116,0.1798073802516589,True,False,False,1.43609619140625,0.6266727447509766,-0.8094234466552734,4.900131340218248,4.759929677190881,-0.1402016630273674,206.1253024651755,257.27313863889054,1.5333381230607017,0.8309285237090617,2.284673466081729,1.4537449423726674,0.37780921480343166,45.68468967116722,152.64324868768895,94.93966587544224,42.634348307114166,42.53016706227888,60.00000000000001,51.265083531139446,60.000000000000014,28.17779620760079,0.7508222759567286,1.3614735805486302,3.046695108157587,0.4615510252154993,16,0.8094234466552734,56.36275978579625,4/4
energy_abs_error,3296808,231.32760620117188,2004.9007509127744,0.0095470559938402,True,True,True,0.8751296997070312,0.0867233276367187,-0.7884063720703125,1.709829853979647,2.0400004616561804,0.3301706076765334,731.4599153946655,833.888333185927,1.788922183189943,0.6131568729641518,2.893739613523232,2.28058274055908,0.4674411224010046,34.87787298129377,130.48753954509874,91.61458754728743,35.90855300659734,44.19270622635631,60.0,52.09635311317815,60.0,21.96743350488289,0.8518978344111638,1.5235720603849652,3.323881915613728,0.04252465286369536,17,0.7884063720703125,90.09023146331894,4/4
energy_abs_error,5699432,-82.49061584472656,79.01238463718785,0.2211008422923056,False,False,False,1.4532432556152344,0.6821327209472656,-0.7711105346679688,3.512320163890892,3.439054776808467,-0.0732653870824249,32.170104949919654,52.82910801376274,1.6840519149667306,1.2934537450094301,2.1316961428846226,0.8382423978751925,0.17687390577609838,36.946791025621614,162.42733230246898,105.0619158882645,49.78999281261491,37.46904205586777,60.0,48.73452102793388,60.00000000000001,25.293336048811017,0.6760732353067822,1.0494255228802283,3.6333015305429393,0.5841238506333674,18,0.7711105346679688,53.0613530589906,4/4
energy_abs_error,5797633,418.9857177734375,2914.668777720345,0.1581260031976437,True,True,False,1.4322052001953125,0.666412353515625,-0.7657928466796875,3.370963847025606,3.211431078762286,-0.1595327682633196,1059.3611151446453,1193.1527685270953,1.9339876952415107,0.5514290372194929,2.9358471574965144,2.3844181202770214,0.4598348498678447,40.3158125102122,97.0288608421163,62.63546159200336,51.74872997495329,58.68226920399834,60.0,59.341134601999165,60.00000000000002,25.814735592719035,0.9164526083682087,1.5105285008174472,4.027314410601583,0.54954796431422,19,0.7657928466796875,53.46949212132835,4/4
energy_abs_error,3630651,-55.61471176147461,115.70522652356624,0.138471265563248,False,False,False,0.9855995178222656,0.2207298278808593,-0.7648696899414062,2.7844440526833143,2.86242191880788,0.0779778661245655,49.79290451510578,82.91934695396228,1.7453459388315093,1.0354401873768648,2.1987138282416328,1.163273640864768,0.254731312600752,41.62307103004182,163.45969786758363,89.65722221954043,48.611824588170464,45.171388890229785,60.0,52.58569444511489,60.00000000000001,30.674006472701617,0.7864585603528654,1.1895768080197588,4.183745187563114,0.3733023350786329,20,0.7648696899414062,77.60451137713889,4/4
energy_abs_error,3538906,-10.420146942138672,65.23920505992535,0.0841401073650634,False,False,False,1.2740774154663086,0.5135488510131836,-0.760528564453125,1.7397105872691825,2.4745842780735856,0.7348736908044031,31.495876295687967,53.46374257402995,2.1733077154407097,1.5231402634998772,2.908656780833942,1.385516517334065,0.2375911006716448,11.104637693638225,121.62952977321527,65.57344937702003,54.55727884599001,57.21327531148999,60.00000000000001,58.606637655745004,60.000000000000014,26.219415731745165,0.9193439279161767,1.444144056941849,3.7267842360611256,0.3332209025861104,21,0.760528564453125,59.69249240437825,4/4
energy_abs_error,4193180,-53.760929107666016,63.13612337591577,0.2217456865486363,False,False,False,1.1773967742919922,0.4322586059570312,-0.7451381683349609,1.9759036490881976,2.4992460743325253,0.5233424252443277,24.842417343153482,39.743746652178615,2.1528983438124736,1.16973833553283,2.9842238811630906,1.8144855456302607,0.3137691289652546,13.75379105427055,40.414370266395856,26.468804731123253,83.48018734694898,76.7655976344384,60.0,68.3827988172192,60.0,26.67624060376105,1.1467295617321118,1.055456889071728,1.989869674914335,0.17713669235361254,22,0.7451381683349609,63.28692116411116,4/4
energy_abs_error,4839551,127.39763641357422,1532.0652796884274,0.1230856255705532,True,True,False,0.8586578369140625,0.1300315856933593,-0.7286262512207031,2.303152214438945,1.7900458133754389,-0.5131064010635065,559.2132752550345,652.6954693772858,1.9775079835097238,0.659179575021671,2.832450756862975,2.173271181841304,0.41043877345139673,22.740951695076564,89.61234476381172,52.860976444096416,61.89494811613586,63.56951177795178,60.00000000000001,61.784755888975894,60.0,7.681242885399124,1.0734097375338316,1.1205877115552996,2.717552941042739,0.2028603988188914,23,0.7286262512207031,84.85641426616672,4/4
energy_abs_error,6690948,164.58885192871094,1983.1853450377337,0.0562569930461095,True,True,False,1.0137863159179688,0.2900619506835937,-0.723724365234375,2.6926224663821063,2.520856696226075,-0.1717657701560311,717.1114405365076,844.9332442375768,1.8556648441836099,0.6183215086619581,2.8983653762281256,2.2800438675661674,0.4792132598389921,27.496149819413645,158.3948714597698,105.62730094078297,41.15895310571269,37.18634952960851,60.0,48.59317476480425,60.0,27.459754828562172,0.844684864691554,1.3422705794361476,4.019795423394835,0.279715039916339,24,0.723724365234375,71.38825548054997,4/4
energy_abs_error,3113178,-3.3617053031921387,372.6474389136463,0.0319444425307694,True,False,True,1.3265745639801023,0.6096277236938477,-0.7169468402862549,3.1391761892501338,3.1268345049765407,-0.012341684273593,130.91782658607627,193.7764525454064,1.8244485067780878,0.930677684892134,2.9099581883557613,1.9792805034636274,0.3918645840207394,18.913767181638317,149.4456762338812,81.62463624915951,65.34571933379456,49.187681875420246,60.0,54.59384093771013,60.000000000000014,35.96861389102668,0.9095521372521453,0.7560908620107057,4.488220403650455,0.0924355653200929,25,0.7169468402862549,54.04497114245954,4/4
energy_abs_error,5821911,173.14260864257812,1498.0257856934377,0.1385168898775163,True,True,False,1.0906219482421875,0.3784332275390625,-0.712188720703125,2.9144233589035897,3.073548912651459,0.1591255537478693,544.8059903128835,659.3864711123542,1.6205269337855066,0.6606779255139004,2.9190332809255133,2.258355355411613,0.5263875132149177,29.08206790074996,105.34429217619483,61.858970964411206,55.30806222175592,59.07051451779438,60.0,59.53525725889719,59.99999999999999,25.24829705865614,0.9233077529832685,0.7656609588659954,3.0498548881341456,0.3339822277975639,26,0.712188720703125,65.30115424973766,4/4
energy_abs_error,7221643,124.28280639648438,1574.788499469642,0.1843650534792028,True,True,False,1.3454132080078125,0.6418685913085938,-0.7035446166992188,5.279618451509638,4.12565793888953,-1.1539605126201078,557.5395692250338,709.0425163138914,1.4386544150811194,0.6656133771451764,2.389838540316452,1.7242251631712757,0.43514473181043717,26.31045476593961,154.60601616302088,101.9846112830017,46.92577088384322,39.00769435849915,60.0,49.50384717924958,60.000000000000014,25.98162654296834,0.7442198648270321,0.6863417441296252,2.791913616149343,0.42979348992840505,27,0.7035446166992188,52.29208487859095,4/4
energy_abs_error,3404351,308.2397155761719,2337.3633420648857,0.0852508737947287,True,True,False,1.3053436279296875,0.6031646728515625,-0.702178955078125,8.58765320627382,8.285328448350494,-0.3023247579233263,849.2948690459676,962.9294925768957,1.7363744547382955,0.5908520704439143,2.758590693994755,2.1677386235508407,0.44282672300786613,33.65152500539319,156.41674080887128,91.7653046732574,45.61363417061165,44.11734766337128,59.99999999999999,52.05867383168563,60.000000000000014,33.51164383497541,0.7706820652000504,1.5640930421286585,4.473420758391671,0.38947246265598573,28,0.702178955078125,53.79265199247197,4/4
energy_abs_error,6901836,25.211679458618164,1263.0697795453805,0.1234080031809943,True,False,False,1.1147403717041016,0.4206609725952148,-0.6940793991088867,6.082958055192128,3.980440450294022,-2.102517604898106,456.2741202455125,544.6681459824694,1.2022499055210414,0.6853813331803327,1.6078837366821372,0.9225024035018046,0.28865732335666,19.241503168975914,170.869188987431,103.96716019170417,52.22240836195114,38.01641990414792,59.99999999999999,49.00820995207396,60.0,31.776666983115007,0.6728588706134515,0.9869813857500376,2.6960129764016725,0.1889996034430201,29,0.6940793991088867,62.2637716123844,4/4
energy_abs_error,3612864,339.827392578125,2718.1862811327924,0.1892299844549957,True,True,False,1.03753662109375,0.3525390625,-0.68499755859375,2.925635824674602,3.0582959531358727,0.1326601284612705,986.8115042662856,1107.8215355395605,1.6754773135625924,0.5640998316029429,2.7634915276282284,2.1993916960252857,0.4889619381818282,42.07749173335134,118.51213106857422,94.73679614320615,30.495639421083723,42.631601928396925,60.00000000000001,51.315800964198466,59.99999999999999,24.847615809718004,0.7169316474002038,1.3538049118888935,3.768629950680703,0.8264380923490453,30,0.68499755859375,66.0215306782752,4/4
energy_abs_error,6330183,-32.940975189208984,84.13574551652519,0.0222877621568975,False,False,True,0.9345054626464844,0.2519550323486328,-0.6825504302978516,3.4439252292716303,3.10425385739414,-0.3396713718774906,34.3009169505404,57.807952353602424,2.025850630113947,1.4876011738040213,2.429766507671066,0.9421653338670446,0.17099139969939658,38.4694875938559,161.0950119937907,87.57022234276808,47.989167548907645,46.214888828615955,59.99999999999998,53.10744441430797,60.0,28.003059922227088,0.8425822974971009,1.245245335295234,4.555378879689847,0.09950273133073491,31,0.6825504302978516,73.03867741606287,4/4
energy_abs_error,7098413,24.71476554870605,493.0819813195878,0.100470327419018,True,False,False,1.3078727722167969,0.6325302124023438,-0.6753425598144531,3.1697728691373266,3.481641927677352,0.311869058540025,177.50825440241613,246.64278121993493,1.707611462696465,0.8684949626861397,2.913478602637217,2.0449836399510772,0.46743414600554706,41.97888384051059,151.27733179728534,86.33654974190576,47.17423262144329,46.83172512904715,60.0,53.415862564523586,60.0,30.13492390567309,0.7938034982206869,0.7514846902315989,4.115912302900919,0.4235244888994372,32,0.6753425598144531,51.636716824509776,4/4
energy_abs_error,7722624,-15.649463653564451,203.51345215127031,0.205065991915055,True,False,False,1.4988136291503906,0.829035758972168,-0.6697778701782227,2.669034234028749,3.153924348782966,0.4848901147542168,68.62064540887569,105.33416233802002,2.2413534274824496,1.8540165044760135,2.6535118992609026,0.7994953947848891,0.1262548815065649,10.18792977045971,73.12352002517775,40.81037894690109,73.4040114935952,69.59481052654947,60.00000000000001,64.79740526327474,60.000000000000014,23.057217374580773,1.0967338438656438,0.7171462819675636,2.729617364951314,0.18373426307271154,33,0.6697778701782227,44.68720174087884,4/4
energy_abs_error,6851662,347.6468811035156,2736.8829295076102,0.1678599207861912,True,True,False,4.581390380859375,3.913162231445313,-0.6682281494140625,12.379268894630068,11.687836635777307,-0.6914322588527586,997.2567360273182,1122.9700906894018,2.1844963817786756,0.5617611730445575,2.880457252025453,2.3186960789808957,0.4340200582682248,13.27217145164066,58.431680859800565,39.78967806585366,72.21673950896641,70.10516096707316,60.0,65.05258048353659,60.0,17.234769471696445,1.056911442341599,0.7034519456359172,2.599153052959407,0.4042932781198106,34,0.6682281494140625,14.585706387428974,4/4
energy_abs_error,3364204,185.00421142578125,1775.5131352853748,0.1756132081167981,True,True,False,0.9887466430664062,0.3298110961914062,-0.658935546875,2.224504855120142,2.3208830053981258,0.0963781502779839,648.5300046464073,745.5815034362511,1.6609626389823906,0.6339206507149202,2.705063654546843,2.0711430038319225,0.44096182124236366,32.982972124339284,114.02512116999426,67.6029136936885,52.82830649038762,56.19854315315575,60.0,58.09927157657787,59.99999999999999,27.85160226980505,0.909340722497265,1.155327521178824,3.7131738551955227,0.3405197239500024,35,0.658935546875,66.64351798266935,4/4
energy_abs_error,4934941,-32.70682907104492,248.3957381876725,0.2364120552892427,True,False,False,0.87408447265625,0.2187690734863281,-0.6553153991699219,3.7919211103553456,3.671497066948815,-0.1204240434065306,77.92626998971281,105.59102784555292,2.033590676517176,0.9893462685937946,2.967845990791872,1.9784997221980776,0.40117236549447033,28.790564941242888,156.7308871103503,99.27891488114248,52.11973180409936,40.36054255942876,60.0,50.18027127971437,60.00000000000001,28.76185361135043,0.7682606646967864,1.5422862428387902,3.8257674748387966,1.2765987918687027,36,0.6553153991699219,74.97163256755813,4/4
energy_abs_error,3712204,392.2403564453125,2780.3594759276803,0.2946424968425798,True,True,False,2.373565673828125,1.7189178466796875,-0.6546478271484375,4.038474033337051,4.413082448084031,0.3746084147469801,939.0134124949965,1209.544335050989,1.2979552667674876,0.554627914909497,2.4461892080818175,1.8915612931723205,0.5774895093738347,38.628072110679575,135.58086134335457,98.92722708721912,37.31002624712411,40.536386456390446,59.99999999999999,50.26819322819522,60.0,26.30918671204042,0.8208120282445546,1.1740167552176186,2.992072893571302,0.40199920141290996,37,0.6546478271484375,27.58077580775808,4/4
energy_abs_error,5299963,-40.666629791259766,284.9150763551532,0.0705133216360613,True,False,False,0.9560527801513672,0.3045406341552734,-0.6515121459960938,3.410164361778784,3.156883214965002,-0.2532811468137823,125.8946484664072,195.85793681429365,2.134459792376022,1.3677017686196917,2.848242406991582,1.4805406383718904,0.2458747193854704,0.929392519064705,95.38377773858426,50.905021231017884,71.03438340751921,64.54748938449107,60.00000000000002,62.273744692245536,60.000000000000014,29.620310560648957,1.1139636123740935,0.6410957950722616,3.2567518072210997,0.054559960553147824,38,0.6515121459960938,68.1460437668455,4/4
energy_abs_error,5241670,-68.543212890625,141.86022334080087,0.2859302277968845,False,False,False,1.4087181091308594,0.7618980407714844,-0.646820068359375,1.7454023864149024,1.8460997020970007,0.1006973156820982,51.532512241822914,80.21544812347334,1.7919405068954992,1.0565858835498276,2.5167057240423802,1.4601198404925526,0.2904600170535555,33.73802008046321,148.40001618273098,81.87098715911195,53.052533237991895,49.06450642044404,60.0,54.53225321022202,60.0,23.50776513635271,0.7977045581132536,1.3753751914325878,3.744925705901479,0.6956015861873669,39,0.646820068359375,45.91550745084447,4/4
energy_abs_error,6023229,-71.44734954833984,193.70163232842813,0.028154237324637,True,False,True,0.946186065673828,0.3029594421386719,-0.6432266235351562,2.243854225838113,2.777489453550512,0.533635227712399,68.833069676347,102.77302893814647,1.7235526679155901,0.9766691182208632,2.291140690347443,1.31447157212658,0.30491121320434467,21.01173932799766,173.6377673257893,115.55171504614795,59.48115122066878,32.22414247692605,60.00000000000001,46.112071238463024,60.000000000000014,35.37061975699239,0.7738119688871943,1.0466904089017723,4.303145293246646,0.10153666474269374,40,0.6432266235351562,67.9809867076283,4/4
energy_abs_error,5255025,33.13347625732422,214.3440523160188,0.5370370118327582,True,False,False,0.9728603363037108,0.3321876525878906,-0.6406726837158203,2.5174854143079184,2.917282263424794,0.3997968491168757,74.27509508606225,98.99139362581434,2.2558007214265445,0.9554366018968043,2.752787486548302,1.7973508846514978,0.33347029941622325,20.87960289061086,63.7648075552854,46.257068937171965,64.60220085228227,66.87146553141402,60.00000000000001,63.435732765707,59.99999999999999,21.90077268120003,0.9478724398329751,1.8910055351728934,2.8399783904642306,1.1942367156063751,41,0.6406726837158203,65.85453839653844,4/4
energy_abs_error,4915057,114.51150512695312,1483.003061522416,0.1233765585795187,True,True,False,0.9665298461914062,0.3264541625976562,-0.64007568359375,2.77968779183532,3.381026994938364,0.601339203103044,544.3177710255877,722.7048732045229,1.2996579913588084,0.6753137500569758,2.3610646846258843,1.6857509345689086,0.5107667971764503,69.21096163665828,156.33078956371824,104.07621998787715,31.903635439555224,37.96189000606142,60.0,48.98094500303071,60.00000000000001,30.230378415214826,0.694290782015403,0.9072306221787974,3.3469818926406067,0.3084089297804457,42,0.64007568359375,66.22409914354502,4/4
energy_abs_error,6752784,-126.79613494873048,168.07337736208984,0.165932638509155,False,False,False,0.78692626953125,0.1493072509765625,-0.6376190185546875,2.863372420369005,3.079710343696361,0.2163379233273561,61.33798646565306,99.49549316041012,1.5203300245124594,1.072642835382136,2.1562907541518315,1.0836479187696955,0.2601546021204705,70.17677863117574,168.4588356156424,105.87459132542818,32.87755911184802,37.0627043372859,60.0,48.53135216864295,59.99999999999999,26.18849907357741,0.5826176256264918,1.4367403760810245,3.5256713358591143,0.5681288598238933,43,0.6376190185546875,81.02652602187233,4/4
energy_abs_error,3443832,-26.09792900085449,91.2888878480722,0.0508739557894161,False,False,False,1.2151012420654297,0.5806045532226562,-0.6344966888427734,3.5047734888652347,2.3152124015468347,-1.1895610873184,37.393776390467835,61.887093249834564,1.8888463693785598,1.0802270695928777,2.2187105625095227,1.138483492916645,0.24951231432654186,51.88662800460691,164.65041105477945,93.29190608420042,43.697220822707195,43.35404695789979,60.0,51.677023478949884,59.99999999999999,20.03264148667704,0.8092826916283585,1.8669665212118658,3.5730653721681707,0.22014113579609232,44,0.6344966888427734,52.217598573453486,4/4
energy_abs_error,5404794,170.6797637939453,1720.9806843702663,0.1154683365270504,True,True,False,1.5362548828125,0.904449462890625,-0.631805419921875,5.860072713312762,5.444324841466165,-0.4157478718465972,639.4727058662431,846.626213966672,1.2935784901806955,0.6377088660502273,1.7661906234541382,1.128481757403911,0.31764994363471977,16.78847369712234,114.71533439078961,77.69471865561106,49.49950879714565,51.15264067219448,59.99999999999999,55.57632033609723,60.00000000000001,20.122579894621236,0.9022080855002016,0.57052330563397,2.4470791760555604,0.09476608627478104,45,0.631805419921875,41.12634088200238,4/4
energy_abs_error,3119069,-14.501720428466797,57.29822277773186,0.0368095950956412,False,False,True,0.8266391754150391,0.2026138305664062,-0.6240253448486328,2.4639602740591524,2.3420917544323543,-0.1218685196267981,28.443452596827406,47.02756164379484,2.154299212129631,1.3345973259455195,2.8968887062481263,1.5622913803026068,0.2609713693785344,35.12658463583674,141.8211143083281,93.53675364361898,41.89143354746361,43.23162317819052,60.00000000000001,51.615811589095266,60.00000000000001,29.49083047956231,0.8022830537697008,1.8128342187730282,4.943582425927228,0.23777983959702528,46,0.6240253448486328,75.48944731966303,4/4
energy_abs_error,4560639,-79.9061279296875,88.30492335123205,0.1616604084902544,False,False,False,0.8528938293457031,0.2391891479492187,-0.6137046813964844,3.068651151609348,2.004492590268804,-1.0641585613405442,36.188389263226775,59.11090191266169,1.724604232061863,1.1304446765492744,2.517143947595089,1.3866992710458146,0.30280317019405867,23.07463135452589,142.90674523269513,76.6622935791248,52.875031894136015,51.6688532104376,60.0,55.8344266052188,60.0,25.94829538534255,0.8428776166802743,1.2515922442698548,3.084950407037188,0.41514579696241866,47,0.6137046813964844,71.9555776206386,4/4
energy_abs_error,6286138,-9.697511672973633,459.7824402321248,0.1369845904400993,True,False,False,1.318464756011963,0.7082061767578125,-0.6102585792541504,3.263109948014323,2.773558215565383,-0.4895517324489402,160.80690304010554,202.80086039415892,1.8432681947109897,0.8804115265420014,2.6903954934309278,1.8099839668889264,0.3698093856862453,13.007540056029933,122.98822978301735,84.71816213880503,47.576464826507525,47.6409189305975,60.0,53.82045946529875,60.0,27.66214113725292,0.7853317600557785,1.3795009531536788,3.998595705112976,0.5814978028173516,48,0.6102585792541504,46.285543581766646,4/4
energy_abs_error,7007391,144.3112030029297,1299.4782490359137,0.0749460778065393,True,True,False,1.125244140625,0.5166015625,-0.608642578125,2.374753385921114,2.6407935557075244,0.2660401697864105,476.14803173812624,608.0917912519851,1.5257632406430863,0.6875073160427934,2.7418179259640345,2.054310609921241,0.507648774624203,37.43604784622842,139.14581459484697,101.09708863064685,34.41355383732571,39.451455684676574,60.0,49.725727842338294,59.99999999999999,30.772054069302655,0.707627678804457,0.6670859600930631,3.4457563875992623,0.31341361996954936,49,0.608642578125,54.0898242568887,4/4
energy_abs_error,3945039,324.76519775390625,2498.224662984649,0.2735844159127906,True,True,False,0.8021392822265625,0.2010040283203125,-0.60113525390625,3.3705781955396112,2.501756455390055,-0.8688217401495564,912.0477804067059,1035.8214992452095,1.6290913493364247,0.5770124896623219,2.5543109558050787,1.9772984661427568,0.4411767744223617,46.04115070568202,127.06794060629159,90.75226406840765,30.92302635989969,44.62386796579617,60.0,52.3119339828981,59.99999999999999,21.89974183357171,0.669612299324663,1.1512748510384396,3.1402541484697037,0.9751633121378855,50,0.60113525390625,74.94150544998003,4/4
energy_abs_error,6326916,-8.697908401489258,618.5533234308971,0.0628969887490701,True,False,False,0.9542770385742188,0.3550729751586914,-0.5992040634155273,2.545830870366718,1.8963807420899688,-0.6494501282767491,223.68640838481323,308.56817641936664,1.5979150912530908,0.8146342884973378,2.363622325681891,1.5489880371845532,0.42111450508997234,38.51616919286114,177.33890788472317,104.48529499085407,48.37365629963956,37.757352504572964,60.00000000000001,48.87867625228648,60.000000000000014,28.444429061981616,0.8272237579265118,0.9425972900791415,3.416720338797705,0.18713429523644665,51,0.5992040634155273,62.79141582519848,4/4
energy_abs_error,3739698,-64.51068878173828,62.54752479159511,0.1465543905114452,False,False,False,0.7571754455566406,0.1617355346679687,-0.5954399108886719,1.0196132187194895,0.9121241956006536,-0.1074890231188359,23.936844569615314,39.066664774892395,2.026386139806585,1.1611456349920863,2.924102256192093,1.7629566212000065,0.41919010230179915,65.58173592323604,153.6502065980362,108.31377728500176,32.183276547831504,35.84311135749911,59.99999999999999,47.92155567874956,59.999999999999986,31.936495118444334,0.6449366119362291,2.293483820862324,5.331967975105351,1.2846039292881388,52,0.5954399108886719,78.63962234683031,4/4
energy_abs_error,6748725,-85.48758697509766,178.08047138026004,0.1989920012866026,False,False,False,1.187602996826172,0.5924873352050781,-0.5951156616210938,1.2521994887345904,1.2737399081718577,0.0215404194372672,62.14091201472659,85.69920222435792,1.8518173563616198,0.9769403636708132,2.7022108274838788,1.7252704638130656,0.4409508103989517,47.47095467574933,129.22452939903886,91.68707500398602,34.498181069259886,44.15646249800699,60.0,52.07823124900349,60.00000000000001,16.91370731002071,0.8012466804068503,1.8739300134913235,3.3735784338395165,0.8296079467712819,53,0.5951156616210938,50.11065677768748,4/4
energy_abs_error,6043516,100.29017639160156,833.2357917609337,0.0347283704705728,True,True,True,0.7921676635742188,0.2019500732421875,-0.5902175903320312,3.331120504460372,3.192303136771409,-0.1388173676889623,296.88127748161486,366.3729585651932,1.8166155273817375,0.7689581068188529,2.497868339776873,1.72891023295802,0.3989231867297192,20.114221989596153,145.3866922611695,83.37332912241102,54.328922419131686,48.313335438794496,59.99999999999999,54.15666771939724,59.99999999999999,35.68785302200171,0.8524561603309365,0.8349993855792558,4.757808433750737,0.12597204297293058,54,0.5902175903320312,74.50665022970018,4/4
energy_abs_error,3592795,-92.70661926269533,614.2917598364427,0.4285328814188776,True,False,False,0.9873275756835938,0.4052085876464844,-0.5821189880371094,1.59191891168661,1.7749554033044128,0.1830364916178029,211.1299051091673,262.98290520857677,1.4487246786591532,0.8083238154283365,2.530194746203967,1.7218709307756304,0.4510398894527121,34.53813443905812,91.18213306889032,68.89728805427,44.85315555233917,55.551355972865004,60.0,57.7756779864325,59.999999999999986,14.468036449280058,0.8747736534322247,1.137592963432321,2.3531682738302275,0.4727406046658809,55,0.5821189880371094,58.95905293985828,4/4
energy_abs_error,5769254,28.50126266479492,291.60095440937056,0.1646770094472457,True,False,False,1.0077800750732422,0.4316539764404297,-0.5761260986328125,1.4208244909727925,1.1609502485045096,-0.2598742424682829,102.48829280076711,135.04768217795169,2.1720370777073383,0.9194348849261105,2.897899766001192,1.9784648810750816,0.35780123463535374,48.12582701602132,162.7371237515709,106.9225143572878,44.12274410185549,36.538742821356095,60.0,48.26937141067805,60.0,28.733918952003,0.6858463225957356,1.6676335073131903,4.9765676789339075,1.3995997859882108,56,0.5761260986328125,57.16783977803307,4/4
energy_abs_error,6297318,-45.19795608520508,60.31071995069815,0.1353271292990818,False,False,False,0.9138259887695312,0.3410873413085937,-0.5727386474609375,1.226891550430749,0.9336970002169918,-0.2931945502137572,26.472931393452733,44.0106642501558,1.939333163479497,1.1915564849997025,2.7808693309677617,1.5893128459680592,0.29308802027395653,41.36672836716256,151.05801604051584,89.93423016479943,44.47135430036521,45.03288491760029,60.0,52.51644245880016,60.0,22.06682553828895,0.7448856763372433,1.2292567533753624,3.6549170685946293,0.6920657817989292,57,0.5727386474609375,62.67480401078672,4/4
energy_abs_error,4427307,-40.85712432861328,147.04538977213164,0.4060641870711362,False,False,False,0.914825439453125,0.3467426300048828,-0.5680828094482422,7.309549679626714,7.311191904718633,0.0016422250919196,53.50616545451585,85.27620846623498,1.8757327324237196,1.2588948399697548,2.3507714782886198,1.091876638318865,0.23025830195467417,59.148640700880705,167.97344695684117,102.19232005750273,39.954053391334604,38.90383997124865,60.0,49.45191998562433,60.0,23.61407176002881,0.5992877121779435,2.0758834413083544,3.591626534483534,1.6901589007586753,58,0.5680828094482422,62.0973996730827,4/4
energy_abs_error,5800579,-59.51194381713867,93.35599904324476,0.1549012174479974,False,False,False,0.7794818878173828,0.2130069732666015,-0.5664749145507812,2.316648483189369,1.9006359608535348,-0.4160125223358344,39.43776681218631,63.7952079739649,1.9208366630232128,1.1456970198358778,2.399517317437418,1.2538202976015402,0.24640574874113536,33.192589549989755,169.0152190775533,109.54514224918205,54.28744356707308,35.22742887540897,60.00000000000001,47.61371443770449,60.00000000000001,31.685139058483884,0.7233162425416505,1.3143702452800081,4.552875043563439,0.5825910333812917,59,0.5664749145507812,72.67326199675536,4/4
energy_abs_error,5640513,-45.899688720703125,77.41852455013169,0.0358433400942069,False,False,True,1.1183948516845703,0.5520706176757812,-0.5663242340087891,2.213034848329468,1.8537489438676096,-0.3592859044618581,33.06660869321105,54.854331630439695,1.9965956658939912,1.3871980363939376,2.8536224341751018,1.4664243977811642,0.2671294583276286,16.915856990761036,133.4934784312816,76.48833770582182,56.23106875038867,51.755831147089104,60.00000000000001,55.87791557354455,60.0,31.596751236268094,0.9073882654115245,1.0816627963059429,4.337056179777166,0.1256647889531258,60,0.5663242340087891,50.63723542322904,4/4
energy_abs_error,3106375,347.6141052246094,2608.335820098651,0.0532652948803482,True,True,False,1.3870697021484375,0.82501220703125,-0.5620574951171875,4.282464962383802,3.412007568998684,-0.8704573933851183,951.4227462326754,1072.5143530127866,1.7255046139482895,0.5683720436522245,2.3511253394558085,1.7827532958035839,0.4044075938378875,18.22999234705126,81.6645475490878,46.921199423452265,66.25253156096542,66.53940028827385,60.0,63.26970014413693,60.0,20.181012215237548,1.0334327306650566,1.2688335121617327,2.620642889584144,0.08216458949321763,61,0.5620574951171875,40.52121492139973,4/4
energy_abs_error,4728032,-82.99309539794922,112.08153375629423,0.4681423507803826,False,False,False,0.639678955078125,0.0836868286132812,-0.5559921264648438,3.456569767884349,3.487068073468913,0.030498305584564,45.25681519564989,73.1320495537837,1.879325061519936,1.2840789288369123,2.431936289744796,1.1478573609078837,0.26988480246453356,34.70477251974673,107.20711104553484,63.031724336679986,52.03887134097946,58.48413783166001,60.0,59.24206891583,59.999999999999986,6.057146880313737,0.8967491249875258,1.4690341479022055,2.353561455966318,0.7508864704252853,62,0.5559921264648438,86.91737035446782,4/4
energy_abs_error,7308539,-40.01927185058594,114.38029855506898,0.0549705256780542,False,False,False,0.7753639221191406,0.2212753295898437,-0.5540885925292969,1.3354681502999886,1.4737683851457208,0.1383002348457322,38.38831783566353,56.364430158736965,2.1269419041853412,1.3867852160344059,2.981971895862946,1.5951866798285403,0.3409487737005377,40.66080557176372,116.93474895868981,77.14068601840397,41.212970609692086,51.429656990798016,60.0,55.714828495399026,59.99999999999999,27.053875829325875,0.8548426168867367,1.8988489662069754,4.284202209338513,0.3229352863763405,63,0.5540885925292969,71.4617454749406,4/4
energy_abs_error,6539275,-64.05331420898438,81.93427123947194,0.0588687126928539,False,False,False,0.7111015319824219,0.1654205322265625,-0.5456809997558594,1.2903162411136493,1.3712830150025503,0.080966773888901,31.349750520710078,49.84725465925662,1.9424199393586687,1.250979952909312,2.6464437445443707,1.3954637916350587,0.3284018736347028,39.14045377390593,146.36553634926895,93.36683250960293,44.359991759678664,43.31658374519853,59.99999999999999,51.65829187259926,59.99999999999999,29.283880625940892,0.8138926864826144,1.7795652006526637,4.553593177293775,0.27952996429795324,64,0.5456809997558594,76.73742429363074,4/4
energy_abs_error,5631022,-69.16529083251953,366.8025788562562,0.1106228793784588,True,False,False,1.1747665405273438,0.6329879760742188,-0.541778564453125,4.437494210546147,4.671970497975981,0.2344762874298345,125.8075897758654,181.72614989194514,1.6548254800686306,0.9203266980590042,2.812228238955632,1.8919015408966278,0.4239208969774876,31.94180584713205,152.184679689858,90.05367886817139,53.55652370814417,44.97316056591433,60.00000000000001,52.48658028295717,60.0,28.21095699952171,0.8734773195006977,0.7942862893620176,3.509714403676844,0.29581199971940836,65,0.541778564453125,46.11797712675105,4/4
energy_abs_error,7651241,16.45327377319336,1049.371261772139,0.0364925330923005,True,False,True,0.6916942596435547,0.1604251861572265,-0.5312690734863281,2.778152047423867,2.8347885144406684,0.0566364670168013,368.53972229656864,434.95511762969124,1.4971358115033924,0.7199736066767273,2.3575701565235363,1.637596549846809,0.40807398860569205,10.221060129587897,115.2135147129054,78.66000456396272,48.663168040836844,50.669997718018635,60.0,55.33499885900932,60.0,24.07413790040292,0.9045012547650529,1.2088041054834295,2.90538056037692,0.07125299797314387,66,0.5312690734863281,76.80692243421288,4/4
energy_abs_error,4822895,19.25062561035156,566.8100163039583,0.0626076900866753,True,False,False,1.3549785614013672,0.8261327743530273,-0.5288457870483398,3.730670511294895,5.312987078131135,1.5823165668362402,198.3611257612503,248.85374493157502,1.7767436451649483,0.8376713959869656,2.888409479745433,2.0507380837584672,0.41536052327399425,27.509792693045323,148.34385521584528,94.11354973601625,45.126356600185844,42.94322513199187,60.00000000000002,51.47161256599594,60.000000000000014,30.830206766444697,0.7816437976710902,1.1651982870436017,3.9927439295211307,0.3037189832552095,67,0.5288457870483398,39.02982690009417,4/4
energy_abs_error,4754841,-26.864416122436523,79.95936775564194,0.1876872132305223,False,False,False,1.2276277542114258,0.6998386383056641,-0.5277891159057617,3.308070911434556,2.932762574190524,-0.3753083372440322,31.178545257956888,52.00289126588482,2.029040120968782,1.2990509149076908,2.6039407919801825,1.3048898770724917,0.24160293875180358,40.32739695489583,134.8545741250665,89.58880325119294,41.72147876974537,45.20559837440353,60.0,52.60279918720176,60.00000000000001,19.5881078507512,0.7590705820869371,1.2382007658885825,4.167140330472817,0.8724153960701911,68,0.5277891159057617,42.992602121869616,4/4
energy_abs_error,3726662,135.19857788085938,1782.141500957802,0.089057554714765,True,True,False,1.05072021484375,0.5380859375,-0.51263427734375,3.4214216911334843,3.684204457610124,0.2627827664766395,628.1576991700748,725.9361027667189,1.5433219085177605,0.6438143042185557,2.554421053880776,1.9106067496622203,0.44159378038751645,50.71276808157119,147.5426988349084,104.2642329467745,35.827228547086165,37.86788352661274,60.0,48.933941763306365,60.00000000000001,27.634006691667302,0.7516190385927669,1.2869553004195615,3.5915500497952593,0.30677072175882686,69,0.51263427734375,48.78884693581179,4/4
energy_abs_error,5799698,-131.3590545654297,120.48521762802216,0.0234848860580558,False,False,True,0.7114944458007812,0.1996917724609375,-0.5118026733398438,2.9752976973354244,3.121140595618747,0.1458428982833224,46.76901776834721,77.78800262307517,1.5497920031451167,1.2456580445778735,1.9174272096198672,0.6717691650419937,0.15842021886834837,31.486060404279733,163.9321351735537,89.8694223756538,51.57634513531276,45.065288812173115,60.0,52.53264440608655,60.0,24.150861628421644,0.8495294891248352,1.002311432898762,3.111971710337211,0.04635157754268502,70,0.5118026733398438,71.93347416279742,4/4
energy_abs_error,5291223,37.49360656738281,1090.0222312071444,0.0926283240352441,True,False,False,1.2240333557128906,0.7174739837646484,-0.5065593719482422,1.1537812657105715,1.4231585562144908,0.2693772905039191,389.5992956101252,470.1530018330665,1.7427123119568733,0.7157987266060559,2.692205548570212,1.976406821964156,0.4078384739400194,17.5109129287707,123.4114067078926,75.15890798080886,50.49649930242737,52.42054600959557,59.99999999999999,56.210273004797806,60.00000000000001,27.059662653621157,0.9450133700449734,1.0144031346433018,3.548371609098849,0.17556218729758089,71,0.5065593719482422,41.384441819660736,4/4
energy_abs_error,4931327,-56.9742317199707,96.11886667361794,0.1953727659395063,False,False,False,0.6557273864746094,0.1597537994384765,-0.4959735870361328,1.7967381015028088,1.4470322885905056,-0.3497058129123032,36.13193369891532,57.97247788943575,2.056178982611624,1.2820614405011646,2.9251111986000917,1.6430497580989272,0.2861755290735672,25.388433539372787,90.48576735242503,55.894071758033675,58.48863533297175,62.052964120983155,60.0,61.02648206049158,60.0,19.6820854617792,0.9842164536947433,1.504366399092317,3.3266900392348284,0.4116245574323827,72,0.4959735870361328,75.63716222112336,4/4
energy_abs_error,5344888,-84.25364685058594,80.29048640988049,0.1123459155247505,False,False,False,0.6074485778808594,0.1194343566894531,-0.4880142211914062,2.5864698190560373,1.8256910314944008,-0.7607787875616365,27.652507697320047,38.2987446241057,1.9414333515590914,1.4396525201811976,2.5393573224326556,1.099704802251458,0.21308820307288334,21.995825333959644,145.62154556394268,89.37454929181564,50.2406129729232,45.31272535409219,60.00000000000002,52.656362677046104,60.00000000000003,25.87756687742605,0.8495232791817146,0.8112012060929379,4.09066933660588,0.2631543798869523,73,0.4880142211914062,80.338359321523,4/4
energy_abs_error,3272815,-37.89067459106445,552.4211033081524,0.0425787547217233,True,False,True,0.7314243316650391,0.2438163757324218,-0.4876079559326172,1.857232884519316,1.7839877462142342,-0.0732451383050816,195.5819245766553,250.94533991420417,1.8101018333942744,0.8254120223385903,2.6796524480729746,1.8542404257343843,0.3651611547304949,19.029696194406906,78.19052510559689,55.25852728045701,57.745463457372125,62.37073635977149,60.0,61.18536817988575,59.99999999999999,12.32504406744481,1.0430082829487106,1.1532653130403372,2.5844599225170377,0.06683448346053511,74,0.4876079559326172,66.66553665539263,4/4
energy_abs_error,6585095,-112.35845947265624,200.41702719541613,0.1312391430774942,True,False,False,0.79437255859375,0.30767822265625,-0.4866943359375,2.1691247469489925,2.4297291093441222,0.2606043623951297,66.69759686889259,96.3122204902022,1.6051577418226617,1.0165506780059743,2.006961591182568,0.9904109131765935,0.22591883254108538,23.157640760945455,154.4105761094269,93.9753507181026,56.47029615212205,43.0123246409487,60.0,51.50616232047435,60.0,28.06971628969673,0.7727765858586176,0.7996472535543387,3.596453877772885,0.3002257356747494,75,0.4866943359375,61.2677679600461,4/4
energy_abs_error,3627195,451.2158508300781,3471.6495163204463,0.464896099728447,True,True,False,1.1370086669921875,0.6505126953125,-0.4864959716796875,6.913200028141963,5.89862391282654,-1.014576115315423,1267.4033107428036,1408.6151181469374,1.7753820188785738,0.5209178869762323,2.8776603835322807,2.3567424965560484,0.5537526601913517,54.140528054720676,130.58545692837887,79.73814691369127,39.139778933542026,50.13092654315437,59.99999999999999,55.06546327157719,60.0,15.894640594032285,0.8147651296136063,1.512995241567984,2.8608666247998418,1.3747165379031614,76,0.4864959716796875,42.78735825001677,4/4
energy_abs_error,6107393,-53.966339111328125,630.1116272024041,0.1096456587737702,True,False,False,1.0930023193359375,0.6083831787109375,-0.484619140625,1.3910140994315754,1.2674077131097996,-0.1236063863217757,220.2151746376262,273.87759083406274,1.7289668703776264,0.8061210091374659,2.3509597843292913,1.5448387751918253,0.334897755424473,17.206771697154526,65.828951199941,48.88494297187981,62.8058478615369,65.5575285140601,60.0,62.77876425703005,60.0,9.972665011756888,1.0581381122774771,0.7228433300430995,2.0527638681562226,0.11545996694924432,77,0.484619140625,44.33834512990186,4/4
energy_abs_error,6996531,-13.512067794799805,65.05975738525731,0.2308311127406272,False,False,False,1.129288673400879,0.6459035873413086,-0.4833850860595703,2.577780869996644,3.056694013835153,0.4789131438385086,32.21779062966779,54.09542622756459,2.047346778993932,1.4363999799293918,2.8719736300185676,1.4355736500891758,0.25463223129690327,42.45454780148373,160.93098784106397,102.2390702957199,46.82151504688408,38.880464852140044,60.0,49.440232426070025,59.999999999999986,26.952237317798957,0.660668795394034,1.411980773530571,4.058341391886092,1.4339426050580986,78,0.4833850860595703,42.80438628715233,4/4
energy_abs_error,5351225,-12.086187362670898,113.64837568378036,0.1937606889907991,False,False,False,0.6314849853515625,0.1486415863037109,-0.4828433990478515,1.4094167719780777,1.443372836843345,0.0339560648652672,42.433088062785394,68.94966151361697,2.1502470631808515,1.045199613100255,2.9603416575593684,1.9151420444591134,0.35210936251968256,42.93842711723138,153.79079189968323,103.38654459418365,45.362171523017416,38.306727702908184,60.00000000000001,49.153363851454095,59.99999999999999,25.71337650628568,0.7122166849216828,1.3113636572998901,4.65128805633451,1.3576460559047445,79,0.4828433990478515,76.46158028271113,4/4
energy_abs_error,5533660,-29.55565452575684,84.19845170309543,0.1359447097912774,False,False,False,1.0971012115478516,0.6184206008911133,-0.4786806106567383,1.7636297047320753,1.4512666858373888,-0.3123630188946864,40.39059772245957,67.26825508704711,2.1632069405175716,1.6023188582157821,2.9080779547992823,1.3057590965835002,0.2220162266955211,30.412661533569718,162.1903198074237,94.83052144777952,53.814719837207655,42.58473927611025,60.00000000000001,51.29236963805511,59.99999999999999,23.335607406384295,0.7712953800552897,1.1171965960169785,3.8159906110075914,0.8350313319291033,80,0.4786806106567383,43.63139932927327,4/4
energy_abs_error,4099234,-127.4581527709961,102.85882970144644,0.1250239973751029,False,False,False,0.5830078125,0.1063766479492187,-0.4766311645507812,1.816479823662344,1.8757457264115056,0.0592659027491619,46.84185717514764,76.7832785957622,1.6089636281845667,1.2954009178516357,2.1521376085185535,0.8567366906669178,0.21440834556598617,44.95878043845679,140.73302098596548,106.81674431217874,32.61384890224085,36.59162784391063,60.0,48.29581392195531,60.00000000000001,24.491665718344233,0.6250331876680255,1.5270416641320372,3.24255744697695,0.4638994978646877,81,0.4766311645507812,81.75382118927973,4/4
energy_abs_error,6401176,96.37686157226562,783.8745393082821,0.0953734746770732,True,True,False,0.8880767822265625,0.4119834899902344,-0.4760932922363281,2.212378585432473,1.7186515229743713,-0.4937270624581016,274.2599585487575,325.5911953250875,1.9368095858913525,0.7733519607005095,2.797039453745865,2.0236874930453554,0.4333703063743035,42.0867435857108,167.00245343023317,108.55953879301917,47.23438733402607,35.720230603490414,60.0,47.86011530174522,59.999999999999986,26.343402168871137,0.7404071304733022,1.066493499485513,4.163751846631629,0.653032392995628,82,0.4760932922363281,53.60947406401952,4/4
energy_abs_error,3729314,43.299076080322266,912.1525455410044,0.0827166525791061,True,False,False,2.5958423614501958,2.122417449951172,-0.4734249114990234,7.915247289819801,6.567402965533373,-1.3478443242864282,347.44079213713985,482.6707287882963,1.30503222974771,0.7566039850725174,2.17492000684045,1.4183160217679327,0.41433545951332734,39.15598150122462,156.51098948729023,93.67012320546665,40.68391444894996,43.164938397266674,60.0,51.58246919863333,60.00000000000001,32.55879356509217,0.757560671063043,0.6128591545773169,3.4242817951312645,0.15898536397783739,83,0.4734249114990234,18.237814380783103,4/4
energy_abs_error,5139620,-115.24818420410156,100.44740053769247,0.2508044066646303,False,False,False,0.6644439697265625,0.1916351318359375,-0.472808837890625,1.8064905968295035,2.213111338796431,0.4066207419669276,48.805707440277025,81.13733776301963,1.5984340264307315,1.318477181917813,1.7599351505403709,0.44145796862255793,0.10758959417515283,39.11061751543131,153.32863612269855,108.82166371264587,36.824949595767016,35.589168143677064,60.0,47.79458407183852,59.99999999999999,24.917601774121938,0.5082356745742254,1.1345220260481903,3.1551921743313702,0.9035459615308127,84,0.472808837890625,71.15857159260536,4/4
energy_abs_error,7445391,-3.32749605178833,437.3084344872973,0.2749498155961865,True,False,False,0.5660338401794434,0.0980420112609863,-0.467991828918457,2.8315599109569134,2.672369548402879,-0.1591903625540345,156.78016954778354,200.7270368947531,1.8622773776246084,0.8639044690315891,2.9045483254287117,2.0406438563971223,0.3995127170065829,57.04978852406617,142.9534906464526,95.92621697170534,35.733521247175034,42.036891514147335,60.00000000000001,51.018445757073664,60.0,28.147461173858133,0.671109976754243,1.5827969583158634,4.679696047968615,1.2631994458367306,85,0.467991828918457,82.67912546891098,4/4
energy_abs_error,6322575,613.7740478515625,3854.248736896212,0.0997099069794657,True,True,False,1.449920654296875,0.98211669921875,-0.467803955078125,3.256132654234212,4.991378055739899,1.7352454015056868,1400.8176857744306,1568.743084759683,1.8294490123467544,0.505427613208826,2.8800897832861065,2.3746621700772805,0.4907863723621686,14.433694755429684,157.3394296143459,89.38896688706386,59.76971077669147,45.305516556468085,60.0,52.652758278234046,60.000000000000014,36.765071812579606,0.7954187537127461,1.0775908451299026,5.15128762909225,0.42988892654736127,86,0.467803955078125,32.264107259371514,4/4
energy_abs_error,7105849,138.44480895996094,1403.7649624306864,0.047397342579764,True,True,False,2.0121994018554688,1.5502777099609375,-0.4619216918945312,7.464090432125456,8.153753478404509,0.689663046279053,493.0274052961461,671.8011606249258,1.3205032104955041,0.7251134044975204,2.117242918689045,1.3921295141915246,0.4363504889303179,50.58987673870836,157.58124799167888,95.83987440817488,41.33334339404464,42.08006279591256,60.00000000000002,51.040031397956284,60.0,27.15251004242253,0.7614033544941038,0.6663033289001755,2.581811238103295,0.09566435488922469,87,0.4619216918945312,22.956059497313674,4/4
energy_abs_error,7061355,-116.6016616821289,401.9818374104404,0.139554280094839,True,False,False,1.146209716796875,0.6843223571777344,-0.4618873596191406,2.460464358037977,2.71755510291245,0.257090744874473,146.10063899932672,224.4587602488099,1.2601287948327276,0.9587607112680705,1.5897300677159898,0.6309693564479193,0.23426116552351123,52.07332145979685,129.30466600350644,82.15069110066943,39.08725324315204,48.92465444966529,60.0,54.46232722483264,60.0,21.316621916722237,0.7827741981476242,0.8481844227922459,2.3312883954839165,0.16452574428213482,88,0.4618873596191406,40.296932825687584,4/4
energy_abs_error,5017430,-88.78627014160156,90.88350018503571,0.1322639018166136,False,False,False,0.8005294799804688,0.3396568298339844,-0.4608726501464844,6.522472976146846,5.948387138875077,-0.5740858372717685,37.233317479510596,62.20863699207418,1.627330138067991,1.097710590600572,2.2625515722052314,1.1648409816046594,0.3171762725193793,41.18451465668235,131.06388753088982,86.84225128049893,35.0550309487638,46.578874359750536,60.0,53.28943717987527,60.000000000000014,24.87343818524149,0.7503291403292704,1.3732465117266563,3.239989843099578,0.4117483221456148,89,0.4608726501464844,57.57097791798108,4/4
energy_abs_error,3271026,-15.655557632446287,62.282845474308914,0.1382119111711616,False,False,False,0.8277487754821777,0.3673620223999023,-0.4603867530822754,1.670801027141123,1.2042544671407982,-0.4665465600003251,28.206119303125547,47.722694660029404,1.9082529057293836,1.1234591776916685,2.2053950826971627,1.0819359050054942,0.23779802664127273,30.28104860540631,157.0957423800807,99.77249949649496,51.251333807801075,40.11375025175252,60.0,50.05687512587625,60.0,31.798281643543007,0.6393650878675746,1.3589262123272021,4.137015958553411,0.8504829738975325,90,0.4603867530822754,55.61914033809259,4/4
energy_abs_error,5517882,470.2494201660156,3126.4632601483977,0.0251342304729736,True,True,True,0.7641754150390625,0.3040771484375,-0.4600982666015625,2.992751868581612,2.5514032335937613,-0.4413486349878508,1132.6799590118235,1269.9771818919999,1.7922702358049019,0.5387182748444537,2.497145758279019,1.9584274834345652,0.41712610730100363,47.72392414790956,124.76186824059093,96.79792415792745,29.42849288492698,41.60103792103627,60.0,50.80051896051813,60.0,33.17012371239264,0.675686357332488,1.6608972510290605,4.094495570982163,0.16768298637504384,91,0.4600982666015625,60.20846229108844,4/4
energy_abs_error,6569288,-76.7618179321289,137.39817236175162,0.2534525702178235,False,False,False,1.3615036010742188,0.9016952514648438,-0.459808349609375,2.243652154584697,1.987880749257557,-0.25577140532714,46.71920641335246,73.58414941644874,1.7996105494918742,1.2125042835167799,2.4335201835522926,1.2210159000355127,0.2623636008015789,33.26201963824829,140.04288121520688,76.05483977324484,48.1400176135086,51.97258011337758,60.00000000000001,55.98629005668878,60.0,18.67821156678667,0.8516171539333571,1.434996224917134,3.0742792939659442,0.582794155742265,92,0.459808349609375,33.77209940881455,4/4
energy_abs_error,4837934,116.77228546142578,814.0774837063839,0.0086898187883508,True,True,True,1.1712913513183594,0.713165283203125,-0.4581260681152344,3.3686756625850327,3.8708218365756366,0.5021461739906039,305.719391380797,399.3429100380148,1.7920486402881521,0.7692473029204246,2.9596255007270806,2.190378197806656,0.4857356705016801,31.92205397431819,111.08390563998643,66.83654177402855,49.790270166897095,56.58172911298573,60.00000000000001,58.290864556492856,59.99999999999999,24.799504808326976,0.9660515746588207,0.6555007734365624,2.9149785987593524,0.027385383754281734,93,0.4581260681152344,39.112904539044514,4/4
energy_abs_error,6314586,-56.62623596191406,824.1654033925508,0.3513629585662182,True,False,False,0.9226551055908204,0.466064453125,-0.4565906524658203,2.066203374523178,1.780563472956486,-0.2856399015666921,282.86994545815634,340.42683648343177,1.4761724649729355,0.7821028188535203,1.8458358920275848,1.0637330731740646,0.27846251961903645,29.387686796338034,142.22268812865397,84.40839415655391,47.93905421874427,47.795802921723045,60.0,53.89790146086153,60.00000000000001,15.174591855311798,0.8116103399630733,0.9059877657971617,2.273821827606524,0.45312047121482296,94,0.4565906524658203,49.48660119031623,4/4
energy_abs_error,4511744,11.01082992553711,462.7696773622506,0.3008568274887876,True,False,False,1.0328569412231443,0.5769896507263184,-0.4558672904968261,2.206428995121221,2.30516125745792,0.098732262336699,159.38527627740626,198.46568474038318,1.9241648223215528,0.8525630701973079,2.826052428372695,1.973489358175387,0.36562042168222486,39.06895694100044,89.89119685683204,62.14922609349376,50.42058497217272,58.92538695325312,60.0,59.46269347662656,60.000000000000014,22.06176293838248,0.8851497702913116,1.7553387861772247,3.488962830652498,0.7797920701468509,95,0.4558672904968261,44.136537433439,4/4
energy_abs_error,7379012,234.48731994628903,1910.5179790302377,0.1342078441293056,True,True,False,0.6648025512695312,0.2089614868164062,-0.455841064453125,3.018167520934318,2.959095707819281,-0.0590718131150369,694.5278845053907,823.1101085393814,1.6223044536095301,0.6186785946005163,2.9747509515585993,2.356072356958083,0.5493702069503922,51.459541500648314,167.5093802464026,95.55636690881128,41.50692441124191,42.221816545594386,60.00000000000001,51.11090827279718,59.99999999999999,29.14509777327265,0.7462959981673523,0.8413093029769462,3.590719906526649,0.5870891924321106,96,0.455841064453125,68.56788734980547,4/4
energy_abs_error,5721115,-73.49279022216797,114.06061043617233,0.1794462111513555,False,False,False,0.6826057434082031,0.2269554138183593,-0.4556503295898437,2.481293041668644,3.1370520790480727,0.6557590373794291,51.19637949563913,84.7120330474507,1.721299425308911,1.346226658686742,2.090032248185721,0.7438055894989792,0.20262188273966864,49.138899405612456,156.05998559110793,103.46472097910078,42.09866150378542,38.26763951044962,59.99999999999999,49.13381975522481,60.00000000000002,23.35523620680233,0.6550439512648513,1.5504019598801384,3.3240405584515473,0.6863650237211459,97,0.4556503295898437,66.75161086615141,4/4
energy_abs_error,6358007,2.085557699203491,288.49874849708965,0.1858528279277182,True,False,False,1.4686906337738037,1.0143723487854004,-0.4543182849884033,3.052898583353748,3.043804356243484,-0.009094227110264,100.76925221176784,137.8179148319726,1.8712797247579525,0.9242023434628895,2.4991310051508746,1.5749286616879852,0.3205599263145188,50.79717926312291,169.21133039174262,111.16739795498847,44.769211238393545,34.41630102250576,59.99999999999999,47.20815051125288,60.000000000000014,29.888425405020207,0.6342116197127402,1.4200866779512031,4.290961375280953,1.0497702304359906,98,0.4543182849884033,30.93355908596159,4/4
energy_abs_error,5727429,126.58251190185548,1019.385998061836,0.0602002933526947,True,True,False,0.7751693725585938,0.3234710693359375,-0.4516983032226562,1.6632480560730538,1.5358466717544157,-0.1274013843186381,368.11650782266594,425.1878694857752,2.034025632535787,0.7269863300126234,2.9614590043978386,2.2344726743852155,0.4293078108673117,60.90756995733904,164.85891698330377,113.11270220221623,39.79266704501059,33.44364889889189,60.0,46.72182444944594,60.0,32.3917988494226,0.7007980206733969,1.6795442143954649,4.694138496574337,0.5597046706216792,99,0.4516983032226562,58.27091719732685,4/4
energy_abs_error,6535331,19.831619262695312,392.7231726303909,0.0042633175370775,True,False,True,0.7577600479125977,0.3062305450439453,-0.4515295028686523,1.8991999534021693,1.98967782327174,0.0904778698695703,138.87448128951078,173.83124258539993,1.8886068784828143,0.8795596728685371,2.6091320135397553,1.7295723406712182,0.33267020902006617,55.90354560048024,170.63106034255904,102.65602540020525,43.82570640244952,38.67198729989736,60.0,49.33599364994868,60.0,34.22994034111948,0.7738137080028693,1.7020770858636698,4.6253041257793965,0.02488299950135629,100,0.4515295028686523,59.5873989546534,4/4
force_rmse,5813022,450.1976623535156,2451.501262381391,0.0089288902430247,True,True,True,2.2536773681640625,2.950653076171875,0.6969757080078125,21.2127448500664,12.13628556729185,-9.07645928277455,895.1843299990672,1225.0547166688268,1.061752642647633,0.5900595883423377,1.7199629207922635,1.129903332449926,0.39558966674524065,38.2517849707264,95.94974601634344,57.54346992845987,56.02450097336802,61.22826503577006,60.0,60.614132517885025,60.0,29.93569857460342,1.0331220927966063,0.5253809289936132,2.1331601431759224,0.0030606976894923406,1,9.07645928277455,42.78776436961735,4/4
force_rmse,5619249,587.6139526367188,2381.2842903827395,0.0498950340358277,True,True,False,3.19708251953125,1.05853271484375,-2.1385498046875,15.071470268773478,10.720026005839,-4.351444262934479,914.7828503519444,1230.1749594938005,1.4167009325837916,0.5783082281292529,2.4068671984403402,1.8285589703110874,0.587659526143554,21.358231401576184,165.33142483080266,113.20109258311804,57.78835836946833,33.399453708440966,59.99999999999997,46.69972685422048,59.999999999999986,42.378282139662794,0.8613459445647137,1.0935763185015062,4.445254352454323,0.09367466905179117,2,4.351444262934479,28.87206215010237,4/4
force_rmse,6954521,211.0420379638672,1426.3538655086743,0.293965204884976,True,True,False,0.7865524291992188,1.3679275512695312,0.5813751220703125,18.427749044540203,14.434772635674964,-3.992976408865239,520.8013174643546,596.8680959805405,1.7741359413445772,0.6708521603758748,2.99302868851526,2.3221765281393854,0.46754555357182487,7.451395181988464,63.462784307193324,42.41320696029356,69.5876217931013,68.7933965198532,60.0,64.39669825992661,60.0,24.546736418303276,1.031667446018172,0.9093822192990876,2.7302633672494903,0.3367199295092013,3,3.992976408865239,21.66828080420535,4/4
force_rmse,4246309,956.009521484375,4542.151327963925,0.0965337164199994,True,True,False,2.22216796875,1.279815673828125,-0.942352294921875,10.169226742262564,6.861772915311244,-3.3074538269513187,1719.7346409462784,2307.5072746375704,1.4332701170009976,0.5077670214752039,2.8261311858613185,2.3183641643861144,0.6801373690268674,25.17177070299197,145.33281796686882,102.00345118347099,39.25201747942198,38.998274408264514,60.00000000000001,49.49913720413226,60.00000000000001,35.19798396722313,0.7952514120499286,0.7565255167898478,4.256838622349128,0.3598620348650339,4,3.3074538269513187,32.52414279648011,4/4
force_rmse,4238808,600.2057495117188,3845.5605612568415,0.1335909783232579,True,True,False,2.070037841796875,1.5518798828125,-0.518157958984375,15.570478358394508,12.548701723884967,-3.021776634509541,1394.6361749095227,1562.4868770642518,1.6599379326002477,0.5080518555116039,2.777879440106532,2.2698275845949283,0.4884137561945582,11.14883744360873,109.6251470404763,87.76152582789439,40.7440433125919,46.1192370860528,60.0,53.0596185430264,60.0,30.792801230454955,0.6855157192559613,1.0219892453245119,3.726648640229769,0.6631701692795163,5,3.021776634509541,19.407089268265228,4/4
force_rmse,3347623,-0.4915611147880554,76.92841992414701,0.3084656170740908,False,False,False,0.3210077285766601,0.176520824432373,-0.1444869041442871,7.131254036967842,4.672673434376307,-2.4585806025915358,36.82453752812836,62.755434901143566,2.029095011688749,1.7419423342918843,2.370608363139249,0.6286660288473649,0.11387720358383942,49.76840587804783,142.94760443433057,82.97627777150268,42.15826301641782,48.51186111424867,60.00000000000001,54.25593055712434,60.0,17.223603551080974,0.7536318429188253,1.851394031756224,3.6279140379397914,1.1465487397424028,6,2.4585806025915358,34.4761326667996,4/4
force_rmse,4675306,475.0993041992188,3592.046891204853,0.2910936566892946,True,True,False,1.9386138916015625,1.12225341796875,-0.8163604736328125,10.937766532851205,8.51346441155517,-2.4243021212960336,1296.5137436364214,1469.2387176750806,1.36965207766684,0.517610484671355,2.011510200642153,1.493899715970798,0.39356828914548225,16.18558818315462,110.43001507974363,63.85566712591511,58.8406069420106,58.07216643704243,60.0,59.03608321852122,60.0,28.141678165036723,0.8674938168080862,0.9549863843135187,2.905087862432001,0.26754100051732815,7,2.4243021212960336,22.164507845497766,4/4
force_rmse,4460916,553.5440063476562,3929.027490288446,0.1339399489087151,True,True,False,1.012786865234375,0.701019287109375,-0.311767578125,5.801054513781942,3.648087726769462,-2.15296678701248,1429.7354795826134,1602.1087566129845,1.576463896053042,0.5030827881979043,2.5512572840176997,2.0481744958197954,0.46826885477486996,8.09447794174756,128.46140666525824,94.31398084547344,43.575973169555134,42.843009577263295,59.99999999999999,51.421504788631644,60.00000000000001,32.547679482496854,0.6401805766568155,1.3200894818069075,3.851765397553175,0.6203842134494951,8,2.15296678701248,37.11336933479141,4/4
force_rmse,6901836,25.211679458618164,1263.0697795453805,0.1234080031809943,True,False,False,1.1147403717041016,0.4206609725952148,-0.6940793991088867,6.082958055192128,3.980440450294022,-2.102517604898106,456.2741202455125,544.6681459824694,1.2022499055210414,0.6853813331803327,1.6078837366821372,0.9225024035018046,0.28865732335666,19.241503168975914,170.869188987431,103.96716019170417,52.22240836195114,38.01641990414792,59.99999999999999,49.00820995207396,60.0,31.776666983115007,0.6728588706134515,0.9869813857500376,2.6960129764016725,0.1889996034430201,9,2.102517604898106,34.56406547310474,4/4
force_rmse,7043562,27.19047164916992,73.29504437774389,0.1131231244755385,False,False,False,0.4219131469726562,0.362771987915039,-0.0591411590576171,3.034950757764816,1.0237859483531822,-2.0111648094116337,32.47289264389344,54.93619031907091,2.405924782870456,1.8280654940019863,2.9910494411534336,1.1629839471514474,0.17524261390353937,23.392346147616813,158.9876707119494,113.77413089693796,54.17451777550438,33.112934551531,59.99999999999999,46.5564672757655,59.99999999999998,31.814583368989602,0.6519889946761432,1.5004531763233708,5.407346969343335,1.2584886369953476,10,2.0111648094116337,66.26680199888378,4/4
force_rmse,6541692,-60.80000305175781,206.12350964115785,0.0751740279368486,True,False,False,0.7156753540039062,0.9502220153808594,0.2345466613769531,9.234648678799108,7.232931224056742,-2.0017174547423657,74.49321005199405,117.662762226919,1.5330746854653776,1.0150129691072485,1.9012035049629719,0.8861905358557234,0.21364475471627398,22.92823187226333,150.41683596427478,90.91311963344079,48.69724950793946,44.54344018327961,60.00000000000001,52.271720091639814,60.0,19.02687777355428,0.7977612395775825,0.8538644482833547,2.954442185966554,0.16608866322061142,11,2.0017174547423657,21.676162508898745,4/4
force_rmse,7212767,97.8421630859375,1173.9837081382632,0.0744464147029767,True,True,False,0.8711395263671875,0.7413291931152344,-0.1298103332519531,12.585141951450307,10.854939578021355,-1.7302023734289502,408.1341999621027,482.45991301964096,1.616859613870775,0.7280676533096786,2.0035939570359087,1.27552630372623,0.3232948085068994,11.319698368232082,140.81851526472877,96.16268715880933,48.28196574321302,41.91865642059533,60.0,50.95932821029766,59.99999999999999,31.05276377274233,0.7298983780798137,1.2790583499009518,3.5203942843937566,0.2686477141633227,12,1.7302023734289502,13.747976622779074,4/4
force_rmse,7335580,-53.87517547607422,94.78173204530152,0.1184644075135389,False,False,False,0.8340988159179688,0.5681571960449219,-0.2659416198730469,7.494673744083068,5.766261202021898,-1.7284125420611698,34.31830080367409,52.13926106920663,1.7817049560012863,1.1535600101889598,2.408704769210745,1.2551447590217852,0.2511098780131125,38.77670638709284,141.20676823106967,77.88745818109652,44.9417378166003,51.05627090945174,60.00000000000001,55.52813545472588,59.99999999999999,27.327657867722333,0.8422261445757965,1.2043126768780832,3.8842126764434406,0.3271812664098061,13,1.7284125420611698,23.061878356289032,4/4
force_rmse,3801559,237.0697479248047,2919.745653507014,0.1714267271884546,True,True,False,1.1685256958007812,0.9033966064453124,-0.2651290893554687,5.161720609733091,3.53349961178554,-1.6282209979475517,1063.2439417487103,1210.54527005464,1.193061762594398,0.5492985228596764,1.71644932257044,1.1671507997107637,0.35385546265395007,26.754234329675167,134.2058620792298,99.14638811111574,38.60836617225297,40.426805944442144,60.0,50.213402972221076,60.00000000000001,24.628497178177632,0.7284187341231699,0.7948568718542129,2.658837167163051,0.21631385492513142,14,1.6282209979475517,31.544152058081764,4/4
force_rmse,3929884,559.5699462890625,4059.474064483836,0.2790770778070813,True,True,False,2.60107421875,1.865936279296875,-0.735137939453125,12.683492352723286,11.090198781708626,-1.5932935710146603,1463.006149194194,1642.638855755868,1.57517733657032,0.5012788640447777,2.274880048367119,1.7736011843223416,0.4186571290812292,22.115605488704254,132.8686858101292,92.01423959710617,45.28834397859346,43.992880201446916,59.99999999999999,51.99644010072345,59.999999999999986,24.669349254767674,0.7094308812499206,1.4331913445674749,3.4247066328468105,0.7358106642729637,15,1.5932935710146603,12.561946873193508,4/4
force_rmse,7233517,-100.05674743652344,312.35844426038494,0.0472487663120681,True,False,False,0.2523994445800781,1.0983657836914062,0.8459663391113281,5.771432697677943,4.258672442201302,-1.5127602554766408,102.05910569630453,143.18331381564514,1.4292549804825352,0.9872725363943051,1.7449206052447381,0.757648068850433,0.19863500988549357,13.232262957543963,121.4526226119954,77.7858850623745,47.94107215046712,51.10705746881276,59.99999999999999,55.55352873440638,59.999999999999986,26.033813196313933,0.8637051796693194,0.8157855379723161,2.743314846008665,0.06891706740251886,16,1.5127602554766408,26.211173805860707,4/4
force_rmse,5064115,134.64492797851562,1428.0764452442563,0.2269349398396916,True,True,False,1.3798828125,0.6841888427734375,-0.6956939697265625,8.005215585084702,6.5231931671308665,-1.4820224179538355,522.5116764057789,613.840777264332,1.5999702811445566,0.6688167143333484,2.169001285940602,1.5001845716072535,0.37177969907742164,17.173406186363145,68.08216486489452,43.082767221824206,68.82333442021734,68.45861638908791,60.0,64.22930819454395,60.0,15.243558641337462,1.0591921194537455,0.8825320470712167,1.916478891472988,0.16216516896423747,17,1.4820224179538355,18.51321057130724,4/4
force_rmse,4226512,-43.95259475708008,445.6043318320628,0.047192689421815,True,False,False,0.3960494995117187,0.4868545532226562,0.0908050537109375,4.025357614359721,2.6310086814054023,-1.3943489329543186,159.82463879823368,195.64525795158903,1.7906203033598307,0.8580695627347706,2.701260882855151,1.8431913201203804,0.39852754025826576,6.6599084704649165,161.9561036200382,97.99101050428813,54.55383493098403,41.00449474785594,59.99999999999999,50.502247373927965,60.00000000000001,29.452943317057517,0.8202565245775592,1.3298640316521857,3.7314009846771277,0.20739148725904097,18,1.3943489329543186,34.639131886822575,4/4
force_rmse,5699818,174.3837890625,1003.9982962313068,0.1425224341312349,True,True,False,0.7784423828125,1.4304656982421875,0.6520233154296875,5.040258502390307,3.762664629630895,-1.2775938727594118,346.83292722396664,461.29186500403085,1.7828897611471037,0.7441161150910401,2.9482821858598873,2.204166070768847,0.4831979266063006,19.694069938190882,118.54835877119326,74.39644274821231,47.863918903586466,52.80177862589385,60.00000000000001,56.40088931294693,59.99999999999999,15.875757741871242,0.8795987571880016,0.56598698602595,2.9946040485184375,0.49324476613405,19,1.2775938727594118,25.347784685121248,4/4
force_rmse,6354567,122.6785125732422,1763.547402908343,0.1338282936634233,True,True,False,0.8695449829101562,0.55450439453125,-0.3150405883789062,3.301598731380235,2.127315793092218,-1.1742829382880169,643.2459753359069,777.3158249461188,1.3035702672449865,0.6341883432213026,1.7750266081720032,1.1408382649507005,0.3554228392871801,18.85664855355345,142.1198334198996,100.20424635068916,41.79778250514622,39.89787682465542,60.00000000000001,49.9489384123277,60.0,29.27842091920427,0.68008565240044,0.7345369579054287,3.157854578347111,0.26491336498594736,20,1.1742829382880169,35.56710048156298,4/4
force_rmse,6347667,13.848670959472656,894.1047332400117,0.256361372205696,True,False,False,0.2978830337524414,0.1703634262084961,-0.1275196075439453,2.94825356639281,1.776671751572283,-1.1715818148205273,309.1045791229891,376.7851859292311,1.633215991209255,0.7669342361689672,2.2863235949007574,1.5193893587317904,0.3378328896929701,56.542943902748156,141.14715494665225,94.49915973385697,33.14809533479754,42.750420133071515,60.0,51.375210066535764,60.0,18.94383529501704,0.707785337190315,1.6565713394464974,3.049768970525477,0.7541951366085714,21,1.1715818148205273,39.73816323586978,4/4
force_rmse,4219241,-24.542064666748047,110.75889009511144,0.3334415041275775,False,False,False,0.6048574447631836,0.3346691131591797,-0.2701883316040039,3.798184771113709,2.6496792179396205,-1.1485055531740884,43.3519650375843,69.20296998653583,2.2617443853716814,1.579458202807157,2.927046477383279,1.3475882745761218,0.23768821873519336,17.093040143890953,57.7702893893273,38.111354457947535,73.07603817742265,70.94432277102624,60.00000000000001,65.47216138551312,60.000000000000014,20.756693714389645,1.0787561304292745,0.9694460770795035,2.476106104237229,0.3758526617849458,22,1.1485055531740884,30.23827492303177,4/4
force_rmse,6791055,37.08579635620117,724.8150014897583,0.2000592371458843,True,False,False,1.0416717529296875,0.8756904602050781,-0.1659812927246093,6.458859649963642,5.325120265678683,-1.1337393842849597,262.95977688444424,313.55085249927413,1.7626428305269046,0.7830709674314528,2.7903293775088414,2.0072584100773887,0.4463610159874226,37.758218001291354,158.79463589063508,87.21747133649559,43.12241710362831,46.39126433175219,60.00000000000001,53.19563216587608,59.999999999999986,23.56071323084953,0.7816741660187553,1.1715405639404022,3.2016951250314984,0.7432938719527061,23,1.1337393842849597,17.55324384996261,4/4
force_rmse,6987686,-74.30482482910156,149.12006225755755,0.384101800498422,False,False,False,0.6808700561523438,0.8593292236328125,0.1784591674804687,2.404802436823648,1.271272876490214,-1.1335295603334337,56.704381746074,93.91455851912482,1.7440465616370038,1.2856928129010046,2.090403959310769,0.8047111464097643,0.18009753700058945,51.9291700991802,169.49356036630405,102.27189027482005,37.10483959757179,38.864054862589974,60.00000000000001,49.43202743129499,59.999999999999986,23.567679988249093,0.5550210423242258,1.6804812083922704,3.3627236705977315,1.3966359282946736,24,1.1335295603334337,47.136078331267896,4/4
force_rmse,6864443,-31.97220230102539,201.8354492301364,0.2534073640568265,True,False,False,0.2491798400878906,0.2472953796386718,-0.0018844604492187,3.861071866130584,2.729780646788214,-1.13129121934237,76.24839231239145,113.98256661219902,1.8854550320061907,0.9482910334594936,2.7423573854700747,1.794066352010581,0.34447674044234816,83.65265087036698,174.23718419861422,105.32386340713708,31.54339352185837,37.338068296431466,59.99999999999999,48.66903414821573,60.00000000000001,28.46747432702017,0.5555592986588207,2.0195452373216467,3.8463497947101195,1.6009027975400796,25,1.13129121934237,29.299926511756595,4/4
force_rmse,3761385,-12.917187690734863,623.5953691807374,0.0062338811735004,True,False,True,0.8249435424804688,0.9332571029663086,0.1083135604858398,5.181374043990157,4.057615574586236,-1.1237584694039215,221.04974624699076,267.5650681350161,1.945436426260227,1.1067805639999928,2.446714705134435,1.339934141134442,0.2652398629851427,10.465469139550246,98.97040340263952,52.39453171518863,65.30071385473552,63.80273414240569,60.0,61.90136707120285,59.99999999999999,19.98882407481097,1.1057242874513051,0.5048288613715121,2.8382837038995707,0.0067658694967939895,26,1.1237584694039215,21.688425885935832,4/4
force_rmse,3777976,-46.972450256347656,163.76666846253576,0.2288120546348148,False,False,False,0.2237663269042968,0.3195571899414062,0.0957908630371093,2.766696608941483,1.6473485172237856,-1.1193480917176974,58.494790114671304,86.25254447352499,1.951989155535328,0.9990894778547157,2.9993325126772867,2.000243034822571,0.4173469574398635,38.14154897495763,162.23373861361446,101.61596857823828,49.332728121074446,39.19201571088086,60.0,49.59600785544044,60.00000000000001,29.8217918029786,0.6986304452399071,1.7963050829574372,3.9190859442873105,1.373231567914399,27,1.1193480917176974,40.45792690460381,4/4
force_rmse,6640880,95.90714263916016,1072.3970020962336,0.0324302399460502,True,True,True,1.044342041015625,0.9268646240234376,-0.1174774169921875,5.090978240137458,4.0058532460269705,-1.0851249941104877,385.7039438614857,436.4274502540773,1.7260552979251766,0.7199137831741972,2.690533365257193,1.9706195820829961,0.4498764568271779,42.87955247818875,172.66801879760118,100.95978650125056,46.90900095359437,39.5201067493747,60.00000000000001,49.76005337468737,60.0,38.466703558652206,0.8388032795362458,1.3495734926342189,4.911418635323707,0.10835553344318921,28,1.0851249941104877,21.31466572682088,4/4
force_rmse,6387906,158.2856903076172,1514.95997069082,0.3982631524831461,True,True,False,0.79315185546875,0.8724136352539062,0.0792617797851562,4.472495030082138,3.393022122129322,-1.079472907952816,542.8351174626916,642.798566705118,1.605728539370725,0.6615794381502891,2.036362867691267,1.3747834295409778,0.3423620324737052,7.971530160342113,84.6479397367262,54.40273867146573,62.430215084017625,62.798630664267144,60.00000000000001,61.39931533213357,60.0,23.092259803024938,0.8888196442603185,1.2020276258259452,2.622065639233114,0.46830813813087585,29,1.079472907952816,24.135810116998417,4/4
force_rmse,6628611,16.185026168823242,683.9416169661031,0.2533141818925132,True,False,False,0.4368171691894531,0.3670330047607422,-0.0697841644287109,2.3730109892051288,1.2955999779961975,-1.0774110112089312,242.34012812041712,309.4208128761102,1.8910083676658456,0.8044923374776504,2.9875319787390304,2.18303964126138,0.4095223326988568,21.245415513920882,112.56857879965861,64.21676983493897,56.26222288196293,57.891615082530514,60.00000000000001,58.94580754126526,60.0,20.624606515186848,0.887423869815334,1.259586570935934,3.313932389968547,0.7353309440454265,30,1.0774110112089312,45.402697927236495,4/4
force_rmse,4560639,-79.9061279296875,88.30492335123205,0.1616604084902544,False,False,False,0.8528938293457031,0.2391891479492187,-0.6137046813964844,3.068651151609348,2.004492590268804,-1.0641585613405442,36.188389263226775,59.11090191266169,1.724604232061863,1.1304446765492744,2.517143947595089,1.3866992710458146,0.30280317019405867,23.07463135452589,142.90674523269513,76.6622935791248,52.875031894136015,51.6688532104376,60.0,55.8344266052188,60.0,25.94829538534255,0.8428776166802743,1.2515922442698548,3.084950407037188,0.41514579696241866,31,1.0641585613405442,34.6783817633506,4/4
force_rmse,4150029,63.55760955810547,474.7354048139479,0.066766281160773,True,True,False,0.5773868560791016,0.597076416015625,0.0196895599365234,4.914660173797563,3.867200970369491,-1.0474592034280716,189.09220811617448,264.3675402071515,1.834871572367579,1.028826383336221,2.695268832734895,1.6664424493986738,0.4331916297302279,31.695989630059092,127.07268693706341,92.48601255046954,37.561649069287185,43.75699372476523,60.0,51.87849686238261,60.0,22.691248857177037,0.7631661116260644,0.5693512263602898,3.4352871422520423,0.3715613054732046,32,1.0474592034280716,21.312952806230324,4/4
force_rmse,4361202,63.44983673095703,943.9187112223128,0.0071339359467018,True,True,True,0.4904956817626953,0.5179595947265625,0.0274639129638671,2.940959140874172,1.9189951200766,-1.0219640207975722,345.05365620882077,406.1348942986135,1.9385864686135115,0.7394419387458062,2.9419563116475387,2.2025143729017325,0.4322487504354715,1.282150837419932,148.28869544698122,95.84156147939774,56.07504365043677,42.07921926030111,59.99999999999999,51.03960963015055,59.99999999999997,37.50917328137841,0.8459539025691971,1.3215905118330666,5.183654617329015,0.037798746752235414,33,1.0219640207975722,34.74934440924613,4/4
force_rmse,7681819,480.3330078125,3494.7752187814017,0.2564755859535613,True,True,False,0.4212493896484375,0.4272918701171875,0.00604248046875,2.214433699783051,1.2063374960903572,-1.008096203692694,1276.347276266652,1441.8313468813753,1.673370917925732,0.5207522585951513,2.1463863501875764,1.625634091592425,0.3998015700246123,66.54041342428766,140.1181216348488,104.98738567823108,30.12111482274542,37.50630716088445,60.00000000000001,48.75315358044222,59.99999999999999,30.892015934974996,0.5170909344438234,1.8103275927277074,3.8901202570399622,1.32351426668371,34,1.008096203692694,45.52388286862946,4/4
force_rmse,4927430,106.99748992919922,1385.092631288304,0.0268308324864786,True,True,True,0.8271331787109375,0.3462371826171875,-0.48089599609375,2.762224888030992,1.7569286308731624,-1.0052962571578292,500.83692313724237,574.5461201819278,1.9518359688645046,0.6788627555770242,2.758626366637419,2.079763611060395,0.4086451439000336,0.8626206192892185,144.2254650819621,89.40725590435359,59.861472001656175,45.29637204782315,60.00000000000001,52.648186023911585,59.99999999999998,37.116283939044614,0.8680707936331903,0.8613386849771136,4.974597741362493,0.114858987703899,35,1.0052962571578292,36.394439189722846,4/4
force_rmse,5245998,46.172454833984375,1595.0611205690525,0.2916285221040365,True,False,False,0.2657947540283203,0.5665664672851562,0.3007717132568359,2.7834326458174123,1.794608712381755,-0.9888239334356576,566.5444680600634,662.1409404444267,1.356635710391742,0.6594179446519716,1.9748694086411642,1.3154514639891928,0.3568544736290194,59.404755637351386,142.90616396873008,95.36627238242096,32.01247968854727,42.31686380878953,60.0,51.15843190439477,60.00000000000001,21.410792631643584,0.6760510483042799,1.419109526528715,2.8634485600747683,0.5217409164386956,36,0.9888239334356576,35.525340802535176,4/4
force_rmse,7226035,237.6095428466797,2223.8996458537217,0.1710299115924121,True,True,False,1.9520111083984373,1.3279495239257812,-0.6240615844726562,6.966376241963079,5.98093873094688,-0.9854375110161993,803.6618690434434,918.825640878233,1.9900997973758316,0.5995377648682249,2.829811809389771,2.230274044521546,0.4259424429019885,21.683168914105313,141.4366987140854,86.4396127066786,57.22623995333517,46.7801936466607,60.00000000000001,53.39009682333034,60.0,20.42112004970866,0.9650048591148237,1.057640485776377,3.3037767812530063,0.49157543863483105,37,0.9854375110161993,14.14562574269617,4/4
force_rmse,7390365,-107.19558715820312,103.8542593870224,0.1315598123143349,False,False,False,0.5695343017578125,0.4316139221191406,-0.1379203796386718,8.136687570586144,7.155828949166425,-0.9808586214197188,45.86362615399541,77.6947255661248,1.5514261041698623,1.2652728194306797,1.765015519479102,0.49974270004842225,0.12478888089574146,44.28890498097392,161.07868195634785,107.41290539014943,37.30162623376225,36.29354730492528,60.0,48.146773652462635,60.00000000000001,24.293247461023903,0.596703993233454,1.2110508709285874,2.9893233533483965,0.4475333442819081,38,0.9808586214197188,12.054765688257348,4/4
force_rmse,5742632,-92.49906158447266,66.98426108154479,0.1246585300858435,False,False,False,1.3650169372558594,1.4159278869628906,0.0509109497070312,7.638053577776713,6.66755254895936,-0.9705010288173526,30.731710680353363,50.75455109151379,1.562583018483002,1.2386020824806485,1.8545410394664315,0.6159389569857829,0.17079585284020218,50.62530433284284,154.8359526119375,100.25231442023795,41.4379755112386,39.87384278988102,60.0,49.936921394940505,59.999999999999986,26.721925737007993,0.6431385671529395,1.1764691646451702,3.495131033256227,0.40577899995343486,39,0.9705010288173526,12.7061301539056,4/4
force_rmse,7408748,-32.6052131652832,254.1218732069276,0.1199462482981093,True,False,False,0.9568214416503906,0.5436344146728516,-0.413187026977539,3.4963262000293884,2.531318490433076,-0.9650077095963128,95.21151481626556,129.47295942024343,1.79607526719531,0.9539032903085389,2.747163051191489,1.79325976088295,0.35489419670439903,47.843913436608645,133.91232072454258,94.21001563210838,31.547768613551476,42.89499218394581,60.0,51.44749609197291,59.99999999999999,22.508824079046416,0.6970373063267762,1.2652698446604458,3.4773274144303428,0.6160679337817189,40,0.9650077095963128,27.60062003334247,4/4
force_rmse,3860223,-6.489269733428955,340.7454290884679,0.1243159988999767,True,False,False,0.7557449340820312,0.4608759880065918,-0.2948689460754394,2.6180203349374462,1.6581249663851283,-0.9598953685523176,124.19098566384014,165.57237380448743,2.1452941947338457,1.8108210133111717,2.8451502681772065,1.0343292548660348,0.19467490636567175,15.136571851762366,113.7786992331863,67.08062285513662,55.66539591166884,56.45968857243167,59.99999999999999,58.22984428621583,60.0,13.586394219439812,0.9201239009605696,0.5698759080243866,3.2405987208251243,0.4205878542988725,41,0.9598953685523176,36.66493173267323,4/4
force_rmse,6637811,219.48812866210935,2025.0118436698367,0.0130369341117972,True,True,True,0.6740875244140625,0.8829345703125,0.2088470458984375,5.396154202117158,4.4571905747084735,-0.9389636274086844,739.1495161686352,887.2958698392285,1.4070000687384754,0.6131023607983742,2.0925908281318355,1.4794884673334612,0.44182168662812316,16.31610855854985,84.62355989332022,61.81951044681262,52.51900714349566,59.09024477659369,59.99999999999999,59.54512238829684,60.0,26.74099557058824,0.970142733324916,0.9548289840413747,2.4901770691003278,0.017537022987515905,42,0.9389636274086844,17.40060777062831,4/4
force_rmse,5243017,-105.1043930053711,245.03040000040767,0.027818513693193,True,False,True,0.2417831420898437,0.2169761657714843,-0.0248069763183593,2.1485224743405253,1.2114523344605468,-0.9370701398799786,87.63196805448179,119.70655027839692,1.651264536422726,0.9527167832444527,2.194691525109632,1.2419747418651792,0.30556889414070193,9.851799574352262,104.85755508455881,66.64381507138468,53.40630843260458,56.67809246430766,60.00000000000001,58.339046232153834,60.00000000000001,24.63724722909509,0.9628108636047856,0.8544138412661488,2.4840772825951856,0.04561673832150837,43,0.9370701398799786,43.61463056920575,4/4
force_rmse,5939260,-33.56568908691406,456.8971896698649,0.2723614903296029,True,False,False,0.53631591796875,0.2466773986816406,-0.2896385192871094,2.945998546717883,2.0108991881555958,-0.9350993585622877,161.6120233960458,203.8953031146736,1.7305577868415651,0.8508560841288116,2.7941359179753342,1.9432798338465225,0.42352173968954493,52.362678078935346,143.3349389468292,103.5154299871101,36.40539193074058,38.24228500644495,60.0,49.12114250322248,60.000000000000014,29.29453074495004,0.5958655054137757,1.4364158534359615,4.462586467408932,1.1865438637490586,44,0.9350993585622877,31.74133808056611,4/4
force_rmse,3197133,1082.22265625,5338.031792995335,0.0804997553880812,True,True,False,0.6541748046875,1.2352294921875,0.5810546875,12.06000394487786,11.133370509287852,-0.9266334355900074,1936.9993536771958,2580.207050811268,1.4648978742842391,0.5051652289489924,2.9143889302111705,2.409223701262178,0.6953050968678546,80.13121118854518,161.9283761298168,108.4414199436319,29.55735185319276,35.77929002818408,60.00000000000002,47.88964501409203,60.00000000000001,32.0955422948155,0.7723232130336437,0.6535528654481799,3.9663003182137415,0.37357201061797674,45,0.9266334355900074,7.68352514497782,4/4
force_rmse,6085802,-47.85639190673828,85.0087136286763,0.2394560848486871,False,False,False,0.8592796325683594,0.9125118255615234,0.053232192993164,2.8937602887621847,1.9778296584852324,-0.9159306302769524,31.178691816187385,47.576498808168104,1.9977001522839155,1.1831984995642983,2.7774186639492013,1.594220164384903,0.31097362290706737,26.014359662042967,89.53750674529884,55.43551299377989,58.24810316785303,62.28224350311006,59.99999999999999,61.14112175155503,60.000000000000014,21.027105377902416,0.9681460936529769,1.4186943824491125,3.081868528666995,0.47258293074215146,46,0.9159306302769524,31.651917881171308,4/4
force_rmse,5390187,-35.38383102416992,81.88382403120401,0.0335292691623287,False,False,True,0.7292060852050781,0.7712669372558594,0.0420608520507812,3.893559458977379,2.983705307391332,-0.9098541515860474,36.34115030638119,61.598158899096475,2.0700120710285215,1.3889440259827988,2.443705216977571,1.0547611909947723,0.19798141328110255,21.501221886917072,149.14748630267962,79.49922348575696,55.164376353343705,50.25038825712151,59.99999999999999,55.12519412856074,60.00000000000001,30.562343614482565,0.8864150494021378,0.9726109739534997,4.598332998921519,0.12086315269526964,47,0.9098541515860474,23.368184335497865,4/4
force_rmse,4929913,222.22618103027344,1764.9189974584947,0.1169422004888241,True,True,False,0.2712936401367187,0.331085205078125,0.0597915649414062,5.211448622682804,4.306255395601989,-0.9051932270808152,632.6532183417778,722.6426476214945,1.8418327960012262,0.6419642761064461,2.625139321192621,1.9831750450861747,0.4132394994424823,40.311858391674626,145.2953783539322,104.88542684833921,44.92033437214262,37.55728657583038,60.0,48.778643287915195,60.0,30.403910365250212,0.7377561659151336,1.7560724559894183,4.7472986794181935,0.6023887607796832,48,0.9051932270808152,17.36932075164219,4/4
force_rmse,6626637,-17.204912185668945,288.6685830274664,0.3617988099903251,True,False,False,2.1713242530822754,1.7933568954467771,-0.377967357635498,4.1072672437568585,3.2037002555046143,-0.903566988252244,106.00562022033247,143.82429748080548,1.9053524994625275,0.9182319548319955,2.7523423463286245,1.834110391496629,0.35407138862072635,49.91776904352317,152.89224298581232,87.47152057555427,42.72650201106806,46.26423971222286,60.00000000000002,53.13211985611144,60.000000000000014,18.666756322312217,0.7853831726285609,1.790935946213379,3.594144689250043,1.1583849590046713,49,0.903566988252244,21.99922563173085,4/4
force_rmse,3721415,6.164205551147461,320.4464331907707,0.0872895736509295,True,False,False,1.0751676559448242,1.4623966217041016,0.3872289657592773,8.366573840818567,7.468626544033999,-0.8979472967845687,132.67948202687006,201.67927648149703,1.5733090626956456,1.055499831495266,2.1521034177874285,1.0966035862921626,0.3230284477061378,14.699521120046462,97.99208380186438,54.54551318858179,62.795128773099,62.72724340570912,60.00000000000001,61.36362170285455,60.0,28.953813218966744,0.9793649129483184,0.6782504152849979,2.753858912796948,0.10640449965132787,50,0.8979472967845687,10.732556884918564,4/4
force_rmse,7186408,-92.60343170166016,94.515867117778,0.0875408562611864,False,False,False,0.6995887756347656,0.8524398803710938,0.1528511047363281,2.798915112200951,1.9088246571955465,-0.8900904550054043,39.97436312903336,66.53586250535156,1.755508518015808,1.4357710657906289,2.4925517336791065,1.0567806678884777,0.24760951897709285,29.886643014756572,126.52460707110393,71.1379938132162,52.07764472307032,54.431003093391915,60.00000000000001,57.215501546695954,60.0,26.896730534733575,0.9411431158998501,0.9834507347696335,3.543048622910294,0.1542784839107252,51,0.8900904550054043,31.801266538072102,4/4
force_rmse,6833314,30.939165115356445,569.5900448489576,0.0822740899765105,True,False,False,0.1008157730102539,0.4502553939819336,0.3494396209716797,2.3430408537296183,1.462002192969639,-0.8810386607599794,216.07134369964592,307.4939783961652,1.600371664385493,0.9614899680489629,2.207431183747406,1.2459412156984428,0.3679555107524963,31.109154933341173,122.29267522881602,86.94907156982316,39.139139485689185,46.52546421508842,60.0,53.262732107544224,60.0,28.599107488674186,0.7318269831330018,0.5520879487063695,3.8157759031974066,0.30249673973387786,52,0.8810386607599794,37.60236017044068,4/4
force_rmse,4730613,265.702880859375,1761.637597027206,0.1856516581604702,True,True,False,0.362396240234375,0.3092803955078125,-0.0531158447265625,3.86822574400198,2.987467236228444,-0.8807585077735358,643.0660817108909,724.8255813895776,2.0205243752488147,0.6363470195879152,2.829322888784639,2.192975869196724,0.40994156868676807,37.76792982326615,134.90317150864357,88.2288284212246,40.640000327203566,45.8855857893877,60.00000000000001,52.942792894693845,60.0,21.776849314387857,0.7747669509058343,1.9111876264223995,4.468895501100092,1.0650857229986437,53,0.8807585077735358,22.76905656654678,4/4
force_rmse,3106375,347.6141052246094,2608.335820098651,0.0532652948803482,True,True,False,1.3870697021484375,0.82501220703125,-0.5620574951171875,4.282464962383802,3.412007568998684,-0.8704573933851183,951.4227462326754,1072.5143530127866,1.7255046139482895,0.5683720436522245,2.3511253394558085,1.7827532958035839,0.4044075938378875,18.22999234705126,81.6645475490878,46.921199423452265,66.25253156096542,66.53940028827385,60.0,63.26970014413693,60.0,20.181012215237548,1.0334327306650566,1.2688335121617327,2.620642889584144,0.08216458949321763,54,0.8704573933851183,20.32608324950742,4/4
force_rmse,5439508,-121.8640594482422,161.47445704343366,0.0701779061388664,False,False,False,0.449554443359375,0.4882316589355469,0.0386772155761718,2.1791730036266967,1.3089759464281028,-0.870197057198594,52.47985816360426,78.11686165582178,1.8304401915722033,1.4830273838610417,2.3691848981979224,0.8861575143368807,0.1988614837930275,16.91225297981095,114.13031435885243,66.51199996313132,54.6342215879963,56.74400001843433,60.00000000000001,58.37200000921717,60.0,20.34388779610021,0.998009098822356,0.7546993012068495,3.1385363882777204,0.09131384461096138,55,0.870197057198594,39.93244481968001,4/4
force_rmse,3679286,168.0447998046875,999.6505038869036,0.1082392602885695,True,True,False,0.9137649536132812,1.4135284423828125,0.4997634887695312,6.223267486976268,5.354400319919328,-0.8688671670569397,366.8028231126927,439.1533855422273,1.9352578996665109,0.7330604998809648,2.88911639771632,2.1560558978353552,0.4904243313712441,28.884290688656005,101.35572628713743,67.88510662296692,48.03078005848074,56.05744668851654,60.0,58.02872334425825,59.999999999999986,28.726615764411846,0.8505645092817676,0.7291874856015695,3.8836800287777256,0.5616709213450695,56,0.8688671670569397,13.961591219970217,4/4
force_rmse,6428665,-38.6040267944336,378.0523893915853,0.0054644061622916,True,False,True,0.4935150146484375,0.3787364959716797,-0.1147785186767578,2.637486900310642,1.7728186307025646,-0.8646682696080774,124.07272885511195,176.26642824329164,1.533236167718695,1.093942142563143,2.057906066665707,0.9639639241025642,0.2286001567130072,11.609434008680871,149.40980911315302,85.13812196714917,49.89429514178819,47.43093901642541,59.99999999999999,53.71546950821271,60.0,30.022838229051136,0.794155911893478,0.5625724661481266,3.3321757390179636,0.014352788646023696,57,0.8646682696080774,32.78379390268202,4/4
force_rmse,6746080,33.380008697509766,72.60061004960086,0.3260806906761784,False,False,False,0.9008655548095704,0.2640132904052734,-0.6368522644042969,2.0573801461149985,1.2138755940914383,-0.84350455202356,24.787266318322477,37.681114640463285,2.3636199807871416,1.09755427778675,2.9832299634492747,1.8856756856625247,0.3188255538670776,60.686094223948594,148.15071024012948,103.91231010397206,34.214445042187876,38.04384494801398,60.0,49.02192247400699,60.00000000000001,24.06489757991956,0.6203261689910733,2.7983394067904994,4.751520354921508,3.1697978803858704,58,0.84350455202356,40.9989643195678,4/4
force_rmse,6054803,-93.73323059082033,53.30787195269146,0.0592582799196728,False,False,False,1.3349151611328125,1.2811431884765625,-0.05377197265625,5.902356191425033,5.0611083772370975,-0.8412478141879358,26.066545698568568,44.65721907427475,1.7893945027335936,1.2903181340706515,2.113659130581185,0.8233409965105336,0.1885655300484721,19.88860628308552,138.7519382610094,95.15392124171899,53.67866794972278,42.4230393791405,59.99999999999999,51.21151968957025,60.0,22.97022538334301,0.8177621397085765,0.910415203492395,3.6309818401386535,0.1679803478099234,59,0.8412478141879358,14.252745630805949,4/4
force_rmse,6690063,-62.93105316162109,252.44221524021543,0.1569529815594023,True,False,False,0.5638179779052734,0.1952075958251953,-0.3686103820800781,2.365080339588507,1.5291366779452504,-0.8359436616432565,94.86036810066864,136.57412509899626,1.6546165429661375,0.9277129669362479,2.5251662395595402,1.5974532726232922,0.4366888442547118,27.899455869164072,127.63036916316145,86.490875237503,42.879736803414644,46.75456238124849,60.00000000000001,53.377281190624245,59.99999999999999,27.68073795677022,0.7938654917620929,1.6630249356739775,3.7197673494603687,0.5050609683863488,60,0.8359436616432565,35.34525435143145,4/4
force_rmse,4003078,-78.96516418457031,110.02619166560508,0.0649546996353205,False,False,False,1.522003173828125,2.22110366821289,0.6991004943847656,3.436269626926886,2.61158951129824,-0.824680115628647,41.48076770562648,57.87768637730467,1.7046960004038372,1.0289207019345565,2.4923070608357105,1.463386358901154,0.37047753304239917,20.38324584063824,154.26349980803457,105.19159966921573,57.88769291533271,37.40420016539213,60.00000000000001,48.702100082696056,59.99999999999999,36.149829602105065,0.8211350653805107,1.268630676855607,4.458905758574727,0.16543282434745965,61,0.824680115628647,23.99928425774237,4/4
force_rmse,6583628,180.7514190673828,2073.6143810897984,0.3941277537202286,True,True,False,0.4904937744140625,0.3294677734375,-0.1610260009765625,2.9816283902883898,2.1575938268739616,-0.8240345634144282,748.904836051538,856.4492085740549,1.486607053217379,0.6069196676645804,2.474524388116755,1.8676047204521744,0.4835514458474875,35.91024752204588,119.90810047844141,82.32032663358355,38.2752142258965,48.83983668320823,60.00000000000001,54.41991834160411,59.99999999999999,20.354077809361385,0.7463559812352114,1.4401178794539218,2.9639554974387328,0.7954005021503846,62,0.8240345634144282,27.63706456842282,4/4
force_rmse,5878635,481.6501159667969,3839.1910485816647,0.2849994824025522,True,True,False,0.359893798828125,0.26239013671875,-0.097503662109375,2.0936127028887968,1.2757904141585108,-0.817822288730286,1389.022304516623,1553.3934504893853,1.698020079151824,0.5074212546896113,2.807207950443637,2.299786695754026,0.5325577272662535,59.34468702498184,135.39450568827635,107.88667701609295,23.703676861732816,36.05666149195354,60.0,48.028330745976774,60.000000000000014,28.545871661994358,0.6249557823321816,1.498821618465119,4.036499212173758,1.4702843935821068,63,0.817822288730286,39.06273054237028,4/4
force_rmse,4923829,-40.61795425415039,105.02363800951576,0.1349906103856288,False,False,False,0.7213134765625,0.6340618133544922,-0.0872516632080078,3.247246818664666,2.4310130068006965,-0.8162338118639694,41.337725837105005,66.16403903840248,1.8176275294615098,1.179060523253621,2.8543878380711387,1.6753273148175176,0.3524772632140041,38.71201286223475,142.25774779314983,101.72426914898045,33.49232766985694,39.13786542550978,60.0,49.56893271275489,60.00000000000001,27.80979895069669,0.6005439621536749,0.8901417853617893,4.167289642399748,0.8716281464224797,64,0.8162338118639694,25.13618019955814,4/4
force_rmse,7172841,-95.34521484375,113.15094007137134,0.3180536225882405,False,False,False,0.4343452453613281,0.3281173706054687,-0.1062278747558593,2.0576882955203124,1.2465242843749298,-0.8111640111453826,53.003583390185426,84.9742037628921,1.8649505967149458,1.3986807074571108,2.8765258631245256,1.4778451556674148,0.3160906610511638,42.967405231840786,126.65325975226916,105.57224331912334,29.148601273425015,37.21387834043834,60.00000000000001,48.60693917021917,59.99999999999999,26.836639450738335,0.5482599539641247,2.022037695369652,3.859585296319185,1.7690363521900414,65,0.8111640111453826,39.42113161217499,4/4
force_rmse,4651451,339.7152709960937,2341.736931594005,0.2611077416754837,True,True,False,0.08697509765625,0.25628662109375,0.1693115234375,3.572837809361447,2.7653788007427504,-0.8074590086186966,849.7181097070257,960.7531825511663,1.8720594632780243,0.5905550667815231,2.583158364073332,1.9926032972918089,0.40633150285827563,36.42812006128738,166.08640275033488,99.59461303970473,42.10119381443714,40.20269348014763,59.99999999999999,50.10134674007383,60.0,28.922102959737362,0.6017009462043124,2.119955047414967,4.397718034634382,1.6185981542770076,66,0.8074590086186966,22.59993460948649,4/4
force_rmse,5052558,6.134542465209961,80.743141103265,0.1173595116177314,False,False,False,0.4864671230316162,0.1964573860168457,-0.2900097370147705,1.8145398532429868,1.0139808128620609,-0.800559040380926,31.130482146437107,47.412198849601936,2.198662192239081,1.1457520212256656,2.967478062688064,1.8217260414623984,0.332691700971813,56.72648766131562,165.6984975602317,112.05765967809198,37.25706730907387,33.971170160953996,60.0,46.985585080476994,59.99999999999999,30.038133676226956,0.6433034257994357,2.495140324843876,5.569082502688273,1.244012222363964,67,0.800559040380926,44.11912138221426,4/4
force_rmse,6858937,-105.75398254394533,192.41943491311767,0.1002283373825006,True,False,False,0.8292236328125,0.8799247741699219,0.0507011413574218,6.859073754051893,6.059423998566913,-0.79964975548498,61.96617740413145,93.99587799319934,1.428609422955722,1.181942767178518,1.5548151191249997,0.3728723519464816,0.10197978767108834,34.222241089162,147.67112962720705,103.98201319899806,44.2870027281711,38.00899340050096,60.0,49.004496700250485,60.00000000000001,25.18309329198542,0.6770868171362676,0.8516778796759189,2.878788732014925,0.22551270835275847,68,0.79964975548498,11.658276090304453,4/4
force_rmse,5415714,-39.46297454833984,107.24194902920809,0.3141490366851066,False,False,False,0.3421897888183594,0.4502544403076172,0.1080646514892578,3.1543477800859927,2.3598984868835475,-0.7944492932024452,48.10286281821522,77.39017244589816,1.9729308541986292,1.548047283374177,2.994073404743527,1.44602612136935,0.30036092542273934,51.61555687342392,150.9254273265684,87.29878072889504,41.55268958080248,46.35060963555248,60.0,53.17530481777624,59.99999999999999,18.277991308444985,0.7350905325295571,1.5338616228705422,3.317755247501153,1.3125036464389976,69,0.7944492932024452,25.185849772747225,4/4
force_rmse,5721213,35.75437927246094,1171.7368953564508,0.2428593082119396,True,False,False,0.1275081634521484,1.1791839599609375,1.051675796508789,2.8645823734900477,2.074201541110132,-0.7903808323799151,403.1215355631637,482.7596207617315,1.576558658743579,0.7208774966251513,2.592273979403039,1.8713964827778877,0.43588357566831565,38.97860027699073,143.70032153614557,101.70851765100313,34.22114463127231,39.14574117449843,60.0,49.57287058724921,59.99999999999999,26.1964580082822,0.6622764507141367,1.093954394052368,3.2501733120513965,0.847849475198511,70,0.7903808323799151,27.591485575503253,4/4
force_rmse,4484261,-58.24106216430664,96.4954633464316,0.0852720566041881,False,False,False,0.4598655700683594,0.2396697998046875,-0.2201957702636718,2.6974439781728354,1.925677156527516,-0.7717668216453193,36.57342936872119,57.8025816401874,2.0043409464406583,1.1933799291890552,2.606077243650067,1.412697314461012,0.2941936443038506,9.099134115140169,152.25240942451182,82.71080821704068,61.42991832234663,48.64459589147969,60.0,54.32229794573984,60.0,30.43237803317096,0.8223025668741423,0.9736945569369445,4.570054750291043,0.38036419637377034,71,0.7717668216453193,28.61104170801316,4/4
force_rmse,7486546,-51.7744026184082,116.60136626790036,0.1884099984588489,False,False,False,1.0773200988769531,0.308837890625,-0.7684822082519531,4.971880048118387,4.202457876905591,-0.7694221712127964,44.08821643097542,69.35382879130343,1.801733797720089,1.0505637940362906,2.495801220566249,1.4452374265299583,0.294830794046064,48.89653407577849,145.20520350404502,91.05377722491761,39.9918886799839,44.473111387541195,60.0,52.236555693770605,60.000000000000014,23.558406280450594,0.7461586128544787,1.558739142651123,3.9690277004035845,0.6921989834802988,72,0.7694221712127964,15.475477359997551,4/4
force_rmse,7216338,-70.12883758544922,94.93376001582828,0.0598982123602014,False,False,False,0.2224006652832031,0.5203208923339844,0.2979202270507812,4.8166314201419,4.050769797596426,-0.765861622545474,41.34917113664857,65.1641405286363,1.8717032046810695,1.0601871874243873,2.960447151450235,1.9002599640258475,0.3825241429013296,57.50924565595826,129.77801925271734,93.47346701470916,33.581499828626505,43.26326649264545,60.0,51.63163324632273,60.0,29.42165364929776,0.7678093954257923,1.9143816647426888,4.440169947041212,0.3384902827333554,73,0.765861622545474,15.900357651258922,4/4
force_rmse,5967700,-7.50933027267456,94.54105901698988,0.3771655234691305,False,False,False,0.852259635925293,0.6610989570617676,-0.1911606788635254,5.079540515119152,4.316236407956708,-0.763304107162444,43.05276513779716,72.01392944808575,1.9805585771337886,1.382873505455198,2.4081642601848943,1.0252907547296963,0.19478448560850953,61.77653582507059,167.30367962565157,101.84271655044616,38.43011567997495,39.078641724776936,60.0,49.53932086238847,60.00000000000001,21.500615613715553,0.5848956180631044,2.1349257266258284,3.464689823896175,1.926954159090467,74,0.763304107162444,15.02703059244206,4/4
force_rmse,5884342,56.65425109863281,717.7880439642903,0.1121149478413404,True,True,False,0.3147201538085937,0.1987380981445312,-0.1159820556640625,2.112821628622174,1.3524057587477376,-0.7604158698744365,252.76760436441936,303.3851691031274,1.8986739528830237,0.8025511303856033,2.9296539319550328,2.1271028015694293,0.400899822685867,23.95830631846968,130.38193593023476,98.57162835247198,36.652040798885274,40.71418582376402,60.0,50.35709291188201,60.00000000000001,30.002602426936257,0.6394779156417001,1.3961608921599669,3.843541096646716,0.80560242693161,75,0.7604158698744365,35.99053794097723,4/4
force_rmse,7106518,-14.057672500610352,123.8004908664921,0.2951935447761493,False,False,False,0.4220700263977051,0.2039103507995605,-0.2181596755981445,2.435071058919185,1.683344221825558,-0.7517268370936268,45.25461378618081,72.13783335581209,2.000269898679035,1.7514881537483822,2.3830150331083813,0.6315268793599991,0.12325279395657758,51.13208059577339,143.1470410422139,84.0388606052956,40.05287821231766,47.98056969735222,60.00000000000001,53.990284848676104,59.99999999999999,19.485235796454482,0.7398275753888166,1.6811443853565649,3.991294276828088,1.0513472989686488,76,0.7517268370936268,30.87083780738963,4/4
force_rmse,4939165,-88.06364440917969,214.87872061352329,0.1662758799865483,True,False,False,0.467437744140625,0.3608779907226562,-0.1065597534179687,1.7108563888551824,0.9607526426742314,-0.750103746180951,75.9691328527128,102.45215007036913,1.7126067588600005,0.9723028689632808,2.2057613634237634,1.2334584944604825,0.2987417381719944,25.26582485710883,155.79132283462502,93.46510341032626,45.81429961716214,43.26744829483687,60.00000000000002,51.63372414741844,60.0,25.978007820929307,0.7068280640832383,1.0363541600812394,3.8718536817789486,0.6194645417398142,77,0.750103746180951,43.84375866187588,4/4
force_rmse,5971661,-35.96399688720703,138.7860636805384,0.103170564446545,False,False,False,0.425607681274414,0.2250213623046875,-0.2005863189697265,2.773145248478747,2.025111529884768,-0.7480337185939789,46.19546318301213,67.45749758851096,1.8791287079902559,1.0011113343148526,2.6651352696355706,1.664023935320718,0.3466003069621778,27.23400013140017,129.04513519180503,73.54082332579488,48.510296587331425,53.22958833710256,59.99999999999999,56.61479416855128,60.0,28.34551655172013,0.8522809996666998,1.5498984501133894,3.703905443504713,0.38949254823388246,78,0.7480337185939789,26.974199025612695,4/4
force_rmse,4699567,152.1472625732422,1354.6719120971638,0.0652945957353173,True,True,False,1.024444580078125,0.9242095947265624,-0.1002349853515625,5.737341453940845,4.995096440663241,-0.7422450132776035,495.7122218365151,583.3998811483293,2.0274221467268836,0.6794208419452527,2.961994654533075,2.2825738125878225,0.4121535876942862,12.46335245866068,146.8950170482154,92.16197892753549,54.745047362989695,43.91901053623224,60.00000000000003,51.959505268116125,60.00000000000001,28.34654911165302,0.8424809800782544,1.1669595660967715,4.933050197238465,0.3336013166910701,79,0.7422450132776035,12.937089752044876,4/4
force_rmse,7235923,-21.115650177001957,102.3177747981786,0.5126678867528349,False,False,False,0.5402469635009766,0.7303056716918945,0.1900587081909179,1.837203860011976,1.1106533728513437,-0.7265504871606323,43.324746076519766,69.75463243749175,2.0804827256258114,1.4811895087836737,2.804578874453398,1.3233893656697242,0.2429378884783046,50.712339699870434,133.1513747781164,78.19339804469625,42.11446002505262,50.90330097765187,60.0,55.45165048882595,60.00000000000001,12.798024080095365,0.762403178225644,2.1905932104142827,3.433327378377776,1.6384199461055802,80,0.7265504871606323,39.54653606899653,4/4
force_rmse,3823529,-75.51155090332031,114.5542850629306,0.1638354756210327,False,False,False,0.5655288696289062,0.409149169921875,-0.1563796997070312,2.667104186396651,1.944094247112151,-0.7230099392845002,54.183000289251524,87.18252590642797,1.8984105439731005,1.4192316486993888,2.9884313662073905,1.5691997175080017,0.3358335589199369,32.56419040004822,174.00000948082635,96.30151846020765,44.615149439842085,41.8492407698962,60.0,50.9246203849481,59.99999999999999,25.379138383489735,0.7499190299666262,1.806281896981932,3.69518982408421,0.7683297522945544,81,0.7230099392845002,27.108425046616247,4/4
force_rmse,4535553,399.0873718261719,3241.736841814944,0.1167806565100882,True,True,False,0.5638885498046875,0.482330322265625,-0.0815582275390625,4.3278862607205095,3.608808763506902,-0.7190774972136076,1173.800347620703,1328.905352939113,1.827817548763501,0.5335013912241371,2.6977697312738282,2.1642683400496914,0.4348214601606149,17.565976356661977,134.8019705115037,79.47494145621067,49.74993427161883,50.262529271894664,60.0,55.13126463594733,60.00000000000001,13.020322728676431,0.9315274748386841,0.9473301910727883,3.010834875133465,0.33811818086839146,82,0.7190774972136076,16.61498139957807,4/4
force_rmse,5664650,-71.91605377197266,101.57484855905427,0.1565677654218616,False,False,False,0.6280403137207031,0.3228187561035156,-0.3052215576171875,8.69594919313652,7.981911292599564,-0.7140379005369564,36.46766483183096,58.1515885462142,1.728530227254946,1.2127491731992797,2.425446764801707,1.2126975916024272,0.2535844892890424,28.433680009976808,151.0407147840061,86.66983146083301,49.70615891538594,46.6650842695835,60.00000000000001,53.33254213479176,60.00000000000002,20.108324405703524,0.8030085728708167,0.8050085043789741,2.7760228128455906,0.4293836556137604,83,0.7140379005369564,8.21115538601039,4/4
force_rmse,3228653,-16.4523868560791,96.21836808414322,0.1836090528747631,False,False,False,0.1801013946533203,0.303110122680664,0.1230087280273437,2.192987247002996,1.4828218204198294,-0.7101654265831665,33.928749200606624,54.36342494356363,2.115354738989004,1.4865612341592818,2.773604112637914,1.287042878478632,0.21597630966508613,28.26751109062883,74.60878120639053,46.11447130313827,65.25717699787296,66.94276434843088,59.99999999999999,63.47138217421543,59.99999999999999,26.56631767052516,1.0434366501929584,1.0195746972863755,3.026992024478631,0.27339445787103117,84,0.7101654265831665,32.38347270617741,4/4
force_rmse,4002319,-38.03743362426758,82.29212218991809,0.0762283822015807,False,False,False,0.2106857299804687,0.4562358856201172,0.2455501556396484,2.7858836575347645,2.084581247290048,-0.701302410244717,38.05713859278097,63.99463171431969,1.8876903796325422,1.4397028783212753,2.2630340488564613,0.823331170535186,0.1716332385090548,8.148386107804221,137.66200885878126,70.85098964130941,55.55159331147575,54.5745051793453,60.0,57.28725258967264,59.99999999999999,27.41425024438512,0.8878515892889038,0.7227546969899409,3.7281032602392403,0.2102342874662095,85,0.701302410244717,25.17342776852718,4/4
force_rmse,7129775,-42.84576797485352,486.3127003350816,0.0181224740935388,True,False,True,0.2429981231689453,0.5052757263183594,0.262277603149414,2.471287045191157,1.7700005652335131,-0.7012864799576435,171.72514484605466,227.79583039690192,1.835527869372427,0.8436147738515881,2.9111485260589687,2.0675337522073804,0.40270291085125043,13.612861155644302,88.21701779901623,66.03752027207436,49.98546948770678,56.98123986396282,60.0,58.490619931981406,60.0,22.143993719856628,0.978692731375448,1.3637483163230621,3.0729066761231167,0.048438005035513494,86,0.7012864799576435,28.37737855350584,4/4
force_rmse,4825348,441.59613037109375,3227.191176267081,0.2215042075825782,True,True,False,0.457855224609375,0.3621063232421875,-0.0957489013671875,2.343256574376369,1.6491094291317605,-0.6941471452446084,1176.1592014999521,1323.864803558244,1.8485678591177503,0.5339306062746851,2.8061061564482266,2.2721755501735412,0.4810056275315933,18.839816268832458,111.6073531465749,72.46913263693193,49.84534885525195,53.76543368153404,60.00000000000001,56.882716840767024,60.0,26.986194160236945,0.8263158138440907,1.63552608581614,3.5910133143614633,0.8903258342625868,87,0.6941471452446084,29.6231813807819,4/4
force_rmse,7526801,33.05997467041016,971.4198292569008,0.2257442065027556,True,False,False,0.5747013092041016,0.1925773620605468,-0.3821239471435547,2.2014750223645287,1.507337345029944,-0.6941376773345849,325.99675691845266,401.4847496930305,1.6533680856010153,0.7620685929649087,2.1879836316868615,1.4259150387219528,0.32407713981248104,65.54751488625023,151.40167628596748,106.46303593870795,34.664748049779945,36.76848203064603,60.00000000000001,48.38424101532302,60.0,24.289378724145806,0.6361955688418475,1.9847215562540155,3.5086065014323453,0.8489360633169133,88,0.6941376773345849,31.53057246995405,4/4
force_rmse,6426461,292.3011474609375,1819.6144996364708,0.3465882828722276,True,True,False,0.373687744140625,0.4836883544921875,0.1100006103515625,3.406433900862928,2.715156837849997,-0.6912770630129312,663.0599723847746,744.5803015843428,2.0965499432859502,0.6321527511747554,2.698105219829076,2.0659524686543205,0.40579627393366413,17.0457070032668,112.19866014290544,81.3137065638782,41.9824349289233,49.34314671806092,60.00000000000001,54.67157335903047,60.00000000000001,22.468390829979548,0.6818296613637123,1.841618837249635,3.992620300583929,2.1989042476939114,89,0.6912770630129312,20.293276873442775,4/4
force_rmse,7683393,41.50943374633789,68.10627253724606,0.1388690085614378,False,False,False,0.3306865692138672,0.648406982421875,0.3177204132080078,3.139732210493303,2.4554333240513246,-0.6842988864419786,28.809954221368436,46.83191282550319,2.2386483705116103,1.6856639376923452,2.826522568707264,1.140858631014919,0.2001246114683126,54.74425332389128,159.2600507998678,112.52060017927208,43.66924617260932,33.739699910363974,59.99999999999999,46.869849955181984,59.99999999999999,26.787311893486308,0.6005313746846015,2.0527350603110492,4.38768745564267,1.4591641567139177,90,0.6842988864419786,21.7948169004663,4/4
force_rmse,6283812,75.75304412841797,1134.6365792998467,0.0617225587661382,True,True,False,1.7686843872070312,1.2177009582519531,-0.5509834289550781,5.294696334829936,4.611870289419588,-0.6828260454103479,414.58445523561176,480.8673404984379,1.6864433424669054,0.7079222622487283,2.7871772317496086,2.07925496950088,0.45915614516232717,29.81395377583492,126.94108202359676,74.3366670104268,47.355451341796616,52.83166649478661,59.99999999999999,56.4158332473933,60.0,25.217807312254973,0.920604481178299,1.05526738461076,3.1283153456683683,0.16701480971736568,91,0.6828260454103479,12.896415624792956,4/4
force_rmse,4381352,-68.17605590820312,95.45058768310405,0.0891096313405948,False,False,False,0.6159095764160156,0.98260498046875,0.3666954040527344,2.6376069263681874,1.963740134255862,-0.6738667921123254,31.001051268263208,44.286145229297475,1.9843717863973271,1.4787521988507557,2.864004422444664,1.3852522235939084,0.26646163912977927,14.550967974430407,74.48570751582983,40.08257535193835,71.86964280802447,69.95871232403083,60.0,64.97935616201542,60.00000000000001,26.156980486738536,1.1020282733085696,0.9363681936534703,2.1810386458226243,0.091615461565135,92,0.6738667921123254,25.54841608033673,4/4
force_rmse,4507162,-55.725074768066406,119.22884809407508,0.1384073963241225,False,False,False,0.2942142486572265,0.1845226287841797,-0.1096916198730468,1.4861600794644216,0.823749587866948,-0.6624104915974737,41.379010437406436,63.42162661711124,1.9471004933868596,1.2140287735843684,2.910299848706791,1.6962710751224224,0.3324551689876608,69.56714431016371,162.48412625981817,114.32175224869822,36.54994239593619,32.83912387565088,60.0,46.41956193782544,60.0,31.148482557067556,0.6007984629341799,2.2767698891833628,4.9886104121405035,1.0785176227220619,93,0.6624104915974737,44.57194758159507,4/4
force_rmse,3311161,-15.271842002868652,422.904724869198,0.2451568008248547,True,False,False,0.4345026016235351,0.4928903579711914,0.0583877563476562,2.685479979765114,2.0264100741976585,-0.6590699055674554,158.67431140870306,216.12093821024914,1.8873827976134374,0.8657233454214914,2.442050172799704,1.5763268273782125,0.32774247183412764,29.08787090186336,163.08981658844795,100.83219034407115,53.183621528502734,39.58390482796442,60.00000000000001,49.791952413982195,60.0,26.030772057099234,0.7740558682632155,1.2039867045546868,3.267203198405324,0.9226740942915317,94,0.6590699055674554,24.541977990284668,4/4
force_rmse,6564855,-8.35716438293457,58.128517445744016,0.1003974198388875,False,False,False,0.4524788856506347,0.4383037090301513,-0.0141751766204833,3.2333682221565234,2.575077804556733,-0.6582904175997899,26.932154054438445,46.03293809868411,2.1065075444106753,1.464971727774172,2.9857236862269185,1.5207519584527465,0.26440619278426036,39.069815733096966,158.53860681006788,94.47910464398605,48.34211481309716,42.76044767800698,60.00000000000001,51.38022383900349,60.00000000000001,22.492727874993918,0.7559717189333179,1.3382528451594229,3.8334860925479277,0.6533655587724085,95,0.6582904175997899,20.35927776765052,4/4
force_rmse,7310038,-96.94866180419922,309.0470813670647,0.0497464309989808,True,False,False,0.5670700073242188,0.4001617431640625,-0.1669082641601562,1.851724734695432,1.1978222257933413,-0.6539025089020907,114.5415765410263,157.72393515192036,1.4826831316548006,0.920487835264238,1.9321264661338953,1.0116386308696572,0.2568809603417685,54.59265342865963,119.96009508767155,89.5267877596229,34.28289678173025,45.23660612018853,59.99999999999999,52.61830306009426,60.000000000000014,22.070197275314037,0.7720804010356096,1.4136227479875507,3.0259645627388885,0.11987634087528014,96,0.6539025089020907,35.313159491259015,4/4
force_rmse,7372042,265.90679931640625,1617.0153411817057,0.2110714505474043,True,True,False,0.2296142578125,0.429046630859375,0.199432373046875,2.185367043730407,1.5321279398418262,-0.653239103888581,589.1590340924201,662.6212921164267,2.230443517922966,0.6514855889103016,2.8736959996162508,2.2222104107059493,0.41150734433637287,14.27626767416661,128.60754004223168,82.81397921476838,48.832195155258276,48.59301039261583,59.99999999999999,54.29650519630792,60.00000000000001,26.7111083171577,0.7162199313731503,1.9615035898376383,4.795542690518545,1.8531622223993065,97,0.653239103888581,29.89150521705984,4/4
force_rmse,4130961,-4.923003196716309,268.1453574135194,0.1096114802081589,True,False,False,2.1093716621398926,2.157038688659668,0.0476670265197753,3.2387905473170755,2.587561059301981,-0.651229488015094,88.92082900207545,117.27841641620572,1.8269779466215832,0.9309526914464988,2.5438033021273316,1.612850610680833,0.33725104137280315,43.76248028286318,163.26591575339572,90.82352628686868,41.94707832542541,44.58823685656565,60.0,52.294118428282836,60.0,32.50340824795617,0.7517543552523217,1.1389255452456117,4.7146967295903295,0.47877533602814876,98,0.651229488015094,20.107181322810597,4/4
force_rmse,4099665,-16.948505401611328,913.679648584844,0.0804530899932166,True,False,False,0.4563674926757812,0.7688703536987305,0.3125028610229492,2.3981994887989724,1.7495456985872302,-0.6486537902117422,331.064808257837,401.63614630636516,1.452750346174129,0.7485825871531218,1.9767892696465168,1.228206682493395,0.30600119347130844,43.57057772657957,128.61350273786798,93.35771251825383,36.03763825619762,43.321143740873076,60.0,51.66057187043654,60.00000000000001,19.82428953142802,0.7876098407973223,1.3507425901079864,2.9986344707249577,0.1732681025930557,99,0.6486537902117422,27.047532669460725,4/4
force_rmse,4050322,-46.38108444213867,266.81699698070554,0.0965757521736208,True,False,False,0.4489269256591797,0.440347671508789,-0.0085792541503906,4.319055313423654,3.675817052001693,-0.6432382614219607,95.83018022493107,144.4476243567437,1.6002525004936745,1.0963429173775825,2.577559743974162,1.4812168265965797,0.35945175789114564,32.08371330965092,165.27789911064662,105.6752631549691,45.214004778888544,37.16236842251544,59.99999999999999,48.581184211257714,59.999999999999986,25.191478074295105,0.688111751002176,0.7065828189857802,3.3046201243549467,0.38256596148625754,100,0.6432382614219607,14.89303134004262,4/4
